cash,date,equity,future_expiry,future_mark,future_qty,margin_headroom,margin_required,option_expiry,option_mark,option_qty,option_strike,option_type,recovery_basis,spot
20000000.0,2020-01-01,20000000.0,,0,0,20000000.0,0.0,,0,0,,,0.0,12182.5
20018456.8416375,2020-01-02,19999913.0916375,,0,0,94706.84163749963,19923750.0,2020-01-30,10.75,1725,11550.0,put,0.0,12282.2
20018456.8416375,2020-01-03,20012160.5916375,,0,0,94706.84163749963,19923750.0,2020-01-30,3.65,1725,11550.0,put,0.0,12226.65
20018456.8416375,2020-01-06,19969208.0916375,,0,0,94706.84163749963,19923750.0,2020-01-30,28.55,1725,11550.0,put,0.0,11993.05
20018456.8416375,2020-01-07,19964291.8416375,,0,0,94706.84163749963,19923750.0,2020-01-30,31.4,1725,11550.0,put,0.0,12052.95
20018456.8416375,2020-01-08,19937726.8416375,,0,0,94706.84163749963,19923750.0,2020-01-30,46.8,1725,11550.0,put,0.0,12025.35
20018456.8416375,2020-01-09,19987493.0916375,,0,0,94706.84163749963,19923750.0,2020-01-30,17.95,1725,11550.0,put,0.0,12215.9
20018456.8416375,2020-01-10,20008193.0916375,,0,0,94706.84163749963,19923750.0,2020-01-30,5.95,1725,11550.0,put,0.0,12256.8
20018456.8416375,2020-01-13,19995600.5916375,,0,0,94706.84163749963,19923750.0,2020-01-30,13.25,1725,11550.0,put,0.0,12329.55
20018456.8416375,2020-01-14,20016559.3416375,,0,0,94706.84163749963,19923750.0,2020-01-30,1.1,1725,11550.0,put,0.0,12362.3
20018456.8416375,2020-01-15,20009573.0916375,,0,0,94706.84163749963,19923750.0,2020-01-30,5.15,1725,11550.0,put,0.0,12343.3
20018456.8416375,2020-01-16,20007330.5916375,,0,0,94706.84163749963,19923750.0,2020-01-30,6.45,1725,11550.0,put,0.0,12355.5
20018456.8416375,2020-01-17,20009228.0916375,,0,0,94706.84163749963,19923750.0,2020-01-30,5.35,1725,11550.0,put,0.0,12352.35
20018456.8416375,2020-01-20,20007589.3416375,,0,0,94706.84163749963,19923750.0,2020-01-30,6.3,1725,11550.0,put,0.0,12224.55
20018456.8416375,2020-01-21,20010176.8416375,,0,0,94706.84163749963,19923750.0,2020-01-30,4.8,1725,11550.0,put,0.0,12169.85
20018456.8416375,2020-01-22,20008193.0916375,,0,0,94706.84163749963,19923750.0,2020-01-30,5.95,1725,11550.0,put,0.0,12106.9
20018456.8416375,2020-01-23,20012764.3416375,,0,0,94706.84163749963,19923750.0,2020-01-30,3.3,1725,11550.0,put,0.0,12180.35
20018456.8416375,2020-01-24,20014834.3416375,,0,0,94706.84163749963,19923750.0,2020-01-30,2.1,1725,11550.0,put,0.0,12248.25
20018456.8416375,2020-01-27,20014661.8416375,,0,0,94706.84163749963,19923750.0,2020-01-30,2.2,1725,11550.0,put,0.0,12119.0
20018456.8416375,2020-01-28,20015093.0916375,,0,0,94706.84163749963,19923750.0,2020-01-30,1.95,1725,11550.0,put,0.0,12055.8
20018456.8416375,2020-01-29,20017421.8416375,,0,0,94706.84163749963,19923750.0,2020-01-30,0.6,1725,11550.0,put,0.0,12129.5
20018456.8416375,2020-01-30,20018456.8416375,,0,0,20018456.8416375,0.0,,0,0,,,0.0,12035.8
20102325.8511175,2020-01-31,20018145.8511175,,0,0,437325.8511174992,19665000.0,2020-02-27,48.8,1725,11400.0,put,0.0,11962.1
20102325.8511175,2020-02-03,19972864.6011175,,0,0,437325.8511174992,19665000.0,2020-02-27,75.05,1725,11400.0,put,0.0,11707.9
20102325.8511175,2020-02-04,20058424.6011175,,0,0,437325.8511174992,19665000.0,2020-02-27,25.45,1725,11400.0,put,0.0,11979.65
20102325.8511175,2020-02-05,20073087.1011175,,0,0,437325.8511174992,19665000.0,2020-02-27,16.95,1725,11400.0,put,0.0,12089.15
20102325.8511175,2020-02-06,20082833.3511175,,0,0,437325.8511174992,19665000.0,2020-02-27,11.3,1725,11400.0,put,0.0,12137.95
20102325.8511175,2020-02-07,20082402.1011175,,0,0,437325.8511174992,19665000.0,2020-02-27,11.55,1725,11400.0,put,0.0,12098.35
20102325.8511175,2020-02-10,20080504.6011175,,0,0,437325.8511174992,19665000.0,2020-02-27,12.65,1725,11400.0,put,0.0,12031.5
20102325.8511175,2020-02-11,20086542.1011175,,0,0,437325.8511174992,19665000.0,2020-02-27,9.15,1725,11400.0,put,0.0,12107.9
20102325.8511175,2020-02-12,20089302.1011175,,0,0,437325.8511174992,19665000.0,2020-02-27,7.55,1725,11400.0,put,0.0,12201.2
20102325.8511175,2020-02-13,20092665.8511175,,0,0,437325.8511174992,19665000.0,2020-02-27,5.6,1725,11400.0,put,0.0,12174.65
20102325.8511175,2020-02-14,20091717.1011175,,0,0,437325.8511174992,19665000.0,2020-02-27,6.15,1725,11400.0,put,0.0,12113.45
20102325.8511175,2020-02-17,20091027.1011175,,0,0,437325.8511174992,19665000.0,2020-02-27,6.55,1725,11400.0,put,0.0,12045.8
20102325.8511175,2020-02-18,20091803.3511175,,0,0,437325.8511174992,19665000.0,2020-02-27,6.1,1725,11400.0,put,0.0,11992.5
20102325.8511175,2020-02-19,20095770.8511175,,0,0,437325.8511174992,19665000.0,2020-02-27,3.8,1725,11400.0,put,0.0,12125.9
20102325.8511175,2020-02-20,20099220.8511175,,0,0,437325.8511174992,19665000.0,2020-02-27,1.8,1725,11400.0,put,0.0,12080.85
20102325.8511175,2020-02-24,20084385.8511175,,0,0,437325.8511174992,19665000.0,2020-02-27,10.4,1725,11400.0,put,0.0,11829.4
20102325.8511175,2020-02-25,20096547.1011175,,0,0,437325.8511174992,19665000.0,2020-02-27,3.35,1725,11400.0,put,0.0,11797.9
20102325.8511175,2020-02-26,20096719.6011175,,0,0,437325.8511174992,19665000.0,2020-02-27,3.25,1725,11400.0,put,0.0,11678.5
20102325.8511175,2020-02-27,20102325.8511175,,0,0,20102325.8511175,0.0,,0,0,,,0.0,11633.3
20102325.8511175,2020-02-28,20102325.8511175,,0,0,20102325.8511175,0.0,,0,0,,,0.0,11201.75
20102325.8511175,2020-03-02,20102325.8511175,,0,0,20102325.8511175,0.0,,0,0,,,0.0,11132.75
20263842.613055,2020-03-03,20101748.863055,,0,0,388842.6130549982,19875000.0,2020-03-26,86.45,1875,10600.0,put,0.0,11303.3
20263842.613055,2020-03-04,20104655.113055,,0,0,388842.6130549982,19875000.0,2020-03-26,84.9,1875,10600.0,put,0.0,11251.0
20263842.613055,2020-03-05,20129592.613055,,0,0,388842.6130549982,19875000.0,2020-03-26,71.6,1875,10600.0,put,0.0,11269.0
20263842.613055,2020-03-06,19992530.113055,,0,0,388842.6130549982,19875000.0,2020-03-26,144.7,1875,10600.0,put,0.0,10989.45
20263842.613055,2020-03-09,19576561.363055,,0,0,388842.6130549982,19875000.0,2020-03-26,366.55,1875,10600.0,put,0.0,10451.45
20263842.613055,2020-03-11,19612748.863055,,0,0,388842.6130549982,19875000.0,2020-03-26,347.25,1875,10600.0,put,0.0,10458.4
20263842.613055,2020-03-12,19612748.863055,,0,0,388842.6130549982,19875000.0,2020-03-26,347.25,1875,10600.0,put,0.0,9590.15
20263842.613055,2020-03-13,19612748.863055,,0,0,388842.6130549982,19875000.0,2020-03-26,347.25,1875,10600.0,put,0.0,9955.2
20263842.613055,2020-03-16,19612748.863055,,0,0,388842.6130549982,19875000.0,2020-03-26,347.25,1875,10600.0,put,0.0,9197.4
20263842.613055,2020-03-17,19612748.863055,,0,0,388842.6130549982,19875000.0,2020-03-26,347.25,1875,10600.0,put,0.0,8967.05
20263842.613055,2020-03-18,19612748.863055,,0,0,388842.6130549982,19875000.0,2020-03-26,347.25,1875,10600.0,put,0.0,8468.8
20263842.613055,2020-03-19,19612748.863055,,0,0,388842.6130549982,19875000.0,2020-03-26,347.25,1875,10600.0,put,0.0,8263.45
20263842.613055,2020-03-20,19612748.863055,,0,0,388842.6130549982,19875000.0,2020-03-26,347.25,1875,10600.0,put,0.0,8745.45
20263842.613055,2020-03-23,19612748.863055,,0,0,388842.6130549982,19875000.0,2020-03-26,347.25,1875,10600.0,put,0.0,7610.25
20263842.613055,2020-03-24,15157936.363054998,,0,0,388842.6130549982,19875000.0,2020-03-26,2723.15,1875,10600.0,put,0.0,7801.05
20263842.613055,2020-03-25,15157936.363054998,,0,0,388842.6130549982,19875000.0,2020-03-26,2723.15,1875,10600.0,put,0.0,8317.85
16591561.363055,2020-03-26,16591561.363055,,0,0,16591561.363055,0.0,,0,0,,,0.0,8641.45
16591561.363055,2020-03-27,16591561.363055,,0,0,16591561.363055,0.0,,0,0,,,0.0,8660.25
16591561.363055,2020-03-30,16591561.363055,,0,0,16591561.363055,0.0,,0,0,,,0.0,8281.1
16591561.363055,2020-03-31,16591561.363055,,0,0,16591561.363055,0.0,,0,0,,,0.0,8597.75
16587789.697542187,2020-04-01,16587789.697542187,2020-06-25,8280.25,1875,14258969.385042187,2328820.3125,,0,0,,,10152.349999999999,8253.8
16432634.322479688,2020-04-03,16275040.572479688,2020-06-25,8113.75,1875,12495134.322479688,3937500.0,2020-06-25,84.05,1875,10500.0,call,10152.349999999999,8083.8
16432634.322479688,2020-04-07,16169103.072479688,2020-06-25,8113.75,1875,12495134.322479688,3937500.0,2020-06-25,140.55,1875,10500.0,call,10152.349999999999,8792.2
16432634.322479688,2020-04-08,16219165.572479688,2020-06-25,8113.75,1875,12495134.322479688,3937500.0,2020-06-25,113.85,1875,10500.0,call,10152.349999999999,8748.75
16432634.322479688,2020-04-09,16136759.322479688,2020-06-25,8113.75,1875,12495134.322479688,3937500.0,2020-06-25,157.8,1875,10500.0,call,10152.349999999999,9111.9
18136071.822479688,2020-04-13,17858384.322479688,2020-06-25,9022.25,1875,14198571.822479688,3937500.0,2020-06-25,148.1,1875,10500.0,call,10152.349999999999,8993.85
18136071.822479688,2020-04-15,17903384.322479688,2020-06-25,9022.25,1875,14198571.822479688,3937500.0,2020-06-25,124.1,1875,10500.0,call,10152.349999999999,8925.3
18204603.072479688,2020-04-16,17968165.572479688,2020-06-25,9058.8,1875,14267103.072479688,3937500.0,2020-06-25,126.1,1875,10500.0,call,10152.349999999999,8992.8
18204603.072479688,2020-04-17,17888853.072479688,2020-06-25,9058.8,1875,14267103.072479688,3937500.0,2020-06-25,168.4,1875,10500.0,call,10152.349999999999,9266.75
18628728.072479688,2020-04-20,18345321.822479688,2020-06-25,9285.0,1875,14691228.072479688,3937500.0,2020-06-25,151.15,1875,10500.0,call,10152.349999999999,9261.85
18095853.072479688,2020-04-21,17885946.822479688,2020-06-25,9000.8,1875,14158353.072479688,3937500.0,2020-06-25,111.95,1875,10500.0,call,10152.349999999999,8981.45
18095853.072479688,2020-04-22,17859134.322479688,2020-06-25,9000.8,1875,14158353.072479688,3937500.0,2020-06-25,126.25,1875,10500.0,call,10152.349999999999,9187.3
18690509.32247969,2020-04-23,18463165.57247969,2020-06-25,9317.95,1875,14753009.322479691,3937500.0,2020-06-25,121.25,1875,10500.0,call,10152.349999999999,9313.9
18394821.82247969,2020-04-24,18219509.32247969,2020-06-25,9160.25,1875,14457321.822479691,3937500.0,2020-06-25,93.5,1875,10500.0,call,10152.349999999999,9154.4
18674946.82247969,2020-04-27,18482290.57247969,2020-06-25,9309.65,1875,14737446.822479691,3937500.0,2020-06-25,102.75,1875,10500.0,call,10152.349999999999,9282.3
18877446.82247969,2020-04-28,18676821.82247969,2020-06-25,9417.65,1875,14939946.822479691,3937500.0,2020-06-25,107.0,1875,10500.0,call,10152.349999999999,9380.9
19177071.822479695,2020-04-29,18967540.572479695,2020-06-25,9577.45,1875,15239571.822479695,3937500.0,2020-06-25,111.75,1875,10500.0,call,10152.349999999999,9553.35
19664571.822479695,2020-04-30,19348353.072479695,2020-06-25,9837.45,1875,15727071.822479695,3937500.0,2020-06-25,168.65,1875,10500.0,call,10152.349999999999,9859.9
18676446.822479695,2020-05-04,18506478.072479695,2020-06-25,9310.45,1875,14738946.822479695,3937500.0,2020-06-25,90.65,1875,10500.0,call,10152.349999999999,9293.5
18676446.822479695,2020-05-05,18526165.572479695,2020-06-25,9310.45,1875,14738946.822479695,3937500.0,2020-06-25,80.15,1875,10500.0,call,10152.349999999999,9205.6
18647571.82247969,2020-05-06,18496821.82247969,2020-06-25,9295.05,1875,14710071.822479691,3937500.0,2020-06-25,80.4,1875,10500.0,call,10152.349999999999,9270.9
18507790.57247969,2020-05-07,18384321.82247969,2020-06-25,9220.5,1875,14570290.572479691,3937500.0,2020-06-25,65.85,1875,10500.0,call,10152.349999999999,9199.05
18554571.82247969,2020-05-08,18447134.32247969,2020-06-25,9245.45,1875,14617071.822479691,3937500.0,2020-06-25,57.3,1875,10500.0,call,10152.349999999999,9251.5
18554571.82247969,2020-05-11,18465696.82247969,2020-06-25,9245.45,1875,14617071.822479691,3937500.0,2020-06-25,47.4,1875,10500.0,call,10152.349999999999,9239.2
18554571.82247969,2020-05-12,18473103.07247969,2020-06-25,9245.45,1875,14617071.822479691,3937500.0,2020-06-25,43.45,1875,10500.0,call,10152.349999999999,9196.55
18849228.07247969,2020-05-13,18703259.32247969,2020-06-25,9402.6,1875,14911728.072479691,3937500.0,2020-06-25,77.85,1875,10500.0,call,10152.349999999999,9383.55
18378040.572479688,2020-05-14,18296009.322479688,2020-06-25,9151.3,1875,14440540.572479688,3937500.0,2020-06-25,43.75,1875,10500.0,call,10152.349999999999,9142.75
18354134.322479688,2020-05-15,18270696.822479688,2020-06-25,9138.55,1875,14416634.322479688,3937500.0,2020-06-25,44.5,1875,10500.0,call,10152.349999999999,9136.85
18354134.322479688,2020-05-18,18306228.072479688,2020-06-25,9138.55,1875,14416634.322479688,3937500.0,2020-06-25,25.55,1875,10500.0,call,10152.349999999999,8823.25
17869259.32247969,2020-05-19,17829790.57247969,2020-06-25,8879.95,1875,13931759.322479691,3937500.0,2020-06-25,21.05,1875,10500.0,call,10152.349999999999,8879.1
17869259.32247969,2020-05-20,17834759.32247969,2020-06-25,8879.95,1875,13931759.322479691,3937500.0,2020-06-25,18.4,1875,10500.0,call,10152.349999999999,9066.55
18236103.07247969,2020-05-21,18207978.07247969,2020-06-25,9075.6,1875,14298603.072479691,3937500.0,2020-06-25,15.0,1875,10500.0,call,10152.349999999999,9106.25
18144134.322479688,2020-05-22,18123040.572479688,2020-06-25,9026.55,1875,14206634.322479688,3937500.0,2020-06-25,11.25,1875,10500.0,call,10152.349999999999,9039.25
18147228.07247969,2020-05-26,18132978.07247969,2020-06-25,9028.2,1875,14209728.072479691,3937500.0,2020-06-25,7.6,1875,10500.0,call,10152.349999999999,9029.05
18147228.07247969,2020-05-27,18125853.07247969,2020-06-25,9028.2,1875,14209728.072479691,3937500.0,2020-06-25,11.4,1875,10500.0,call,10152.349999999999,9314.95
18896759.32247969,2020-05-28,18873790.57247969,2020-06-25,9427.95,1875,14959259.322479691,3937500.0,2020-06-25,12.25,1875,10500.0,call,10152.349999999999,9490.1
19020790.57247969,2020-05-29,18993603.07247969,2020-06-25,9494.1,1875,15083290.572479691,3937500.0,2020-06-25,14.5,1875,10500.0,call,10152.349999999999,9580.3
19577478.07247969,2020-06-01,19486634.32247969,2020-06-25,9791.0,1875,15639978.072479691,3937500.0,2020-06-25,48.45,1875,10500.0,call,10152.349999999999,9826.15
19577478.07247969,2020-06-02,19439946.82247969,2020-06-25,9791.0,1875,15639978.072479691,3937500.0,2020-06-25,73.35,1875,10500.0,call,10152.349999999999,9979.1
20103978.07247969,2020-06-03,19919759.32247969,2020-06-25,10071.8,1875,16166478.072479691,3937500.0,2020-06-25,98.25,1875,10500.0,call,10152.349999999999,10061.55
20002446.82247969,2020-06-04,19853009.32247969,2020-06-25,10017.65,1875,16064946.822479691,3937500.0,2020-06-25,79.7,1875,10500.0,call,10152.349999999999,10029.1
20242165.57247969,2020-06-05,20046978.07247969,2020-06-25,10145.5,1875,16304665.572479691,3937500.0,2020-06-25,104.1,1875,10500.0,call,10152.349999999999,10142.15
20279384.32247969,2020-06-08,20070696.82247969,2020-06-25,10165.35,1875,16341884.322479691,3937500.0,2020-06-25,111.3,1875,10500.0,call,10152.349999999999,10167.45
20279384.32247969,2020-06-09,20142228.07247969,2020-06-25,10165.35,1875,16341884.322479691,3937500.0,2020-06-25,73.15,1875,10500.0,call,10152.349999999999,10046.65
20191915.57247969,2020-06-10,20040978.07247969,2020-06-25,10118.7,1875,16254415.572479691,3937500.0,2020-06-25,80.5,1875,10500.0,call,10152.349999999999,10116.15
20191915.57247969,2020-06-11,20122728.07247969,2020-06-25,10118.7,1875,16254415.572479691,3937500.0,2020-06-25,36.9,1875,10500.0,call,10152.349999999999,9902.0
20191915.57247969,2020-06-12,20113634.32247969,2020-06-25,10118.7,1875,16254415.572479691,3937500.0,2020-06-25,41.75,1875,10500.0,call,10152.349999999999,9972.9
19620134.32247969,2020-06-15,19580009.32247969,2020-06-25,9813.75,1875,15682634.322479691,3937500.0,2020-06-25,21.4,1875,10500.0,call,10152.349999999999,9813.7
19777821.82247969,2020-06-16,19735071.82247969,2020-06-25,9897.85,1875,15840321.822479691,3937500.0,2020-06-25,22.8,1875,10500.0,call,10152.349999999999,9914.0
19696634.322479688,2020-06-17,19664384.322479688,2020-06-25,9854.55,1875,15759134.322479688,3937500.0,2020-06-25,17.2,1875,10500.0,call,10152.349999999999,9881.15
19696634.322479688,2020-06-18,19646665.572479688,2020-06-25,9854.55,1875,15759134.322479688,3937500.0,2020-06-25,26.65,1875,10500.0,call,10152.349999999999,10091.65
19696634.322479688,2020-06-19,19628478.072479688,2020-06-25,9854.55,1875,15759134.322479688,3937500.0,2020-06-25,36.35,1875,10500.0,call,10152.349999999999,10244.4
20509728.07247969,2020-06-22,20450478.07247969,2020-06-25,10288.2,1875,16572228.072479691,3937500.0,2020-06-25,31.6,1875,10500.0,call,10152.349999999999,10311.2
20509728.07247969,2020-06-23,20388321.82247969,2020-06-25,10288.2,1875,16572228.072479691,3937500.0,2020-06-25,64.75,1875,10500.0,call,10152.349999999999,10471.0
20509728.07247969,2020-06-24,20488165.57247969,2020-06-25,10288.2,1875,16572228.072479691,3937500.0,2020-06-25,11.5,1875,10500.0,call,10152.349999999999,10305.3
20500155.047754,2020-06-25,20500155.047754,2020-07-30,10245.65,1875,17618565.985254,2881589.0624999995,,0,0,,,10152.349999999999,10288.9
20850489.694129,2020-06-26,20635052.194129,2020-07-30,10318.0,1875,16781739.694129,4068750.0,2020-07-30,114.9,1875,10850.0,call,10152.349999999999,10383.0
20733864.694129,2020-06-29,20567083.444129,2020-07-30,10255.8,1875,16665114.694129001,4068750.0,2020-07-30,88.95,1875,10850.0,call,10152.349999999999,10312.4
20704708.444129,2020-06-30,20542520.944129,2020-07-30,10240.25,1875,16635958.444129001,4068750.0,2020-07-30,86.5,1875,10850.0,call,10152.349999999999,10302.1
21019802.194129,2020-07-01,20813177.194129,2020-07-30,10408.3,1875,16951052.194129,4068750.0,2020-07-30,110.2,1875,10850.0,call,10152.349999999999,10430.05
21266177.194129005,2020-07-02,21011083.444129005,2020-07-30,10539.7,1875,17197427.194129005,4068750.0,2020-07-30,136.05,1875,10850.0,call,10152.349999999999,10551.7
21327583.444129005,2020-07-03,21069020.944129005,2020-07-30,10572.45,1875,17258833.444129005,4068750.0,2020-07-30,137.9,1875,10850.0,call,10152.349999999999,10607.35
21669583.444129005,2020-07-06,21304427.194129005,2020-07-30,10754.85,1875,17600833.444129005,4068750.0,2020-07-30,194.75,1875,10850.0,call,10152.349999999999,10763.65
21691708.444129005,2020-07-07,21322145.944129005,2020-07-30,10766.65,1875,17622958.444129005,4068750.0,2020-07-30,197.1,1875,10850.0,call,10152.349999999999,10799.65
21559802.194129005,2020-07-08,21239083.444129005,2020-07-30,10696.3,1875,17491052.194129005,4068750.0,2020-07-30,171.05,1875,10850.0,call,10152.349999999999,10705.75
21798395.944129005,2020-07-09,21414489.694129005,2020-07-30,10823.55,1875,17729645.944129005,4068750.0,2020-07-30,204.75,1875,10850.0,call,10152.349999999999,10813.45
21691708.444129005,2020-07-10,21366864.694129005,2020-07-30,10766.65,1875,17622958.444129005,4068750.0,2020-07-30,173.25,1875,10850.0,call,10152.349999999999,10768.05
21768395.944129005,2020-07-13,21432020.944129005,2020-07-30,10807.55,1875,17699645.944129005,4068750.0,2020-07-30,179.4,1875,10850.0,call,10152.349999999999,10802.7
21405208.44412901,2020-07-14,21199427.19412901,2020-07-30,10613.85,1875,17336458.44412901,4068750.0,2020-07-30,109.75,1875,10850.0,call,10152.349999999999,10607.35
21405208.44412901,2020-07-15,21211708.44412901,2020-07-30,10613.85,1875,17336458.44412901,4068750.0,2020-07-30,103.2,1875,10850.0,call,10152.349999999999,10618.2
21592708.44412901,2020-07-16,21365083.44412901,2020-07-30,10713.85,1875,17523958.44412901,4068750.0,2020-07-30,121.4,1875,10850.0,call,10152.349999999999,10739.95
21592708.44412901,2020-07-17,21216864.69412901,2020-07-30,10713.85,1875,17523958.44412901,4068750.0,2020-07-30,200.45,1875,10850.0,call,10152.349999999999,10901.7
22145364.69412901,2020-07-20,21666958.44412901,2020-07-30,11008.6,1875,18076614.69412901,4068750.0,2020-07-30,255.15,1875,10850.0,call,10152.349999999999,11022.2
22449020.944129005,2020-07-21,21756583.444129005,2020-07-30,11170.55,1875,18380270.944129005,4068750.0,2020-07-30,369.3,1875,10850.0,call,10152.349999999999,11162.25
22336520.944129005,2020-07-22,21734739.694129005,2020-07-30,11110.55,1875,18267770.944129005,4068750.0,2020-07-30,320.95,1875,10850.0,call,10152.349999999999,11132.6
22518395.944129005,2020-07-23,21797552.194129005,2020-07-30,11207.55,1875,18449645.944129005,4068750.0,2020-07-30,384.45,1875,10850.0,call,10152.349999999999,11215.45
22448458.444129005,2020-07-24,21798302.194129005,2020-07-30,11170.25,1875,18379708.444129005,4068750.0,2020-07-30,346.75,1875,10850.0,call,10152.349999999999,11194.15
22358833.444129005,2020-07-27,21773364.694129005,2020-07-30,11122.45,1875,18290083.444129005,4068750.0,2020-07-30,312.25,1875,10850.0,call,10152.349999999999,11131.8
22703270.944129,2020-07-28,22117802.194129,2020-07-30,11306.15,1875,18634520.944129,4068750.0,2020-07-30,312.25,1875,10850.0,call,10152.349999999999,11300.55
22546333.444129005,2020-07-29,21836739.694129005,2020-07-30,11222.45,1875,18477583.444129005,4068750.0,2020-07-30,378.45,1875,10850.0,call,10152.349999999999,11202.85
22066765.37060844,2020-07-30,22066765.37060844,,0,0,22066765.37060844,0.0,,0,0,,,0.0,11102.15
22250286.75142594,2020-07-31,22066113.00142594,,0,0,886536.7514259405,21363750.0,2020-08-27,90.95,2025,10550.0,put,0.0,11073.45
22250286.75142594,2020-08-03,22007894.25142594,,0,0,886536.7514259405,21363750.0,2020-08-27,119.7,2025,10550.0,put,0.0,10891.6
22250286.75142594,2020-08-04,22108638.00142594,,0,0,886536.7514259405,21363750.0,2020-08-27,69.95,2025,10550.0,put,0.0,11095.25
22250286.75142594,2020-08-05,22129799.25142594,,0,0,886536.7514259405,21363750.0,2020-08-27,59.5,2025,10550.0,put,0.0,11101.65
22250286.75142594,2020-08-06,22159971.75142594,,0,0,886536.7514259405,21363750.0,2020-08-27,44.6,2025,10550.0,put,0.0,11200.15
22250286.75142594,2020-08-07,22177994.25142594,,0,0,886536.7514259405,21363750.0,2020-08-27,35.7,2025,10550.0,put,0.0,11214.05
22250286.75142594,2020-08-10,22202091.75142594,,0,0,886536.7514259405,21363750.0,2020-08-27,23.8,2025,10550.0,put,0.0,11270.15
22250286.75142594,2020-08-11,22217076.75142594,,0,0,886536.7514259405,21363750.0,2020-08-27,16.4,2025,10550.0,put,0.0,11322.5
22250286.75142594,2020-08-12,22219810.50142594,,0,0,886536.7514259405,21363750.0,2020-08-27,15.05,2025,10550.0,put,0.0,11308.4
22250286.75142594,2020-08-13,22226898.00142594,,0,0,886536.7514259405,21363750.0,2020-08-27,11.55,2025,10550.0,put,0.0,11300.45
22250286.75142594,2020-08-14,22206749.25142594,,0,0,886536.7514259405,21363750.0,2020-08-27,21.5,2025,10550.0,put,0.0,11178.4
22250286.75142594,2020-08-17,22227505.50142594,,0,0,886536.7514259405,21363750.0,2020-08-27,11.25,2025,10550.0,put,0.0,11247.1
22250286.75142594,2020-08-18,22233378.00142594,,0,0,886536.7514259405,21363750.0,2020-08-27,8.35,2025,10550.0,put,0.0,11385.35
22250286.75142594,2020-08-19,22233479.25142594,,0,0,886536.7514259405,21363750.0,2020-08-27,8.3,2025,10550.0,put,0.0,11408.4
22250286.75142594,2020-08-20,22236010.50142594,,0,0,886536.7514259405,21363750.0,2020-08-27,7.05,2025,10550.0,put,0.0,11312.2
22250286.75142594,2020-08-21,22243503.00142594,,0,0,886536.7514259405,21363750.0,2020-08-27,3.35,2025,10550.0,put,0.0,11371.6
22250286.75142594,2020-08-24,22246844.25142594,,0,0,886536.7514259405,21363750.0,2020-08-27,1.7,2025,10550.0,put,0.0,11466.45
22250286.75142594,2020-08-25,22247856.75142594,,0,0,886536.7514259405,21363750.0,2020-08-27,1.2,2025,10550.0,put,0.0,11472.25
22250286.75142594,2020-08-26,22248059.25142594,,0,0,886536.7514259405,21363750.0,2020-08-27,1.1,2025,10550.0,put,0.0,11549.6
22250286.75142594,2020-08-27,22250286.75142594,,0,0,22250286.75142594,0.0,,0,0,,,0.0,11559.25
22335478.728820942,2020-08-28,22249971.228820942,,0,0,885478.7288209423,21450000.0,2020-09-24,43.85,1950,11000.0,put,0.0,11647.6
22335478.728820942,2020-08-31,22113276.228820942,,0,0,885478.7288209423,21450000.0,2020-09-24,113.95,1950,11000.0,put,0.0,11387.5
22335478.728820942,2020-09-01,22183378.728820942,,0,0,885478.7288209423,21450000.0,2020-09-24,78.0,1950,11000.0,put,0.0,11470.25
22335478.728820942,2020-09-02,22211166.228820942,,0,0,885478.7288209423,21450000.0,2020-09-24,63.75,1950,11000.0,put,0.0,11535.0
22335478.728820942,2020-09-03,22220623.728820942,,0,0,885478.7288209423,21450000.0,2020-09-24,58.9,1950,11000.0,put,0.0,11527.45
22335478.728820942,2020-09-04,22132288.728820942,,0,0,885478.7288209423,21450000.0,2020-09-24,104.2,1950,11000.0,put,0.0,11333.85
22335478.728820942,2020-09-07,22170801.228820942,,0,0,885478.7288209423,21450000.0,2020-09-24,84.45,1950,11000.0,put,0.0,11355.05
22335478.728820942,2020-09-08,22144573.728820942,,0,0,885478.7288209423,21450000.0,2020-09-24,97.9,1950,11000.0,put,0.0,11317.35
22335478.728820942,2020-09-09,22163878.728820942,,0,0,885478.7288209423,21450000.0,2020-09-24,88.0,1950,11000.0,put,0.0,11278.0
22335478.728820942,2020-09-10,22235541.228820942,,0,0,885478.7288209423,21450000.0,2020-09-24,51.25,1950,11000.0,put,0.0,11449.25
22335478.728820942,2020-09-11,22256406.228820942,,0,0,885478.7288209423,21450000.0,2020-09-24,40.55,1950,11000.0,put,0.0,11464.45
22335478.728820942,2020-09-14,22262353.728820942,,0,0,885478.7288209423,21450000.0,2020-09-24,37.5,1950,11000.0,put,0.0,11440.05
22335478.728820942,2020-09-15,22287996.228820942,,0,0,885478.7288209423,21450000.0,2020-09-24,24.35,1950,11000.0,put,0.0,11521.8
22335478.728820942,2020-09-16,22308276.228820942,,0,0,885478.7288209423,21450000.0,2020-09-24,13.95,1950,11000.0,put,0.0,11604.55
22335478.728820942,2020-09-17,22307983.728820942,,0,0,885478.7288209423,21450000.0,2020-09-24,14.1,1950,11000.0,put,0.0,11516.1
22335478.728820942,2020-09-18,22311591.228820942,,0,0,885478.7288209423,21450000.0,2020-09-24,12.25,1950,11000.0,put,0.0,11504.95
22335478.728820942,2020-09-21,22280391.228820942,,0,0,885478.7288209423,21450000.0,2020-09-24,28.25,1950,11000.0,put,0.0,11250.55
22335478.728820942,2020-09-22,22288191.228820942,,0,0,885478.7288209423,21450000.0,2020-09-24,24.25,1950,11000.0,put,0.0,11153.65
22335478.728820942,2020-09-23,22316563.728820942,,0,0,885478.7288209423,21450000.0,2020-09-24,9.7,1950,11000.0,put,0.0,11131.85
21956301.228820942,2020-09-24,21956301.228820942,,0,0,21956301.228820942,0.0,,0,0,,,0.0,10805.55
21951064.65078366,2020-09-25,21951064.65078366,2020-12-31,11073.6,1950,18712036.65078366,3239028.0,,0,0,,,11224.2,11050.25
22583402.48522866,2020-09-28,22319469.98522866,2020-12-31,11263.0,1950,17903402.48522866,4680000.0,2020-12-31,135.35,1950,12000.0,call,11224.2,11227.55
22594029.98522866,2020-09-29,22351937.48522866,2020-12-31,11268.45,1950,17914029.98522866,4680000.0,2020-12-31,124.15,1950,12000.0,call,11224.2,11222.4
22627862.485228658,2020-09-30,22382454.985228658,2020-12-31,11285.8,1950,17947862.485228658,4680000.0,2020-12-31,125.85,1950,12000.0,call,11224.2,11247.55
22982567.48522866,2020-10-01,22651067.48522866,2020-12-31,11467.7,1950,18302567.48522866,4680000.0,2020-12-31,170.0,1950,12000.0,call,11224.2,11416.95
23138274.985228658,2020-10-05,22759194.985228658,2020-12-31,11547.55,1950,18458274.985228658,4680000.0,2020-12-31,194.4,1950,12000.0,call,11224.2,11503.35
23445984.98522866,2020-10-06,22947759.98522866,2020-12-31,11705.35,1950,18765984.98522866,4680000.0,2020-12-31,255.5,1950,12000.0,call,11224.2,11662.4
23589309.98522866,2020-10-07,23013572.48522866,2020-12-31,11778.85,1950,18909309.98522866,4680000.0,2020-12-31,295.25,1950,12000.0,call,11224.2,11738.85
23746772.48522866,2020-10-08,23081724.98522866,2020-12-31,11859.6,1950,19066772.48522866,4680000.0,2020-12-31,341.05,1950,12000.0,call,11224.2,11834.6
23945282.48522866,2020-10-09,23179712.48522866,2020-12-31,11961.4,1950,19265282.48522866,4680000.0,2020-12-31,392.6,1950,12000.0,call,11224.2,11914.2
23961174.98522866,2020-10-12,23182149.98522866,2020-12-31,11969.55,1950,19281174.98522866,4680000.0,2020-12-31,399.5,1950,12000.0,call,11224.2,11930.95
23979602.48522866,2020-10-13,23214227.48522866,2020-12-31,11979.0,1950,19299602.48522866,4680000.0,2020-12-31,392.5,1950,12000.0,call,11224.2,11934.5
23979602.48522866,2020-10-14,23200089.98522866,2020-12-31,11979.0,1950,19299602.48522866,4680000.0,2020-12-31,399.75,1950,12000.0,call,11224.2,11971.05
23979602.48522866,2020-10-15,23448227.48522866,2020-12-31,11979.0,1950,19299602.48522866,4680000.0,2020-12-31,272.5,1950,12000.0,call,11224.2,11680.35
23639717.48522866,2020-10-16,23053547.48522866,2020-12-31,11804.7,1950,18959717.48522866,4680000.0,2020-12-31,300.6,1950,12000.0,call,11224.2,11762.45
23880834.98522866,2020-10-19,23196189.98522866,2020-12-31,11928.35,1950,19200834.98522866,4680000.0,2020-12-31,351.1,1950,12000.0,call,11224.2,11873.05
23884929.98522866,2020-10-20,23172887.48522866,2020-12-31,11930.45,1950,19204929.98522866,4680000.0,2020-12-31,365.15,1950,12000.0,call,11224.2,11896.8
23950742.48522866,2020-10-21,23217737.48522866,2020-12-31,11964.2,1950,19270742.48522866,4680000.0,2020-12-31,375.9,1950,12000.0,call,11224.2,11937.65
23893119.985228658,2020-10-22,23197457.485228658,2020-12-31,11934.65,1950,19213119.985228658,4680000.0,2020-12-31,356.75,1950,12000.0,call,11224.2,11896.45
23960979.98522866,2020-10-23,23248644.98522866,2020-12-31,11969.45,1950,19280979.98522866,4680000.0,2020-12-31,365.3,1950,12000.0,call,11224.2,11930.35
23648589.98522866,2020-10-26,23083284.98522866,2020-12-31,11809.25,1950,18968589.98522866,4680000.0,2020-12-31,289.9,1950,12000.0,call,11224.2,11767.75
23822432.48522866,2020-10-27,23195117.48522866,2020-12-31,11898.4,1950,19142432.48522866,4680000.0,2020-12-31,321.7,1950,12000.0,call,11224.2,11889.4
23530224.98522866,2020-10-28,23024297.48522866,2020-12-31,11748.55,1950,18850224.98522866,4680000.0,2020-12-31,259.45,1950,12000.0,call,11224.2,11729.6
23404059.985228665,2020-10-29,22922604.985228665,2020-12-31,11683.85,1950,18724059.985228665,4680000.0,2020-12-31,246.9,1950,12000.0,call,11224.2,11670.8
23347899.98522866,2020-10-30,22885359.98522866,2020-12-31,11655.05,1950,18667899.98522866,4680000.0,2020-12-31,237.2,1950,12000.0,call,11224.2,11642.4
23429604.985228665,2020-11-02,22941519.985228665,2020-12-31,11696.95,1950,18749604.985228665,4680000.0,2020-12-31,250.3,1950,12000.0,call,11224.2,11669.15
23717522.485228665,2020-11-03,23145099.985228665,2020-12-31,11844.6,1950,19037522.485228665,4680000.0,2020-12-31,293.55,1950,12000.0,call,11224.2,11813.5
23899652.485228665,2020-11-04,23269802.485228665,2020-12-31,11938.0,1950,19219652.485228665,4680000.0,2020-12-31,323.0,1950,12000.0,call,11224.2,11908.5
24330894.985228665,2020-11-05,23513454.985228665,2020-12-31,12159.15,1950,19650894.985228665,4680000.0,2020-12-31,419.2,1950,12000.0,call,11224.2,12120.3
24561092.48522867,2020-11-06,23592039.98522867,2020-12-31,12277.2,1950,19881092.48522867,4680000.0,2020-12-31,496.95,1950,12000.0,call,11224.2,12263.55
24955772.48522867,2020-11-09,23726589.98522867,2020-12-31,12479.6,1950,20275772.48522867,4680000.0,2020-12-31,630.35,1950,12000.0,call,11224.2,12461.05
25335534.98522867,2020-11-10,23787234.98522867,2020-12-31,12674.35,1950,20655534.98522867,4680000.0,2020-12-31,794.0,1950,12000.0,call,11224.2,12631.1
25519029.98522867,2020-11-11,23808489.98522867,2020-12-31,12768.45,1950,20839029.98522867,4680000.0,2020-12-31,877.2,1950,12000.0,call,11224.2,12749.15
25427964.98522867,2020-11-12,23833059.98522867,2020-12-31,12721.75,1950,20747964.98522867,4680000.0,2020-12-31,817.9,1950,12000.0,call,11224.2,12690.8
25523807.48522867,2020-11-13,23877032.48522867,2020-12-31,12770.9,1950,20843807.48522867,4680000.0,2020-12-31,844.5,1950,12000.0,call,11224.2,12719.95
25768044.98522867,2020-11-17,23905209.98522867,2020-12-31,12896.15,1950,21088044.98522867,4680000.0,2020-12-31,955.3,1950,12000.0,call,11224.2,12874.2
25919267.485228673,2020-11-18,23914277.485228673,2020-12-31,12973.7,1950,21239267.485228673,4680000.0,2020-12-31,1028.2,1950,12000.0,call,11224.2,12938.25
25919267.485228673,2020-11-19,24204924.985228673,2020-12-31,12973.7,1950,21239267.485228673,4680000.0,2020-12-31,879.15,1950,12000.0,call,11224.2,12771.7
25765997.485228673,2020-11-20,23917104.985228673,2020-12-31,12895.1,1950,21085997.485228673,4680000.0,2020-12-31,948.15,1950,12000.0,call,11224.2,12859.05
25882607.485228673,2020-11-23,23921687.485228673,2020-12-31,12954.9,1950,21202607.485228673,4680000.0,2020-12-31,1005.6,1950,12000.0,call,11224.2,12926.45
26133474.985228673,2020-11-24,23935629.985228673,2020-12-31,13083.55,1950,21453474.985228673,4680000.0,2020-12-31,1127.1,1950,12000.0,call,11224.2,13055.15
26133474.985228673,2020-11-25,23935629.985228673,2020-12-31,13083.55,1950,21453474.985228673,4680000.0,2020-12-31,1127.1,1950,12000.0,call,11224.2,12858.4
26133474.985228673,2020-11-26,24064329.985228673,2020-12-31,13083.55,1950,21453474.985228673,4680000.0,2020-12-31,1061.1,1950,12000.0,call,11224.2,12987.0
26004482.485228673,2020-11-27,23952692.485228673,2020-12-31,13017.4,1950,21324482.485228673,4680000.0,2020-12-31,1052.2,1950,12000.0,call,11224.2,12968.95
26250182.485228673,2020-12-01,23971217.485228673,2020-12-31,13143.4,1950,21570182.485228673,4680000.0,2020-12-31,1168.7,1950,12000.0,call,11224.2,13109.05
26287329.985228676,2020-12-02,23986037.485228676,2020-12-31,13162.45,1950,21607329.985228676,4680000.0,2020-12-31,1180.15,1950,12000.0,call,11224.2,13113.75
26344659.985228676,2020-12-03,24001734.985228676,2020-12-31,13191.85,1950,21664659.985228676,4680000.0,2020-12-31,1201.5,1950,12000.0,call,11224.2,13133.9
26578172.485228676,2020-12-04,24024452.485228676,2020-12-31,13311.6,1950,21898172.485228676,4680000.0,2020-12-31,1309.6,1950,12000.0,call,11224.2,13258.55
26726372.485228676,2020-12-07,24008267.485228676,2020-12-31,13387.6,1950,22046372.485228676,4680000.0,2020-12-31,1393.9,1950,12000.0,call,11224.2,13355.75
26805444.985228676,2020-12-08,24000954.985228676,2020-12-31,13428.15,1950,22125444.985228676,4680000.0,2020-12-31,1438.2,1950,12000.0,call,11224.2,13392.95
27077567.48522868,2020-12-09,24021137.48522868,2020-12-31,13567.7,1950,22397567.48522868,4680000.0,2020-12-31,1567.4,1950,12000.0,call,11224.2,13529.1
26993034.98522868,2020-12-10,24017334.98522868,2020-12-31,13524.35,1950,22313034.98522868,4680000.0,2020-12-31,1526.0,1950,12000.0,call,11224.2,13478.3
26981334.98522868,2020-12-11,24009047.48522868,2020-12-31,13518.35,1950,22301334.98522868,4680000.0,2020-12-31,1524.25,1950,12000.0,call,11224.2,13513.85
27085172.48522868,2020-12-14,24015482.48522868,2020-12-31,13571.6,1950,22405172.48522868,4680000.0,2020-12-31,1574.2,1950,12000.0,call,11224.2,13558.15
27111204.98522868,2020-12-15,24013727.48522868,2020-12-31,13584.95,1950,22431204.98522868,4680000.0,2020-12-31,1588.45,1950,12000.0,call,11224.2,13567.85
27334479.98522868,2020-12-16,24015189.98522868,2020-12-31,13699.45,1950,22654479.98522868,4680000.0,2020-12-31,1702.2,1950,12000.0,call,11224.2,13682.7
27441632.485228676,2020-12-17,24016554.985228676,2020-12-31,13754.4,1950,22761632.485228676,4680000.0,2020-12-31,1756.45,1950,12000.0,call,11224.2,13740.7
27479949.985228676,2020-12-18,24018602.485228676,2020-12-31,13774.05,1950,22799949.985228676,4680000.0,2020-12-31,1775.05,1950,12000.0,call,11224.2,13760.55
27479949.985228676,2020-12-21,24018602.485228676,2020-12-31,13774.05,1950,22799949.985228676,4680000.0,2020-12-31,1775.05,1950,12000.0,call,11224.2,13328.4
27479949.985228676,2020-12-22,24018602.485228676,2020-12-31,13774.05,1950,22799949.985228676,4680000.0,2020-12-31,1775.05,1950,12000.0,call,11224.2,13466.3
27164829.98522868,2020-12-23,24013434.98522868,2020-12-31,13612.45,1950,22484829.98522868,4680000.0,2020-12-31,1616.1,1950,12000.0,call,11224.2,13601.1
27459864.98522868,2020-12-24,24019284.98522868,2020-12-31,13763.75,1950,22779864.98522868,4680000.0,2020-12-31,1764.4,1950,12000.0,call,11224.2,13749.25
27707124.98522868,2020-12-28,24009144.98522868,2020-12-31,13890.55,1950,23027124.98522868,4680000.0,2020-12-31,1896.4,1950,12000.0,call,11224.2,13873.2
27793899.98522868,2020-12-29,24010217.48522868,2020-12-31,13935.05,1950,23113899.98522868,4680000.0,2020-12-31,1940.35,1950,12000.0,call,11224.2,13932.6
27876579.985228684,2020-12-30,24017529.985228684,2020-12-31,13977.45,1950,23196579.985228684,4680000.0,2020-12-31,1979.0,1950,12000.0,call,11224.2,13981.95
24011765.721349407,2020-12-31,24011765.721349407,,0,0,24011765.721349407,0.0,,0,0,,,0.0,13981.75
24133813.940489408,2021-01-01,24011323.940489408,,0,0,193813.94048940763,23940000.0,2021-01-28,68.05,1800,13300.0,put,0.0,14018.5
24133813.940489408,2021-01-04,24042463.940489408,,0,0,193813.94048940763,23940000.0,2021-01-28,50.75,1800,13300.0,put,0.0,14132.9
24133813.940489408,2021-01-05,24046333.940489408,,0,0,193813.94048940763,23940000.0,2021-01-28,48.6,1800,13300.0,put,0.0,14199.5
24133813.940489408,2021-01-06,24044173.940489408,,0,0,193813.94048940763,23940000.0,2021-01-28,49.8,1800,13300.0,put,0.0,14146.25
24133813.940489408,2021-01-07,24061903.940489408,,0,0,193813.94048940763,23940000.0,2021-01-28,39.95,1800,13300.0,put,0.0,14137.35
24133813.940489408,2021-01-08,24081883.940489408,,0,0,193813.94048940763,23940000.0,2021-01-28,28.85,1800,13300.0,put,0.0,14347.25
24133813.940489408,2021-01-11,24084673.940489408,,0,0,193813.94048940763,23940000.0,2021-01-28,27.3,1800,13300.0,put,0.0,14484.75
24133813.940489408,2021-01-12,24091783.940489408,,0,0,193813.94048940763,23940000.0,2021-01-28,23.35,1800,13300.0,put,0.0,14563.45
24133813.940489408,2021-01-13,24099163.940489408,,0,0,193813.94048940763,23940000.0,2021-01-28,19.25,1800,13300.0,put,0.0,14564.85
24133813.940489408,2021-01-14,24104743.940489408,,0,0,193813.94048940763,23940000.0,2021-01-28,16.15,1800,13300.0,put,0.0,14595.6
24133813.940489408,2021-01-15,24097183.940489408,,0,0,193813.94048940763,23940000.0,2021-01-28,20.35,1800,13300.0,put,0.0,14433.7
24133813.940489408,2021-01-18,24096823.940489408,,0,0,193813.94048940763,23940000.0,2021-01-28,20.55,1800,13300.0,put,0.0,14281.3
24133813.940489408,2021-01-19,24119773.940489408,,0,0,193813.94048940763,23940000.0,2021-01-28,7.8,1800,13300.0,put,0.0,14521.15
24133813.940489408,2021-01-20,24126793.940489408,,0,0,193813.94048940763,23940000.0,2021-01-28,3.9,1800,13300.0,put,0.0,14644.7
24133813.940489408,2021-01-21,24122293.940489408,,0,0,193813.94048940763,23940000.0,2021-01-28,6.4,1800,13300.0,put,0.0,14590.35
24133813.940489408,2021-01-22,24128413.940489408,,0,0,193813.94048940763,23940000.0,2021-01-28,3.0,1800,13300.0,put,0.0,14371.9
24133813.940489408,2021-01-25,24131203.940489408,,0,0,193813.94048940763,23940000.0,2021-01-28,1.45,1800,13300.0,put,0.0,14238.9
24133813.940489408,2021-01-27,24131023.940489408,,0,0,193813.94048940763,23940000.0,2021-01-28,1.55,1800,13300.0,put,0.0,13967.5
24133813.940489408,2021-01-28,24133813.940489408,,0,0,24133813.940489408,0.0,,0,0,,,0.0,13817.55
24683337.758469407,2021-01-29,24131907.758469407,,0,0,1283337.7584694065,23400000.0,2021-04-29,306.35,1800,13000.0,put,0.0,13634.6
24683337.758469407,2021-02-01,24364827.758469407,,0,0,1283337.7584694065,23400000.0,2021-04-29,176.95,1800,13000.0,put,0.0,14281.2
24683337.758469407,2021-02-02,24446187.758469407,,0,0,1283337.7584694065,23400000.0,2021-04-29,131.75,1800,13000.0,put,0.0,14647.85
24683337.758469407,2021-02-03,24463287.758469407,,0,0,1283337.7584694065,23400000.0,2021-04-29,122.25,1800,13000.0,put,0.0,14789.95
24683337.758469407,2021-02-04,24473367.758469407,,0,0,1283337.7584694065,23400000.0,2021-04-29,116.65,1800,13000.0,put,0.0,14895.65
24683337.758469407,2021-02-05,24475167.758469407,,0,0,1283337.7584694065,23400000.0,2021-04-29,115.65,1800,13000.0,put,0.0,14924.25
24683337.758469407,2021-02-08,24520617.758469407,,0,0,1283337.7584694065,23400000.0,2021-04-29,90.4,1800,13000.0,put,0.0,15115.8
24683337.758469407,2021-02-09,24525117.758469407,,0,0,1283337.7584694065,23400000.0,2021-04-29,87.9,1800,13000.0,put,0.0,15109.3
24683337.758469407,2021-02-10,24525027.758469407,,0,0,1283337.7584694065,23400000.0,2021-04-29,87.95,1800,13000.0,put,0.0,15106.5
24683337.758469407,2021-02-11,24540597.758469407,,0,0,1283337.7584694065,23400000.0,2021-04-29,79.3,1800,13000.0,put,0.0,15173.3
24683337.758469407,2021-02-12,24561207.758469407,,0,0,1283337.7584694065,23400000.0,2021-04-29,67.85,1800,13000.0,put,0.0,15163.3
24683337.758469407,2021-02-15,24585777.758469407,,0,0,1283337.7584694065,23400000.0,2021-04-29,54.2,1800,13000.0,put,0.0,15314.7
24683337.758469407,2021-02-16,24592977.758469407,,0,0,1283337.7584694065,23400000.0,2021-04-29,50.2,1800,13000.0,put,0.0,15313.45
24683337.758469407,2021-02-17,24592167.758469407,,0,0,1283337.7584694065,23400000.0,2021-04-29,50.65,1800,13000.0,put,0.0,15208.9
24683337.758469407,2021-02-18,24593067.758469407,,0,0,1283337.7584694065,23400000.0,2021-04-29,50.15,1800,13000.0,put,0.0,15118.95
24683337.758469407,2021-02-19,24590187.758469407,,0,0,1283337.7584694065,23400000.0,2021-04-29,51.75,1800,13000.0,put,0.0,14981.75
24683337.758469407,2021-02-22,24526017.758469407,,0,0,1283337.7584694065,23400000.0,2021-04-29,87.4,1800,13000.0,put,0.0,14675.7
24683337.758469407,2021-02-23,24546987.758469407,,0,0,1283337.7584694065,23400000.0,2021-04-29,75.75,1800,13000.0,put,0.0,14707.8
24683337.758469407,2021-02-24,24582357.758469407,,0,0,1283337.7584694065,23400000.0,2021-04-29,56.1,1800,13000.0,put,0.0,14982.0
24683337.758469407,2021-02-25,24603507.758469407,,0,0,1283337.7584694065,23400000.0,2021-04-29,44.35,1800,13000.0,put,0.0,15097.35
24683337.758469407,2021-02-26,24483177.758469407,,0,0,1283337.7584694065,23400000.0,2021-04-29,111.2,1800,13000.0,put,0.0,14529.15
24683337.758469407,2021-03-01,24558777.758469407,,0,0,1283337.7584694065,23400000.0,2021-04-29,69.2,1800,13000.0,put,0.0,14761.55
24683337.758469407,2021-03-02,24593877.758469407,,0,0,1283337.7584694065,23400000.0,2021-04-29,49.7,1800,13000.0,put,0.0,14919.1
24683337.758469407,2021-03-03,24624297.758469407,,0,0,1283337.7584694065,23400000.0,2021-04-29,32.8,1800,13000.0,put,0.0,15245.6
24683337.758469407,2021-03-04,24594057.758469407,,0,0,1283337.7584694065,23400000.0,2021-04-29,49.6,1800,13000.0,put,0.0,15080.75
24683337.758469407,2021-03-05,24569127.758469407,,0,0,1283337.7584694065,23400000.0,2021-04-29,63.45,1800,13000.0,put,0.0,14938.1
24683337.758469407,2021-03-08,24590457.758469407,,0,0,1283337.7584694065,23400000.0,2021-04-29,51.6,1800,13000.0,put,0.0,14956.2
24683337.758469407,2021-03-09,24623937.758469407,,0,0,1283337.7584694065,23400000.0,2021-04-29,33.0,1800,13000.0,put,0.0,15098.4
24683337.758469407,2021-03-10,24637797.758469407,,0,0,1283337.7584694065,23400000.0,2021-04-29,25.3,1800,13000.0,put,0.0,15174.8
24683337.758469407,2021-03-12,24630867.758469407,,0,0,1283337.7584694065,23400000.0,2021-04-29,29.15,1800,13000.0,put,0.0,15030.95
24683337.758469407,2021-03-15,24636087.758469407,,0,0,1283337.7584694065,23400000.0,2021-04-29,26.25,1800,13000.0,put,0.0,14929.5
24683337.758469407,2021-03-16,24643467.758469407,,0,0,1283337.7584694065,23400000.0,2021-04-29,22.15,1800,13000.0,put,0.0,14910.45
24683337.758469407,2021-03-17,24639327.758469407,,0,0,1283337.7584694065,23400000.0,2021-04-29,24.45,1800,13000.0,put,0.0,14721.3
24683337.758469407,2021-03-18,24636627.758469407,,0,0,1283337.7584694065,23400000.0,2021-04-29,25.95,1800,13000.0,put,0.0,14557.85
24683337.758469407,2021-03-19,24631677.758469407,,0,0,1283337.7584694065,23400000.0,2021-04-29,28.7,1800,13000.0,put,0.0,14744.0
24683337.758469407,2021-03-22,24631857.758469407,,0,0,1283337.7584694065,23400000.0,2021-04-29,28.6,1800,13000.0,put,0.0,14736.4
24683337.758469407,2021-03-23,24638517.758469407,,0,0,1283337.7584694065,23400000.0,2021-04-29,24.9,1800,13000.0,put,0.0,14814.75
24683337.758469407,2021-03-24,24620697.758469407,,0,0,1283337.7584694065,23400000.0,2021-04-29,34.8,1800,13000.0,put,0.0,14549.4
24683337.758469407,2021-03-25,24606477.758469407,,0,0,1283337.7584694065,23400000.0,2021-04-29,42.7,1800,13000.0,put,0.0,14324.9
24683337.758469407,2021-03-26,24638337.758469407,,0,0,1283337.7584694065,23400000.0,2021-04-29,25.0,1800,13000.0,put,0.0,14507.3
24683337.758469407,2021-03-31,24650577.758469407,,0,0,1283337.7584694065,23400000.0,2021-04-29,18.2,1800,13000.0,put,0.0,14690.7
24683337.758469407,2021-04-01,24658947.758469407,,0,0,1283337.7584694065,23400000.0,2021-04-29,13.55,1800,13000.0,put,0.0,14867.35
24683337.758469407,2021-04-05,24649497.758469407,,0,0,1283337.7584694065,23400000.0,2021-04-29,18.8,1800,13000.0,put,0.0,14637.8
24683337.758469407,2021-04-06,24655977.758469407,,0,0,1283337.7584694065,23400000.0,2021-04-29,15.2,1800,13000.0,put,0.0,14683.5
24683337.758469407,2021-04-07,24659217.758469407,,0,0,1283337.7584694065,23400000.0,2021-04-29,13.4,1800,13000.0,put,0.0,14819.05
24683337.758469407,2021-04-08,24660477.758469407,,0,0,1283337.7584694065,23400000.0,2021-04-29,12.7,1800,13000.0,put,0.0,14873.8
24683337.758469407,2021-04-09,24664707.758469407,,0,0,1283337.7584694065,23400000.0,2021-04-29,10.35,1800,13000.0,put,0.0,14834.85
24683337.758469407,2021-04-12,24624657.758469407,,0,0,1283337.7584694065,23400000.0,2021-04-29,32.6,1800,13000.0,put,0.0,14310.8
24683337.758469407,2021-04-13,24658587.758469407,,0,0,1283337.7584694065,23400000.0,2021-04-29,13.75,1800,13000.0,put,0.0,14504.8
24683337.758469407,2021-04-15,24662637.758469407,,0,0,1283337.7584694065,23400000.0,2021-04-29,11.5,1800,13000.0,put,0.0,14581.45
24683337.758469407,2021-04-16,24668217.758469407,,0,0,1283337.7584694065,23400000.0,2021-04-29,8.4,1800,13000.0,put,0.0,14617.85
24683337.758469407,2021-04-19,24657417.758469407,,0,0,1283337.7584694065,23400000.0,2021-04-29,14.4,1800,13000.0,put,0.0,14359.45
24683337.758469407,2021-04-20,24662007.758469407,,0,0,1283337.7584694065,23400000.0,2021-04-29,11.85,1800,13000.0,put,0.0,14296.4
24683337.758469407,2021-04-22,24668937.758469407,,0,0,1283337.7584694065,23400000.0,2021-04-29,8.0,1800,13000.0,put,0.0,14406.15
24683337.758469407,2021-04-23,24675057.758469407,,0,0,1283337.7584694065,23400000.0,2021-04-29,4.6,1800,13000.0,put,0.0,14341.35
24683337.758469407,2021-04-26,24680097.758469407,,0,0,1283337.7584694065,23400000.0,2021-04-29,1.8,1800,13000.0,put,0.0,14485.0
24683337.758469407,2021-04-27,24681087.758469407,,0,0,1283337.7584694065,23400000.0,2021-04-29,1.25,1800,13000.0,put,0.0,14653.05
24683337.758469407,2021-04-28,24681267.758469407,,0,0,1283337.7584694065,23400000.0,2021-04-29,1.15,1800,13000.0,put,0.0,14864.55
24683337.758469407,2021-04-29,24683337.758469407,,0,0,24683337.758469407,0.0,,0,0,,,0.0,14894.9
24967483.181974407,2021-04-30,24682340.681974407,,0,0,558733.1819744073,24408750.0,2021-05-27,165.3,1725,14150.0,put,0.0,14631.1
24967483.181974407,2021-05-03,24697865.681974407,,0,0,558733.1819744073,24408750.0,2021-05-27,156.3,1725,14150.0,put,0.0,14634.15
24967483.181974407,2021-05-04,24657414.431974407,,0,0,558733.1819744073,24408750.0,2021-05-27,179.75,1725,14150.0,put,0.0,14496.5
24967483.181974407,2021-05-05,24741766.931974407,,0,0,558733.1819744073,24408750.0,2021-05-27,130.85,1725,14150.0,put,0.0,14617.85
24967483.181974407,2021-05-06,24783943.181974407,,0,0,558733.1819744073,24408750.0,2021-05-27,106.4,1725,14150.0,put,0.0,14724.8
24967483.181974407,2021-05-07,24834226.931974407,,0,0,558733.1819744073,24408750.0,2021-05-27,77.25,1725,14150.0,put,0.0,14823.15
24967483.181974407,2021-05-10,24883561.931974407,,0,0,558733.1819744073,24408750.0,2021-05-27,48.65,1725,14150.0,put,0.0,14942.35
24967483.181974407,2021-05-11,24882268.181974407,,0,0,558733.1819744073,24408750.0,2021-05-27,49.4,1725,14150.0,put,0.0,14850.75
24967483.181974407,2021-05-12,24853201.931974407,,0,0,558733.1819744073,24408750.0,2021-05-27,66.25,1725,14150.0,put,0.0,14696.5
24967483.181974407,2021-05-14,24873643.181974407,,0,0,558733.1819744073,24408750.0,2021-05-27,54.4,1725,14150.0,put,0.0,14677.8
24967483.181974407,2021-05-17,24927463.181974407,,0,0,558733.1819744073,24408750.0,2021-05-27,23.2,1725,14150.0,put,0.0,14923.15
24967483.181974407,2021-05-18,24945230.681974407,,0,0,558733.1819744073,24408750.0,2021-05-27,12.9,1725,14150.0,put,0.0,15108.1
24967483.181974407,2021-05-19,24948421.931974407,,0,0,558733.1819744073,24408750.0,2021-05-27,11.05,1725,14150.0,put,0.0,15030.15
24967483.181974407,2021-05-20,24951440.681974407,,0,0,558733.1819744073,24408750.0,2021-05-27,9.3,1725,14150.0,put,0.0,14906.05
24967483.181974407,2021-05-21,24961100.681974407,,0,0,558733.1819744073,24408750.0,2021-05-27,3.7,1725,14150.0,put,0.0,15175.3
24967483.181974407,2021-05-24,24964378.181974407,,0,0,558733.1819744073,24408750.0,2021-05-27,1.8,1725,14150.0,put,0.0,15197.7
24967483.181974407,2021-05-25,24965413.181974407,,0,0,558733.1819744073,24408750.0,2021-05-27,1.2,1725,14150.0,put,0.0,15208.45
24967483.181974407,2021-05-26,24965758.181974407,,0,0,558733.1819744073,24408750.0,2021-05-27,1.0,1725,14150.0,put,0.0,15301.45
24967483.181974407,2021-05-27,24967483.181974407,,0,0,24967483.181974407,0.0,,0,0,,,0.0,15337.85
25042442.712614406,2021-05-28,24967202.712614406,,0,0,1034942.7126144059,24007500.0,2021-06-24,45.6,1650,14550.0,put,0.0,15435.65
25042442.712614406,2021-05-31,24988322.712614406,,0,0,1034942.7126144059,24007500.0,2021-06-24,32.8,1650,14550.0,put,0.0,15582.8
25042442.712614406,2021-06-01,24997810.212614406,,0,0,1034942.7126144059,24007500.0,2021-06-24,27.05,1650,14550.0,put,0.0,15574.85
25042442.712614406,2021-06-02,25006802.712614406,,0,0,1034942.7126144059,24007500.0,2021-06-24,21.6,1650,14550.0,put,0.0,15576.2
25042442.712614406,2021-06-03,25017115.212614406,,0,0,1034942.7126144059,24007500.0,2021-06-24,15.35,1650,14550.0,put,0.0,15690.35
25042442.712614406,2021-06-04,25021817.712614406,,0,0,1034942.7126144059,24007500.0,2021-06-24,12.5,1650,14550.0,put,0.0,15670.25
25042442.712614406,2021-06-07,25027345.212614406,,0,0,1034942.7126144059,24007500.0,2021-06-24,9.15,1650,14550.0,put,0.0,15751.65
25042442.712614406,2021-06-08,25029572.712614406,,0,0,1034942.7126144059,24007500.0,2021-06-24,7.8,1650,14550.0,put,0.0,15740.1
25042442.712614406,2021-06-09,25027180.212614406,,0,0,1034942.7126144059,24007500.0,2021-06-24,9.25,1650,14550.0,put,0.0,15635.35
25042442.712614406,2021-06-10,25031387.712614406,,0,0,1034942.7126144059,24007500.0,2021-06-24,6.7,1650,14550.0,put,0.0,15737.75
25042442.712614406,2021-06-11,25034440.212614406,,0,0,1034942.7126144059,24007500.0,2021-06-24,4.85,1650,14550.0,put,0.0,15799.35
25042442.712614406,2021-06-14,25031965.212614406,,0,0,1034942.7126144059,24007500.0,2021-06-24,6.35,1650,14550.0,put,0.0,15811.85
25042442.712614406,2021-06-15,25032790.212614406,,0,0,1034942.7126144059,24007500.0,2021-06-24,5.85,1650,14550.0,put,0.0,15869.25
25042442.712614406,2021-06-16,25033367.712614406,,0,0,1034942.7126144059,24007500.0,2021-06-24,5.5,1650,14550.0,put,0.0,15767.55
25042442.712614406,2021-06-17,25035595.212614406,,0,0,1034942.7126144059,24007500.0,2021-06-24,4.15,1650,14550.0,put,0.0,15691.4
25042442.712614406,2021-06-18,25039307.712614406,,0,0,1034942.7126144059,24007500.0,2021-06-24,1.9,1650,14550.0,put,0.0,15683.35
25042442.712614406,2021-06-21,25039885.212614406,,0,0,1034942.7126144059,24007500.0,2021-06-24,1.55,1650,14550.0,put,0.0,15746.5
25042442.712614406,2021-06-22,25040792.712614406,,0,0,1034942.7126144059,24007500.0,2021-06-24,1.0,1650,14550.0,put,0.0,15772.75
25042442.712614406,2021-06-23,25041370.212614406,,0,0,1034942.7126144059,24007500.0,2021-06-24,0.65,1650,14550.0,put,0.0,15686.95
25042442.712614406,2021-06-24,25042442.712614406,,0,0,25042442.712614406,0.0,,0,0,,,0.0,15790.45
25108358.225304406,2021-06-25,25042193.225304406,,0,0,358358.22530440614,24750000.0,2021-07-29,40.1,1650,15000.0,put,0.0,15860.35
25108358.225304406,2021-06-28,25050030.725304406,,0,0,358358.22530440614,24750000.0,2021-07-29,35.35,1650,15000.0,put,0.0,15814.7
25108358.225304406,2021-06-29,25050360.725304406,,0,0,358358.22530440614,24750000.0,2021-07-29,35.15,1650,15000.0,put,0.0,15748.45
25108358.225304406,2021-06-30,25047555.725304406,,0,0,358358.22530440614,24750000.0,2021-07-29,36.85,1650,15000.0,put,0.0,15721.5
25108358.225304406,2021-07-01,25049865.725304406,,0,0,358358.22530440614,24750000.0,2021-07-29,35.45,1650,15000.0,put,0.0,15680.0
25108358.225304406,2021-07-02,25065540.725304406,,0,0,358358.22530440614,24750000.0,2021-07-29,25.95,1650,15000.0,put,0.0,15722.2
25108358.225304406,2021-07-05,25081133.225304406,,0,0,358358.22530440614,24750000.0,2021-07-29,16.5,1650,15000.0,put,0.0,15834.35
25108358.225304406,2021-07-06,25078740.725304406,,0,0,358358.22530440614,24750000.0,2021-07-29,17.95,1650,15000.0,put,0.0,15818.25
25108358.225304406,2021-07-07,25085010.725304406,,0,0,358358.22530440614,24750000.0,2021-07-29,14.15,1650,15000.0,put,0.0,15879.65
25108358.225304406,2021-07-08,25061498.225304406,,0,0,358358.22530440614,24750000.0,2021-07-29,28.4,1650,15000.0,put,0.0,15727.9
25108358.225304406,2021-07-09,25071480.725304406,,0,0,358358.22530440614,24750000.0,2021-07-29,22.35,1650,15000.0,put,0.0,15689.8
25108358.225304406,2021-07-12,25075935.725304406,,0,0,358358.22530440614,24750000.0,2021-07-29,19.65,1650,15000.0,put,0.0,15692.6
25108358.225304406,2021-07-13,25087238.225304406,,0,0,358358.22530440614,24750000.0,2021-07-29,12.8,1650,15000.0,put,0.0,15812.35
25108358.225304406,2021-07-14,25090208.225304406,,0,0,358358.22530440614,24750000.0,2021-07-29,11.0,1650,15000.0,put,0.0,15853.95
25108358.225304406,2021-07-15,25095240.725304406,,0,0,358358.22530440614,24750000.0,2021-07-29,7.95,1650,15000.0,put,0.0,15924.2
25108358.225304406,2021-07-16,25096890.725304406,,0,0,358358.22530440614,24750000.0,2021-07-29,6.95,1650,15000.0,put,0.0,15923.4
25108358.225304406,2021-07-19,25093095.725304406,,0,0,358358.22530440614,24750000.0,2021-07-29,9.25,1650,15000.0,put,0.0,15752.4
25108358.225304406,2021-07-20,25087568.225304406,,0,0,358358.22530440614,24750000.0,2021-07-29,12.6,1650,15000.0,put,0.0,15632.1
25108358.225304406,2021-07-22,25102170.725304406,,0,0,358358.22530440614,24750000.0,2021-07-29,3.75,1650,15000.0,put,0.0,15824.05
25108358.225304406,2021-07-23,25103903.225304406,,0,0,358358.22530440614,24750000.0,2021-07-29,2.7,1650,15000.0,put,0.0,15856.05
25108358.225304406,2021-07-26,25105140.725304406,,0,0,358358.22530440614,24750000.0,2021-07-29,1.95,1650,15000.0,put,0.0,15824.45
25108358.225304406,2021-07-27,25106460.725304406,,0,0,358358.22530440614,24750000.0,2021-07-29,1.15,1650,15000.0,put,0.0,15746.45
25108358.225304406,2021-07-28,25107203.225304406,,0,0,358358.22530440614,24750000.0,2021-07-29,0.7,1650,15000.0,put,0.0,15709.4
25108358.225304406,2021-07-29,25108358.225304406,,0,0,25108358.225304406,0.0,,0,0,,,0.0,15778.45
25162680.951349407,2021-07-30,25108148.451349407,,0,0,412680.95134940743,24750000.0,2021-08-26,33.05,1650,15000.0,put,0.0,15763.05
25162680.951349407,2021-08-02,25122420.951349407,,0,0,412680.95134940743,24750000.0,2021-08-26,24.4,1650,15000.0,put,0.0,15885.15
25162680.951349407,2021-08-03,25125720.951349407,,0,0,412680.95134940743,24750000.0,2021-08-26,22.4,1650,15000.0,put,0.0,16130.75
25162680.951349407,2021-08-04,25135868.451349407,,0,0,412680.95134940743,24750000.0,2021-08-26,16.25,1650,15000.0,put,0.0,16258.8
25162680.951349407,2021-08-05,25140983.451349407,,0,0,412680.95134940743,24750000.0,2021-08-26,13.15,1650,15000.0,put,0.0,16294.6
25162680.951349407,2021-08-06,25142468.451349407,,0,0,412680.95134940743,24750000.0,2021-08-26,12.25,1650,15000.0,put,0.0,16238.2
25162680.951349407,2021-08-09,25149975.951349407,,0,0,412680.95134940743,24750000.0,2021-08-26,7.7,1650,15000.0,put,0.0,16258.25
25162680.951349407,2021-08-10,25151543.451349407,,0,0,412680.95134940743,24750000.0,2021-08-26,6.75,1650,15000.0,put,0.0,16280.1
25162680.951349407,2021-08-11,25152780.951349407,,0,0,412680.95134940743,24750000.0,2021-08-26,6.0,1650,15000.0,put,0.0,16282.25
25162680.951349407,2021-08-12,25153688.451349407,,0,0,412680.95134940743,24750000.0,2021-08-26,5.45,1650,15000.0,put,0.0,16364.4
25162680.951349407,2021-08-13,25151130.951349407,,0,0,412680.95134940743,24750000.0,2021-08-26,7.0,1650,15000.0,put,0.0,16529.1
25162680.951349407,2021-08-16,25152450.951349407,,0,0,412680.95134940743,24750000.0,2021-08-26,6.2,1650,15000.0,put,0.0,16563.05
25162680.951349407,2021-08-17,25153605.951349407,,0,0,412680.95134940743,24750000.0,2021-08-26,5.5,1650,15000.0,put,0.0,16614.6
25162680.951349407,2021-08-18,25158060.951349407,,0,0,412680.95134940743,24750000.0,2021-08-26,2.8,1650,15000.0,put,0.0,16568.85
25162680.951349407,2021-08-20,25158968.451349407,,0,0,412680.95134940743,24750000.0,2021-08-26,2.25,1650,15000.0,put,0.0,16450.5
25162680.951349407,2021-08-23,25160205.951349407,,0,0,412680.95134940743,24750000.0,2021-08-26,1.5,1650,15000.0,put,0.0,16496.45
25162680.951349407,2021-08-24,25160453.451349407,,0,0,412680.95134940743,24750000.0,2021-08-26,1.35,1650,15000.0,put,0.0,16624.6
25162680.951349407,2021-08-25,25161525.951349407,,0,0,412680.95134940743,24750000.0,2021-08-26,0.7,1650,15000.0,put,0.0,16634.65
25162680.951349407,2021-08-26,25162680.951349407,,0,0,25162680.951349407,0.0,,0,0,,,0.0,16636.9
25216181.493944407,2021-08-27,25162473.993944407,,0,0,726181.4939444065,24490000.0,2021-09-30,34.65,1550,15800.0,put,0.0,16705.2
25216181.493944407,2021-08-30,25187506.493944407,,0,0,726181.4939444065,24490000.0,2021-09-30,18.5,1550,15800.0,put,0.0,16931.05
25216181.493944407,2021-08-31,25185491.493944407,,0,0,726181.4939444065,24490000.0,2021-09-30,19.8,1550,15800.0,put,0.0,17132.2
25216181.493944407,2021-09-01,25189443.993944407,,0,0,726181.4939444065,24490000.0,2021-09-30,17.25,1550,15800.0,put,0.0,17076.25
25216181.493944407,2021-09-02,25194636.493944407,,0,0,726181.4939444065,24490000.0,2021-09-30,13.9,1550,15800.0,put,0.0,17234.15
25216181.493944407,2021-09-03,25194791.493944407,,0,0,726181.4939444065,24490000.0,2021-09-30,13.8,1550,15800.0,put,0.0,17323.6
25216181.493944407,2021-09-06,25194713.993944407,,0,0,726181.4939444065,24490000.0,2021-09-30,13.85,1550,15800.0,put,0.0,17377.8
25216181.493944407,2021-09-07,25193008.993944407,,0,0,726181.4939444065,24490000.0,2021-09-30,14.95,1550,15800.0,put,0.0,17362.1
25216181.493944407,2021-09-08,25193241.493944407,,0,0,726181.4939444065,24490000.0,2021-09-30,14.8,1550,15800.0,put,0.0,17353.5
25216181.493944407,2021-09-09,25198433.993944407,,0,0,726181.4939444065,24490000.0,2021-09-30,11.45,1550,15800.0,put,0.0,17369.25
25216181.493944407,2021-09-13,25201921.493944407,,0,0,726181.4939444065,24490000.0,2021-09-30,9.2,1550,15800.0,put,0.0,17355.3
25216181.493944407,2021-09-14,25203083.993944407,,0,0,726181.4939444065,24490000.0,2021-09-30,8.45,1550,15800.0,put,0.0,17380.0
25216181.493944407,2021-09-15,25203703.993944407,,0,0,726181.4939444065,24490000.0,2021-09-30,8.05,1550,15800.0,put,0.0,17519.45
25216181.493944407,2021-09-16,25204401.493944407,,0,0,726181.4939444065,24490000.0,2021-09-30,7.6,1550,15800.0,put,0.0,17629.5
25216181.493944407,2021-09-17,25205331.493944407,,0,0,726181.4939444065,24490000.0,2021-09-30,7.0,1550,15800.0,put,0.0,17585.15
25216181.493944407,2021-09-20,25201068.993944407,,0,0,726181.4939444065,24490000.0,2021-09-30,9.75,1550,15800.0,put,0.0,17396.9
25216181.493944407,2021-09-21,25207191.493944407,,0,0,726181.4939444065,24490000.0,2021-09-30,5.8,1550,15800.0,put,0.0,17562.0
25216181.493944407,2021-09-22,25209206.493944407,,0,0,726181.4939444065,24490000.0,2021-09-30,4.5,1550,15800.0,put,0.0,17546.65
25216181.493944407,2021-09-23,25211686.493944407,,0,0,726181.4939444065,24490000.0,2021-09-30,2.9,1550,15800.0,put,0.0,17822.95
25216181.493944407,2021-09-24,25212771.493944407,,0,0,726181.4939444065,24490000.0,2021-09-30,2.2,1550,15800.0,put,0.0,17853.2
25216181.493944407,2021-09-27,25213701.493944407,,0,0,726181.4939444065,24490000.0,2021-09-30,1.6,1550,15800.0,put,0.0,17855.1
25216181.493944407,2021-09-28,25214088.993944407,,0,0,726181.4939444065,24490000.0,2021-09-30,1.35,1550,15800.0,put,0.0,17748.6
25216181.493944407,2021-09-29,25214631.493944407,,0,0,726181.4939444065,24490000.0,2021-09-30,1.0,1550,15800.0,put,0.0,17711.3
25216181.493944407,2021-09-30,25216181.493944407,,0,0,25216181.493944407,0.0,,0,0,,,0.0,17618.15
25329693.95399441,2021-10-01,25215768.95399441,,0,0,204693.95399440825,25125000.0,2021-10-28,75.95,1500,16750.0,put,0.0,17532.05
25329693.95399441,2021-10-04,25266093.95399441,,0,0,204693.95399440825,25125000.0,2021-10-28,42.4,1500,16750.0,put,0.0,17691.25
25329693.95399441,2021-10-05,25283793.95399441,,0,0,204693.95399440825,25125000.0,2021-10-28,30.6,1500,16750.0,put,0.0,17822.3
25329693.95399441,2021-10-06,25250868.95399441,,0,0,204693.95399440825,25125000.0,2021-10-28,52.55,1500,16750.0,put,0.0,17646.0
25329693.95399441,2021-10-07,25287018.95399441,,0,0,204693.95399440825,25125000.0,2021-10-28,28.45,1500,16750.0,put,0.0,17790.35
25329693.95399441,2021-10-08,25298793.95399441,,0,0,204693.95399440825,25125000.0,2021-10-28,20.6,1500,16750.0,put,0.0,17895.2
25329693.95399441,2021-10-11,25300518.95399441,,0,0,204693.95399440825,25125000.0,2021-10-28,19.45,1500,16750.0,put,0.0,17945.95
25329693.95399441,2021-10-12,25304118.95399441,,0,0,204693.95399440825,25125000.0,2021-10-28,17.05,1500,16750.0,put,0.0,17991.95
25329693.95399441,2021-10-13,25307043.95399441,,0,0,204693.95399440825,25125000.0,2021-10-28,15.1,1500,16750.0,put,0.0,18161.75
25329693.95399441,2021-10-14,25314393.95399441,,0,0,204693.95399440825,25125000.0,2021-10-28,10.2,1500,16750.0,put,0.0,18338.55
25329693.95399441,2021-10-18,25316193.95399441,,0,0,204693.95399440825,25125000.0,2021-10-28,9.0,1500,16750.0,put,0.0,18477.05
25329693.95399441,2021-10-19,25316268.95399441,,0,0,204693.95399440825,25125000.0,2021-10-28,8.95,1500,16750.0,put,0.0,18418.75
25329693.95399441,2021-10-20,25319793.95399441,,0,0,204693.95399440825,25125000.0,2021-10-28,6.6,1500,16750.0,put,0.0,18266.6
25329693.95399441,2021-10-21,25326693.95399441,,0,0,204693.95399440825,25125000.0,2021-10-28,2.0,1500,16750.0,put,0.0,18178.1
25329693.95399441,2021-10-22,25327443.95399441,,0,0,204693.95399440825,25125000.0,2021-10-28,1.5,1500,16750.0,put,0.0,18114.9
25329693.95399441,2021-10-25,25328118.95399441,,0,0,204693.95399440825,25125000.0,2021-10-28,1.05,1500,16750.0,put,0.0,18125.4
25329693.95399441,2021-10-26,25328568.95399441,,0,0,204693.95399440825,25125000.0,2021-10-28,0.75,1500,16750.0,put,0.0,18268.4
25329693.95399441,2021-10-27,25329093.95399441,,0,0,204693.95399440825,25125000.0,2021-10-28,0.4,1500,16750.0,put,0.0,18210.95
25329693.95399441,2021-10-28,25329693.95399441,,0,0,25329693.95399441,0.0,,0,0,,,0.0,17857.25
25450910.02382441,2021-10-29,25329255.02382441,,0,0,873410.0238244087,24577500.0,2021-11-25,83.9,1450,16950.0,put,0.0,17671.65
25450910.02382441,2021-11-01,25394940.02382441,,0,0,873410.0238244087,24577500.0,2021-11-25,38.6,1450,16950.0,put,0.0,17929.65
25450910.02382441,2021-11-02,25396535.02382441,,0,0,873410.0238244087,24577500.0,2021-11-25,37.5,1450,16950.0,put,0.0,17888.95
25450910.02382441,2021-11-03,25401900.02382441,,0,0,873410.0238244087,24577500.0,2021-11-25,33.8,1450,16950.0,put,0.0,17829.2
25450910.02382441,2021-11-04,25414225.02382441,,0,0,873410.0238244087,24577500.0,2021-11-25,25.3,1450,16950.0,put,0.0,17916.8
25450910.02382441,2021-11-08,25431190.02382441,,0,0,873410.0238244087,24577500.0,2021-11-25,13.6,1450,16950.0,put,0.0,18068.55
25450910.02382441,2021-11-09,25431045.02382441,,0,0,873410.0238244087,24577500.0,2021-11-25,13.7,1450,16950.0,put,0.0,18044.25
25450910.02382441,2021-11-10,25432277.52382441,,0,0,873410.0238244087,24577500.0,2021-11-25,12.85,1450,16950.0,put,0.0,18017.2
25450910.02382441,2021-11-11,25431190.02382441,,0,0,873410.0238244087,24577500.0,2021-11-25,13.6,1450,16950.0,put,0.0,17873.6
25450910.02382441,2021-11-12,25443152.52382441,,0,0,873410.0238244087,24577500.0,2021-11-25,5.35,1450,16950.0,put,0.0,18102.75
25450910.02382441,2021-11-15,25440760.02382441,,0,0,873410.0238244087,24577500.0,2021-11-25,7.0,1450,16950.0,put,0.0,18109.45
25450910.02382441,2021-11-16,25443007.52382441,,0,0,873410.0238244087,24577500.0,2021-11-25,5.45,1450,16950.0,put,0.0,17999.2
25450910.02382441,2021-11-17,25442862.52382441,,0,0,873410.0238244087,24577500.0,2021-11-25,5.55,1450,16950.0,put,0.0,17898.65
25450910.02382441,2021-11-18,25444095.02382441,,0,0,873410.0238244087,24577500.0,2021-11-25,4.7,1450,16950.0,put,0.0,17764.8
25450910.02382441,2021-11-22,25426695.02382441,,0,0,873410.0238244087,24577500.0,2021-11-25,16.7,1450,16950.0,put,0.0,17416.55
25450910.02382441,2021-11-23,25442790.02382441,,0,0,873410.0238244087,24577500.0,2021-11-25,5.6,1450,16950.0,put,0.0,17503.35
25450910.02382441,2021-11-24,25446705.02382441,,0,0,873410.0238244087,24577500.0,2021-11-25,2.9,1450,16950.0,put,0.0,17415.05
25450910.02382441,2021-11-25,25450910.02382441,,0,0,25450910.02382441,0.0,,0,0,,,0.0,17536.25
25757261.87487441,2021-11-26,25449836.87487441,,0,0,782261.8748744093,24975000.0,2021-12-30,204.95,1500,16650.0,put,0.0,17026.45
25757261.87487441,2021-11-29,25477211.87487441,,0,0,782261.8748744093,24975000.0,2021-12-30,186.7,1500,16650.0,put,0.0,17053.95
25757261.87487441,2021-11-30,25446386.87487441,,0,0,782261.8748744093,24975000.0,2021-12-30,207.25,1500,16650.0,put,0.0,16983.2
25757261.87487441,2021-12-01,25549661.87487441,,0,0,782261.8748744093,24975000.0,2021-12-30,138.4,1500,16650.0,put,0.0,17166.9
25757261.87487441,2021-12-02,25626386.87487441,,0,0,782261.8748744093,24975000.0,2021-12-30,87.25,1500,16650.0,put,0.0,17401.65
25757261.87487441,2021-12-03,25579211.87487441,,0,0,782261.8748744093,24975000.0,2021-12-30,118.7,1500,16650.0,put,0.0,17196.7
25757261.87487441,2021-12-06,25448186.87487441,,0,0,782261.8748744093,24975000.0,2021-12-30,206.05,1500,16650.0,put,0.0,16912.25
25757261.87487441,2021-12-07,25597436.87487441,,0,0,782261.8748744093,24975000.0,2021-12-30,106.55,1500,16650.0,put,0.0,17176.7
25757261.87487441,2021-12-08,25668161.87487441,,0,0,782261.8748744093,24975000.0,2021-12-30,59.4,1500,16650.0,put,0.0,17469.75
25757261.87487441,2021-12-09,25686836.87487441,,0,0,782261.8748744093,24975000.0,2021-12-30,46.95,1500,16650.0,put,0.0,17516.85
25757261.87487441,2021-12-10,25702061.87487441,,0,0,782261.8748744093,24975000.0,2021-12-30,36.8,1500,16650.0,put,0.0,17511.3
25757261.87487441,2021-12-13,25691111.87487441,,0,0,782261.8748744093,24975000.0,2021-12-30,44.1,1500,16650.0,put,0.0,17368.25
25757261.87487441,2021-12-14,25679186.87487441,,0,0,782261.8748744093,24975000.0,2021-12-30,52.05,1500,16650.0,put,0.0,17324.9
25757261.87487441,2021-12-15,25663736.87487441,,0,0,782261.8748744093,24975000.0,2021-12-30,62.35,1500,16650.0,put,0.0,17221.4
25757261.87487441,2021-12-16,25698611.87487441,,0,0,782261.8748744093,24975000.0,2021-12-30,39.1,1500,16650.0,put,0.0,17248.4
25757261.87487441,2021-12-17,25635461.87487441,,0,0,782261.8748744093,24975000.0,2021-12-30,81.2,1500,16650.0,put,0.0,16985.2
25757261.87487441,2021-12-20,25439411.87487441,,0,0,782261.8748744093,24975000.0,2021-12-30,211.9,1500,16650.0,put,0.0,16614.2
25757261.87487441,2021-12-21,25573886.87487441,,0,0,782261.8748744093,24975000.0,2021-12-30,122.25,1500,16650.0,put,0.0,16770.85
25757261.87487441,2021-12-22,25667561.87487441,,0,0,782261.8748744093,24975000.0,2021-12-30,59.8,1500,16650.0,put,0.0,16955.45
25757261.87487441,2021-12-23,25707836.87487441,,0,0,782261.8748744093,24975000.0,2021-12-30,32.95,1500,16650.0,put,0.0,17072.6
25757261.87487441,2021-12-24,25698761.87487441,,0,0,782261.8748744093,24975000.0,2021-12-30,39.0,1500,16650.0,put,0.0,17003.75
25757261.87487441,2021-12-27,25728536.87487441,,0,0,782261.8748744093,24975000.0,2021-12-30,19.15,1500,16650.0,put,0.0,17086.25
25757261.87487441,2021-12-28,25748336.87487441,,0,0,782261.8748744093,24975000.0,2021-12-30,5.95,1500,16650.0,put,0.0,17233.25
25757261.87487441,2021-12-29,25753361.87487441,,0,0,782261.8748744093,24975000.0,2021-12-30,2.6,1500,16650.0,put,0.0,17213.6
25757261.87487441,2021-12-30,25757261.87487441,,0,0,25757261.87487441,0.0,,0,0,,,0.0,17203.95
25830843.62536941,2021-12-31,25756986.12536941,,0,0,488343.62536941096,25342500.0,2022-01-27,47.65,1550,16350.0,put,0.0,17354.05
25830843.62536941,2022-01-03,25787831.12536941,,0,0,488343.62536941096,25342500.0,2022-01-27,27.75,1550,16350.0,put,0.0,17625.7
25830843.62536941,2022-01-04,25798758.62536941,,0,0,488343.62536941096,25342500.0,2022-01-27,20.7,1550,16350.0,put,0.0,17805.25
25830843.62536941,2022-01-05,25794263.62536941,,0,0,488343.62536941096,25342500.0,2022-01-27,23.6,1550,16350.0,put,0.0,17925.25
25830843.62536941,2022-01-06,25792946.12536941,,0,0,488343.62536941096,25342500.0,2022-01-27,24.45,1550,16350.0,put,0.0,17745.9
25830843.62536941,2022-01-07,25801858.62536941,,0,0,488343.62536941096,25342500.0,2022-01-27,18.7,1550,16350.0,put,0.0,17812.7
25830843.62536941,2022-01-10,25813793.62536941,,0,0,488343.62536941096,25342500.0,2022-01-27,11.0,1550,16350.0,put,0.0,18003.3
25830843.62536941,2022-01-11,25814801.12536941,,0,0,488343.62536941096,25342500.0,2022-01-27,10.35,1550,16350.0,put,0.0,18055.75
25830843.62536941,2022-01-12,25819451.12536941,,0,0,488343.62536941096,25342500.0,2022-01-27,7.35,1550,16350.0,put,0.0,18212.35
25830843.62536941,2022-01-13,25820768.62536941,,0,0,488343.62536941096,25342500.0,2022-01-27,6.5,1550,16350.0,put,0.0,18257.8
25830843.62536941,2022-01-14,25823016.12536941,,0,0,488343.62536941096,25342500.0,2022-01-27,5.05,1550,16350.0,put,0.0,18255.75
25830843.62536941,2022-01-17,25825418.62536941,,0,0,488343.62536941096,25342500.0,2022-01-27,3.5,1550,16350.0,put,0.0,18308.1
25830843.62536941,2022-01-18,25824566.12536941,,0,0,488343.62536941096,25342500.0,2022-01-27,4.05,1550,16350.0,put,0.0,18113.05
25830843.62536941,2022-01-19,25824643.62536941,,0,0,488343.62536941096,25342500.0,2022-01-27,4.0,1550,16350.0,put,0.0,17938.4
25830843.62536941,2022-01-20,25826116.12536941,,0,0,488343.62536941096,25342500.0,2022-01-27,3.05,1550,16350.0,put,0.0,17757.0
25830843.62536941,2022-01-21,25826736.12536941,,0,0,488343.62536941096,25342500.0,2022-01-27,2.65,1550,16350.0,put,0.0,17617.15
25830843.62536941,2022-01-24,25812786.12536941,,0,0,488343.62536941096,25342500.0,2022-01-27,11.65,1550,16350.0,put,0.0,17149.1
25830843.62536941,2022-01-25,25826193.62536941,,0,0,488343.62536941096,25342500.0,2022-01-27,3.0,1550,16350.0,put,0.0,17277.95
25830843.62536941,2022-01-27,25830843.62536941,,0,0,25830843.62536941,0.0,,0,0,,,0.0,17110.15
26004522.473704413,2022-01-28,25830224.973704413,,0,0,817022.4737044126,25187500.0,2022-02-24,112.45,1550,16250.0,put,0.0,17101.95
26004522.473704413,2022-01-31,25890364.973704413,,0,0,817022.4737044126,25187500.0,2022-02-24,73.65,1550,16250.0,put,0.0,17339.85
26004522.473704413,2022-02-01,25951589.973704413,,0,0,817022.4737044126,25187500.0,2022-02-24,34.15,1550,16250.0,put,0.0,17576.85
26004522.473704413,2022-02-02,25980342.473704413,,0,0,817022.4737044126,25187500.0,2022-02-24,15.6,1550,16250.0,put,0.0,17780.0
26004522.473704413,2022-02-03,25960579.973704413,,0,0,817022.4737044126,25187500.0,2022-02-24,28.35,1550,16250.0,put,0.0,17560.2
26004522.473704413,2022-02-04,25965384.973704413,,0,0,817022.4737044126,25187500.0,2022-02-24,25.25,1550,16250.0,put,0.0,17516.3
26004522.473704413,2022-02-07,25930277.473704413,,0,0,817022.4737044126,25187500.0,2022-02-24,47.9,1550,16250.0,put,0.0,17213.6
26004522.473704413,2022-02-08,25952674.973704413,,0,0,817022.4737044126,25187500.0,2022-02-24,33.45,1550,16250.0,put,0.0,17266.75
26004522.473704413,2022-02-09,25983287.473704413,,0,0,817022.4737044126,25187500.0,2022-02-24,13.7,1550,16250.0,put,0.0,17463.8
26004522.473704413,2022-02-10,25990029.973704413,,0,0,817022.4737044126,25187500.0,2022-02-24,9.35,1550,16250.0,put,0.0,17605.85
26004522.473704413,2022-02-11,25974762.473704413,,0,0,817022.4737044126,25187500.0,2022-02-24,19.2,1550,16250.0,put,0.0,17374.75
26004522.473704413,2022-02-14,25859209.973704413,,0,0,817022.4737044126,25187500.0,2022-02-24,93.75,1550,16250.0,put,0.0,16842.8
26004522.473704413,2022-02-15,25971119.973704413,,0,0,817022.4737044126,25187500.0,2022-02-24,21.55,1550,16250.0,put,0.0,17352.45
26004522.473704413,2022-02-16,25973212.473704413,,0,0,817022.4737044126,25187500.0,2022-02-24,20.2,1550,16250.0,put,0.0,17322.2
26004522.473704413,2022-02-17,25964222.473704413,,0,0,817022.4737044126,25187500.0,2022-02-24,26.0,1550,16250.0,put,0.0,17304.6
26004522.473704413,2022-02-18,25974219.973704413,,0,0,817022.4737044126,25187500.0,2022-02-24,19.55,1550,16250.0,put,0.0,17276.3
26004522.473704413,2022-02-21,25990417.473704413,,0,0,817022.4737044126,25187500.0,2022-02-24,9.1,1550,16250.0,put,0.0,17206.65
26004522.473704413,2022-02-22,25987162.473704413,,0,0,817022.4737044126,25187500.0,2022-02-24,11.2,1550,16250.0,put,0.0,17092.2
26004522.473704413,2022-02-23,26002197.473704413,,0,0,817022.4737044126,25187500.0,2022-02-24,1.5,1550,16250.0,put,0.0,17063.25
26001344.973704413,2022-02-24,26001344.973704413,,0,0,26001344.973704413,0.0,,0,0,,,0.0,16247.95
25995088.818039626,2022-02-25,25995088.818039626,2022-03-31,16656.05,1550,22122557.193039626,3872531.6249999995,,0,0,,,16545.649999999998,16658.4
26499062.495119628,2022-02-28,26208282.495119628,2022-03-31,16794.25,1550,21074062.495119628,5425000.0,2022-03-31,187.6,1550,17500.0,call,16545.649999999998,16793.9
26218822.495119628,2022-03-02,25990507.495119628,2022-03-31,16613.45,1550,20793822.495119628,5425000.0,2022-03-31,147.3,1550,17500.0,call,16545.649999999998,16605.95
26051654.995119624,2022-03-03,25888052.495119624,2022-03-31,16505.6,1550,20626654.995119624,5425000.0,2022-03-31,105.55,1550,17500.0,call,16545.649999999998,16498.05
25669347.495119628,2022-03-04,25505744.995119628,2022-03-31,16258.95,1550,20244347.495119628,5425000.0,2022-03-31,105.55,1550,17500.0,call,16545.649999999998,16245.35
25069884.995119628,2022-03-07,24906282.495119628,2022-03-31,15872.2,1550,19644884.995119628,5425000.0,2022-03-31,105.55,1550,17500.0,call,16545.649999999998,15863.15
25069884.995119628,2022-03-08,24906282.495119628,2022-03-31,15872.2,1550,19644884.995119628,5425000.0,2022-03-31,105.55,1550,17500.0,call,16545.649999999998,16013.45
25834809.995119628,2022-03-09,25671207.495119628,2022-03-31,16365.7,1550,20409809.995119628,5425000.0,2022-03-31,105.55,1550,17500.0,call,16545.649999999998,16345.35
26216419.995119628,2022-03-10,26052817.495119628,2022-03-31,16611.9,1550,20791419.995119628,5425000.0,2022-03-31,105.55,1550,17500.0,call,16545.649999999998,16594.9
26271987.495119624,2022-03-11,26108384.995119624,2022-03-31,16647.75,1550,20846987.495119624,5425000.0,2022-03-31,105.55,1550,17500.0,call,16545.649999999998,16630.45
26640344.995119628,2022-03-14,26476742.495119628,2022-03-31,16885.4,1550,21215344.995119628,5425000.0,2022-03-31,105.55,1550,17500.0,call,16545.649999999998,16871.3
26304924.995119624,2022-03-15,26141322.495119624,2022-03-31,16669.0,1550,20879924.995119624,5425000.0,2022-03-31,105.55,1550,17500.0,call,16545.649999999998,16663.0
26831537.495119624,2022-03-16,26639569.995119624,2022-03-31,17008.75,1550,21406537.495119624,5425000.0,2022-03-31,123.85,1550,17500.0,call,16545.649999999998,16975.35
27317152.495119624,2022-03-17,26997542.495119624,2022-03-31,17322.05,1550,21892152.495119624,5425000.0,2022-03-31,206.2,1550,17500.0,call,16545.649999999998,17287.05
27063882.495119628,2022-03-21,26844944.995119628,2022-03-31,17158.65,1550,21638882.495119628,5425000.0,2022-03-31,141.25,1550,17500.0,call,16545.649999999998,17117.6
27380314.995119624,2022-03-22,27083567.495119624,2022-03-31,17362.8,1550,21955314.995119624,5425000.0,2022-03-31,191.45,1550,17500.0,call,16545.649999999998,17315.5
27239962.495119624,2022-03-23,27015832.495119624,2022-03-31,17272.25,1550,21814962.495119624,5425000.0,2022-03-31,144.6,1550,17500.0,call,16545.649999999998,17245.65
27194314.995119624,2022-03-24,27049777.495119624,2022-03-31,17242.8,1550,21769314.995119624,5425000.0,2022-03-31,93.25,1550,17500.0,call,16545.649999999998,17222.75
27118752.495119624,2022-03-25,27031177.495119624,2022-03-31,17194.05,1550,21693752.495119624,5425000.0,2022-03-31,56.5,1550,17500.0,call,16545.649999999998,17153.0
27234847.495119628,2022-03-28,27170212.495119628,2022-03-31,17268.95,1550,21809847.495119628,5425000.0,2022-03-31,41.7,1550,17500.0,call,16545.649999999998,17222.0
27388452.495119624,2022-03-29,27323817.495119624,2022-03-31,17368.05,1550,21963452.495119624,5425000.0,2022-03-31,41.7,1550,17500.0,call,16545.649999999998,17325.3
27616844.995119628,2022-03-30,27552209.995119628,2022-03-31,17515.4,1550,22191844.995119628,5425000.0,2022-03-31,41.7,1550,17500.0,call,16545.649999999998,17498.25
27523024.514055982,2022-03-31,27523024.514055982,2022-04-28,17544.45,1550,23443939.889055982,4079084.625,,0,0,,,16545.649999999998,17464.75
27916403.20912098,2022-04-01,27783800.70912098,2022-04-28,17713.0,1550,22227903.20912098,5688500.0,2022-04-28,85.55,1550,18350.0,call,16545.649999999998,17670.45
28513463.20912098,2022-04-04,28226635.70912098,2022-04-28,18098.2,1550,22824963.20912098,5688500.0,2022-04-28,185.05,1550,18350.0,call,16545.649999999998,18053.4
28388378.20912098,2022-04-05,28152933.20912098,2022-04-28,18017.5,1550,22699878.20912098,5688500.0,2022-04-28,151.9,1550,18350.0,call,16545.649999999998,17957.4
28155800.70912098,2022-04-06,27994368.20912098,2022-04-28,17867.45,1550,22467300.70912098,5688500.0,2022-04-28,104.15,1550,18350.0,call,16545.649999999998,17807.65
27943295.709120978,2022-04-07,27839678.209120978,2022-04-28,17730.35,1550,22254795.709120978,5688500.0,2022-04-28,66.85,1550,18350.0,call,16545.649999999998,17639.55
28173315.70912098,2022-04-08,28045208.20912098,2022-04-28,17878.75,1550,22484815.70912098,5688500.0,2022-04-28,82.65,1550,18350.0,call,16545.649999999998,17784.35
27933375.70912098,2022-04-11,27862618.20912098,2022-04-28,17723.95,1550,22244875.70912098,5688500.0,2022-04-28,45.65,1550,18350.0,call,16545.649999999998,17674.95
27705293.209120978,2022-04-12,27671038.209120978,2022-04-28,17576.8,1550,22016793.209120978,5688500.0,2022-04-28,22.1,1550,18350.0,call,16545.649999999998,17530.3
27616090.709120978,2022-04-13,27592685.709120978,2022-04-28,17519.25,1550,21927590.709120978,5688500.0,2022-04-28,15.1,1550,18350.0,call,16545.649999999998,17475.65
27167133.209120974,2022-04-18,27156593.209120974,2022-04-28,17229.6,1550,21478633.209120974,5688500.0,2022-04-28,6.8,1550,18350.0,call,16545.649999999998,17173.65
27167133.209120974,2022-04-19,27160623.209120974,2022-04-28,17229.6,1550,21478633.209120974,5688500.0,2022-04-28,4.2,1550,18350.0,call,16545.649999999998,16958.65
27063438.209120978,2022-04-20,27058323.209120978,2022-04-28,17162.7,1550,21374938.209120978,5688500.0,2022-04-28,3.3,1550,18350.0,call,16545.649999999998,17136.55
27446985.709120978,2022-04-21,27442800.709120978,2022-04-28,17410.15,1550,21758485.709120978,5688500.0,2022-04-28,2.7,1550,18350.0,call,16545.649999999998,17392.6
27086765.709120974,2022-04-22,27083743.209120974,2022-04-28,17177.75,1550,21398265.709120974,5688500.0,2022-04-28,1.95,1550,18350.0,call,16545.649999999998,17171.95
26746695.70912097,2022-04-25,26744448.20912097,2022-04-28,16958.35,1550,21058195.70912097,5688500.0,2022-04-28,1.45,1550,18350.0,call,16545.649999999998,16953.95
27127453.209120974,2022-04-26,27126058.209120974,2022-04-28,17204.0,1550,21438953.209120974,5688500.0,2022-04-28,0.9,1550,18350.0,call,16545.649999999998,17200.8
26894643.209120974,2022-04-27,26893248.209120974,2022-04-28,17053.8,1550,21206143.209120974,5688500.0,2022-04-28,0.9,1550,18350.0,call,16545.649999999998,17038.4
27175983.488635793,2022-04-28,27175983.488635793,2022-05-26,17260.35,1550,23162952.113635793,4013031.3749999995,,0,0,,,16545.649999999998,17245.05
27040367.626960795,2022-04-29,26981855.126960795,2022-05-26,17135.25,1550,21413867.626960795,5626500.0,2022-05-26,37.75,1550,18150.0,call,16545.649999999998,17102.55
26961317.626960795,2022-05-02,26917995.126960795,2022-05-26,17084.25,1550,21334817.626960795,5626500.0,2022-05-26,27.95,1550,18150.0,call,16545.649999999998,17069.1
26961317.626960795,2022-05-04,26931480.126960795,2022-05-26,17084.25,1550,21334817.626960795,5626500.0,2022-05-26,19.25,1550,18150.0,call,16545.649999999998,16677.6
26356895.126960795,2022-05-05,26340620.126960795,2022-05-26,16694.3,1550,20730395.126960795,5626500.0,2022-05-26,10.5,1550,18150.0,call,16545.649999999998,16682.65
25930800.1269608,2022-05-06,25917625.1269608,2022-05-26,16419.4,1550,20304300.1269608,5626500.0,2022-05-26,8.5,1550,18150.0,call,16545.649999999998,16411.25
25743947.6269608,2022-05-09,25731780.1269608,2022-05-26,16298.85,1550,20117447.6269608,5626500.0,2022-05-26,7.85,1550,18150.0,call,16545.649999999998,16301.85
25663735.1269608,2022-05-10,25654900.1269608,2022-05-26,16247.1,1550,20037235.1269608,5626500.0,2022-05-26,5.7,1550,18150.0,call,16545.649999999998,16240.05
25556552.6269608,2022-05-11,25548802.6269608,2022-05-26,16177.95,1550,19930052.6269608,5626500.0,2022-05-26,5.0,1550,18150.0,call,16545.649999999998,16167.1
24987392.6269608,2022-05-12,24979642.6269608,2022-05-26,15810.75,1550,19360892.6269608,5626500.0,2022-05-26,5.0,1550,18150.0,call,16545.649999999998,15808.0
24949960.1269608,2022-05-13,24944535.1269608,2022-05-26,15786.6,1550,19323460.1269608,5626500.0,2022-05-26,3.5,1550,18150.0,call,16545.649999999998,15782.15
25036760.1269608,2022-05-16,25032575.1269608,2022-05-26,15842.6,1550,19410260.1269608,5626500.0,2022-05-26,2.7,1550,18150.0,call,16545.649999999998,15842.3
25675902.6269608,2022-05-17,25672337.6269608,2022-05-26,16254.95,1550,20049402.6269608,5626500.0,2022-05-26,2.3,1550,18150.0,call,16545.649999999998,16259.3
25631107.626960795,2022-05-18,25627155.126960795,2022-05-26,16226.05,1550,20004607.626960795,5626500.0,2022-05-26,2.55,1550,18150.0,call,16545.649999999998,16240.3
24923377.6269608,2022-05-19,24920510.1269608,2022-05-26,15769.45,1550,19296877.6269608,5626500.0,2022-05-26,1.85,1550,18150.0,call,16545.649999999998,15809.4
25673267.6269608,2022-05-20,25671562.6269608,2022-05-26,16253.25,1550,20046767.6269608,5626500.0,2022-05-26,1.1,1550,18150.0,call,16545.649999999998,16266.15
25564922.6269608,2022-05-23,25563527.6269608,2022-05-26,16183.35,1550,19938422.6269608,5626500.0,2022-05-26,0.9,1550,18150.0,call,16545.649999999998,16214.7
25443015.1269608,2022-05-24,25441697.6269608,2022-05-26,16104.7,1550,19816515.1269608,5626500.0,2022-05-26,0.85,1550,18150.0,call,16545.649999999998,16125.15
25302120.126960795,2022-05-25,25301267.626960795,2022-05-26,16013.8,1550,19675620.126960795,5626500.0,2022-05-26,0.55,1550,18150.0,call,16545.649999999998,16025.8
25530309.62361827,2022-05-26,25530309.62361827,2022-06-30,16168.1,1550,21771226.37361827,3759083.25,,0,0,,,16545.649999999998,16170.15
25950282.94278327,2022-05-27,25775830.44278327,2022-06-30,16326.9,1550,20680282.94278327,5270000.0,2022-06-30,112.55,1550,17000.0,call,16545.649999999998,16352.45
26440935.44278327,2022-05-30,26152945.44278327,2022-06-30,16643.45,1550,21170935.44278327,5270000.0,2022-06-30,185.8,1550,17000.0,call,16545.649999999998,16661.4
26338867.942783266,2022-05-31,26091487.942783266,2022-06-30,16577.6,1550,21068867.942783266,5270000.0,2022-06-30,159.6,1550,17000.0,call,16545.649999999998,16584.55
26231142.942783266,2022-06-01,26017475.442783266,2022-06-30,16508.1,1550,20961142.942783266,5270000.0,2022-06-30,137.85,1550,17000.0,call,16545.649999999998,16522.75
26406447.94278327,2022-06-02,26151782.94278327,2022-06-30,16621.2,1550,21136447.94278327,5270000.0,2022-06-30,164.3,1550,17000.0,call,16545.649999999998,16628.0
26380795.44278327,2022-06-03,26148295.44278327,2022-06-30,16604.65,1550,21110795.44278327,5270000.0,2022-06-30,150.0,1550,17000.0,call,16545.649999999998,16584.3
26344525.442783266,2022-06-06,26137987.942783266,2022-06-30,16581.25,1550,21074525.442783266,5270000.0,2022-06-30,133.25,1550,17000.0,call,16545.649999999998,16569.55
26108925.442783266,2022-06-07,25964542.942783266,2022-06-30,16429.25,1550,20838925.442783266,5270000.0,2022-06-30,93.15,1550,17000.0,call,16545.649999999998,16416.35
26009027.942783266,2022-06-08,25900915.442783266,2022-06-30,16364.8,1550,20739027.942783266,5270000.0,2022-06-30,69.75,1550,17000.0,call,16545.649999999998,16356.25
26180535.44278327,2022-06-09,26058395.44278327,2022-06-30,16475.45,1550,20910535.44278327,5270000.0,2022-06-30,78.8,1550,17000.0,call,16545.649999999998,16478.1
25783580.44278327,2022-06-10,25722742.94278327,2022-06-30,16219.35,1550,20513580.44278327,5270000.0,2022-06-30,39.25,1550,17000.0,call,16545.649999999998,16201.8
25081275.44278327,2022-06-13,25055855.44278327,2022-06-30,15766.25,1550,19811275.44278327,5270000.0,2022-06-30,16.4,1550,17000.0,call,16545.649999999998,15774.4
25036635.44278327,2022-06-14,25017647.94278327,2022-06-30,15737.45,1550,19766635.44278327,5270000.0,2022-06-30,12.25,1550,17000.0,call,16545.649999999998,15732.1
24991995.44278327,2022-06-15,24974945.44278327,2022-06-30,15708.65,1550,19721995.44278327,5270000.0,2022-06-30,11.0,1550,17000.0,call,16545.649999999998,15692.15
24991995.44278327,2022-06-16,24982540.44278327,2022-06-30,15708.65,1550,19721995.44278327,5270000.0,2022-06-30,6.1,1550,17000.0,call,16545.649999999998,15360.6
24388425.44278327,2022-06-17,24381605.44278327,2022-06-30,15319.25,1550,19118425.44278327,5270000.0,2022-06-30,4.4,1550,17000.0,call,16545.649999999998,15293.5
24432445.44278327,2022-06-20,24427330.44278327,2022-06-30,15347.65,1550,19162445.44278327,5270000.0,2022-06-30,3.3,1550,17000.0,call,16545.649999999998,15350.15
24883107.94278327,2022-06-21,24877760.44278327,2022-06-30,15638.4,1550,19613107.94278327,5270000.0,2022-06-30,3.45,1550,17000.0,call,16545.649999999998,15638.8
24518857.94278327,2022-06-22,24514517.94278327,2022-06-30,15403.4,1550,19248857.94278327,5270000.0,2022-06-30,2.8,1550,17000.0,call,16545.649999999998,15413.3
24781660.44278327,2022-06-23,24779180.44278327,2022-06-30,15572.95,1550,19511660.44278327,5270000.0,2022-06-30,1.6,1550,17000.0,call,16545.649999999998,15556.65
24997652.942783266,2022-06-24,24995637.942783266,2022-06-30,15712.3,1550,19727652.942783266,5270000.0,2022-06-30,1.3,1550,17000.0,call,16545.649999999998,15699.25
25188690.442783266,2022-06-27,25186985.442783266,2022-06-30,15835.55,1550,19918690.442783266,5270000.0,2022-06-30,1.1,1550,17000.0,call,16545.649999999998,15832.05
25207522.94278327,2022-06-28,25206205.44278327,2022-06-30,15847.7,1550,19937522.94278327,5270000.0,2022-06-30,0.85,1550,17000.0,call,16545.649999999998,15850.2
25102432.94278327,2022-06-29,25101580.44278327,2022-06-30,15779.9,1550,19832432.94278327,5270000.0,2022-06-30,0.55,1550,17000.0,call,16545.649999999998,15799.1
25089175.24811745,2022-06-30,25089175.24811745,2022-07-28,15744.35,1550,21428613.87311745,3660561.375,,0,0,,,16545.649999999998,15780.25
25203898.627222452,2022-07-01,25104156.127222452,2022-07-28,15754.25,1550,20057898.627222452,5146000.0,2022-07-28,64.35,1550,16600.0,call,16545.649999999998,15752.05
25332083.627222452,2022-07-04,25233658.627222452,2022-07-28,15836.95,1550,20186083.627222452,5146000.0,2022-07-28,63.5,1550,16600.0,call,16545.649999999998,15835.35
25237688.62722245,2022-07-05,25163598.62722245,2022-07-28,15776.05,1550,20091688.62722245,5146000.0,2022-07-28,47.8,1550,16600.0,call,16545.649999999998,15810.85
25570008.627222452,2022-07-06,25453371.127222452,2022-07-28,15990.45,1550,20424008.627222452,5146000.0,2022-07-28,75.25,1550,16600.0,call,16545.649999999998,15989.8
25814443.627222452,2022-07-07,25669751.127222452,2022-07-28,16148.15,1550,20668443.627222452,5146000.0,2022-07-28,93.35,1550,16600.0,call,16545.649999999998,16132.9
25933871.127222452,2022-07-08,25786776.127222452,2022-07-28,16225.2,1550,20787871.127222452,5146000.0,2022-07-28,94.9,1550,16600.0,call,16545.649999999998,16220.6
25900236.127222452,2022-07-11,25781506.127222452,2022-07-28,16203.5,1550,20754236.127222452,5146000.0,2022-07-28,76.6,1550,16600.0,call,16545.649999999998,16216.0
25653398.627222452,2022-07-12,25584578.627222452,2022-07-28,16044.25,1550,20507398.627222452,5146000.0,2022-07-28,44.4,1550,16600.0,call,16545.649999999998,16058.3
25553656.127222452,2022-07-13,25504133.627222452,2022-07-28,15979.9,1550,20407656.127222452,5146000.0,2022-07-28,31.95,1550,16600.0,call,16545.649999999998,15966.65
25480263.627222452,2022-07-14,25449418.627222452,2022-07-28,15932.55,1550,20334263.627222452,5146000.0,2022-07-28,19.9,1550,16600.0,call,16545.649999999998,15938.65
25690676.127222452,2022-07-15,25654018.627222452,2022-07-28,16068.3,1550,20544676.127222452,5146000.0,2022-07-28,23.65,1550,16600.0,call,16545.649999999998,16049.2
26050198.627222452,2022-07-18,25969598.627222452,2022-07-28,16300.25,1550,20904198.627222452,5146000.0,2022-07-28,52.0,1550,16600.0,call,16545.649999999998,16278.5
26122583.627222452,2022-07-19,26039426.127222452,2022-07-28,16346.95,1550,20976583.627222452,5146000.0,2022-07-28,53.65,1550,16600.0,call,16545.649999999998,16340.55
26390191.12722245,2022-07-20,26229766.12722245,2022-07-28,16519.6,1550,21244191.12722245,5146000.0,2022-07-28,103.5,1550,16600.0,call,16545.649999999998,16520.85
26510936.127222452,2022-07-21,26300911.127222452,2022-07-28,16597.5,1550,21364936.127222452,5146000.0,2022-07-28,135.5,1550,16600.0,call,16545.649999999998,16605.25
26704841.12722245,2022-07-22,26395538.62722245,2022-07-28,16722.6,1550,21558841.12722245,5146000.0,2022-07-28,199.55,1550,16600.0,call,16545.649999999998,16719.45
26564566.12722245,2022-07-25,26374923.62722245,2022-07-28,16632.1,1550,21418566.12722245,5146000.0,2022-07-28,122.35,1550,16600.0,call,16545.649999999998,16631.0
26346326.12722245,2022-07-26,26280916.12722245,2022-07-28,16491.3,1550,21200326.12722245,5146000.0,2022-07-28,42.2,1550,16600.0,call,16545.649999999998,16483.85
26597426.12722245,2022-07-27,26428553.62722245,2022-07-28,16653.3,1550,21451426.12722245,5146000.0,2022-07-28,108.95,1550,16600.0,call,16545.649999999998,16641.8
26506353.341018133,2022-07-28,26506353.341018133,,0,0,26506353.341018133,0.0,,0,0,,,0.0,16929.6
26574336.769658133,2022-07-29,26506096.769658133,,0,0,814336.7696581334,25760000.0,2022-08-25,42.65,1600,16100.0,put,0.0,17158.25
26574336.769658133,2022-08-01,26524816.769658133,,0,0,814336.7696581334,25760000.0,2022-08-25,30.95,1600,16100.0,put,0.0,17340.05
26574336.769658133,2022-08-02,26516176.769658133,,0,0,814336.7696581334,25760000.0,2022-08-25,36.35,1600,16100.0,put,0.0,17345.45
26574336.769658133,2022-08-03,26524896.769658133,,0,0,814336.7696581334,25760000.0,2022-08-25,30.9,1600,16100.0,put,0.0,17388.15
26574336.769658133,2022-08-04,26522176.769658133,,0,0,814336.7696581334,25760000.0,2022-08-25,32.6,1600,16100.0,put,0.0,17382.0
26574336.769658133,2022-08-05,26533776.769658133,,0,0,814336.7696581334,25760000.0,2022-08-25,25.35,1600,16100.0,put,0.0,17397.5
26574336.769658133,2022-08-08,26547056.769658133,,0,0,814336.7696581334,25760000.0,2022-08-25,17.05,1600,16100.0,put,0.0,17525.1
26574336.769658133,2022-08-10,26552496.769658133,,0,0,814336.7696581334,25760000.0,2022-08-25,13.65,1600,16100.0,put,0.0,17534.75
26574336.769658133,2022-08-11,26562256.769658133,,0,0,814336.7696581334,25760000.0,2022-08-25,7.55,1600,16100.0,put,0.0,17659.0
26574336.769658133,2022-08-12,26565456.769658133,,0,0,814336.7696581334,25760000.0,2022-08-25,5.55,1600,16100.0,put,0.0,17698.15
26574336.769658133,2022-08-16,26568176.769658133,,0,0,814336.7696581334,25760000.0,2022-08-25,3.85,1600,16100.0,put,0.0,17825.25
26574336.769658133,2022-08-17,26568496.769658133,,0,0,814336.7696581334,25760000.0,2022-08-25,3.65,1600,16100.0,put,0.0,17944.25
26574336.769658133,2022-08-18,26571296.769658133,,0,0,814336.7696581334,25760000.0,2022-08-25,1.9,1600,16100.0,put,0.0,17956.5
26574336.769658133,2022-08-19,26571536.769658133,,0,0,814336.7696581334,25760000.0,2022-08-25,1.75,1600,16100.0,put,0.0,17758.45
26574336.769658133,2022-08-22,26572176.769658133,,0,0,814336.7696581334,25760000.0,2022-08-25,1.35,1600,16100.0,put,0.0,17490.7
26574336.769658133,2022-08-23,26572176.769658133,,0,0,814336.7696581334,25760000.0,2022-08-25,1.35,1600,16100.0,put,0.0,17577.5
26574336.769658133,2022-08-24,26573056.769658133,,0,0,814336.7696581334,25760000.0,2022-08-25,0.8,1600,16100.0,put,0.0,17604.95
26574336.769658133,2022-08-25,26574336.769658133,,0,0,26574336.769658133,0.0,,0,0,,,0.0,17522.45
26691942.706703134,2022-08-26,26573910.206703134,,0,0,884442.7067031339,25807500.0,2022-09-29,76.15,1550,16650.0,put,0.0,17558.9
26691942.706703134,2022-08-29,26492690.206703134,,0,0,884442.7067031339,25807500.0,2022-09-29,128.55,1550,16650.0,put,0.0,17312.9
26691942.706703134,2022-08-30,26603050.206703134,,0,0,884442.7067031339,25807500.0,2022-09-29,57.35,1550,16650.0,put,0.0,17759.3
26691942.706703134,2022-09-01,26556395.206703134,,0,0,884442.7067031339,25807500.0,2022-09-29,87.45,1550,16650.0,put,0.0,17542.8
26691942.706703134,2022-09-02,26559030.206703134,,0,0,884442.7067031339,25807500.0,2022-09-29,85.75,1550,16650.0,put,0.0,17539.45
26691942.706703134,2022-09-05,26591812.706703134,,0,0,884442.7067031339,25807500.0,2022-09-29,64.6,1550,16650.0,put,0.0,17665.8
26691942.706703134,2022-09-06,26598322.706703134,,0,0,884442.7067031339,25807500.0,2022-09-29,60.4,1550,16650.0,put,0.0,17655.6
26691942.706703134,2022-09-07,26603282.706703134,,0,0,884442.7067031339,25807500.0,2022-09-29,57.2,1550,16650.0,put,0.0,17624.4
26691942.706703134,2022-09-08,26639862.706703134,,0,0,884442.7067031339,25807500.0,2022-09-29,33.6,1550,16650.0,put,0.0,17798.75
26691942.706703134,2022-09-09,26652960.206703134,,0,0,884442.7067031339,25807500.0,2022-09-29,25.15,1550,16650.0,put,0.0,17833.35
26691942.706703134,2022-09-12,26663112.706703134,,0,0,884442.7067031339,25807500.0,2022-09-29,18.6,1550,16650.0,put,0.0,17936.35
26691942.706703134,2022-09-13,26672102.706703134,,0,0,884442.7067031339,25807500.0,2022-09-29,12.8,1550,16650.0,put,0.0,18070.05
26691942.706703134,2022-09-14,26667762.706703134,,0,0,884442.7067031339,25807500.0,2022-09-29,15.6,1550,16650.0,put,0.0,18003.75
26691942.706703134,2022-09-15,26669932.706703134,,0,0,884442.7067031339,25807500.0,2022-09-29,14.2,1550,16650.0,put,0.0,17877.4
26691942.706703134,2022-09-16,26638235.206703134,,0,0,884442.7067031339,25807500.0,2022-09-29,34.65,1550,16650.0,put,0.0,17530.85
26691942.706703134,2022-09-19,26653037.706703134,,0,0,884442.7067031339,25807500.0,2022-09-29,25.1,1550,16650.0,put,0.0,17622.25
26691942.706703134,2022-09-20,26675512.706703134,,0,0,884442.7067031339,25807500.0,2022-09-29,10.6,1550,16650.0,put,0.0,17816.25
26691942.706703134,2022-09-21,26671250.206703134,,0,0,884442.7067031339,25807500.0,2022-09-29,13.35,1550,16650.0,put,0.0,17718.35
26691942.706703134,2022-09-22,26681945.206703134,,0,0,884442.7067031339,25807500.0,2022-09-29,6.45,1550,16650.0,put,0.0,17629.8
26691942.706703134,2022-09-23,26664740.206703134,,0,0,884442.7067031339,25807500.0,2022-09-29,17.55,1550,16650.0,put,0.0,17327.35
26691942.706703134,2022-09-26,26642187.706703134,,0,0,884442.7067031339,25807500.0,2022-09-29,32.1,1550,16650.0,put,0.0,17016.3
26691942.706703134,2022-09-27,26668227.706703134,,0,0,884442.7067031339,25807500.0,2022-09-29,15.3,1550,16650.0,put,0.0,17007.4
26691942.706703134,2022-09-28,26662957.706703134,,0,0,884442.7067031339,25807500.0,2022-09-29,18.7,1550,16650.0,put,0.0,16858.6
26691942.706703134,2022-09-29,26691942.706703134,,0,0,26691942.706703134,0.0,,0,0,,,0.0,16818.1
26801187.287208132,2022-09-30,26691544.787208132,,0,0,401187.28720813245,26400000.0,2022-10-27,66.45,1650,16000.0,put,0.0,17094.35
26801187.287208132,2022-10-03,26641302.287208132,,0,0,401187.28720813245,26400000.0,2022-10-27,96.9,1650,16000.0,put,0.0,16887.35
26801187.287208132,2022-10-04,26737992.287208132,,0,0,401187.28720813245,26400000.0,2022-10-27,38.3,1650,16000.0,put,0.0,17274.3
26801187.287208132,2022-10-06,26753832.287208132,,0,0,401187.28720813245,26400000.0,2022-10-27,28.7,1650,16000.0,put,0.0,17331.8
26801187.287208132,2022-10-07,26763732.287208132,,0,0,401187.28720813245,26400000.0,2022-10-27,22.7,1650,16000.0,put,0.0,17314.65
26801187.287208132,2022-10-10,26762742.287208132,,0,0,401187.28720813245,26400000.0,2022-10-27,23.3,1650,16000.0,put,0.0,17241.0
26801187.287208132,2022-10-11,26734197.287208132,,0,0,401187.28720813245,26400000.0,2022-10-27,40.6,1650,16000.0,put,0.0,16983.55
26801187.287208132,2022-10-12,26757462.287208132,,0,0,401187.28720813245,26400000.0,2022-10-27,26.5,1650,16000.0,put,0.0,17123.6
26801187.287208132,2022-10-13,26751109.787208132,,0,0,401187.28720813245,26400000.0,2022-10-27,30.35,1650,16000.0,put,0.0,17014.35
26801187.287208132,2022-10-14,26782459.787208132,,0,0,401187.28720813245,26400000.0,2022-10-27,11.35,1650,16000.0,put,0.0,17185.7
26801187.287208132,2022-10-17,26788729.787208132,,0,0,401187.28720813245,26400000.0,2022-10-27,7.55,1650,16000.0,put,0.0,17311.8
26801187.287208132,2022-10-18,26793762.287208132,,0,0,401187.28720813245,26400000.0,2022-10-27,4.5,1650,16000.0,put,0.0,17486.95
26801187.287208132,2022-10-19,26795082.287208132,,0,0,401187.28720813245,26400000.0,2022-10-27,3.7,1650,16000.0,put,0.0,17512.25
26801187.287208132,2022-10-20,26796732.287208132,,0,0,401187.28720813245,26400000.0,2022-10-27,2.7,1650,16000.0,put,0.0,17563.95
26801187.287208132,2022-10-21,26798712.287208132,,0,0,401187.28720813245,26400000.0,2022-10-27,1.5,1650,16000.0,put,0.0,17576.3
26801187.287208132,2022-10-24,26799207.287208132,,0,0,401187.28720813245,26400000.0,2022-10-27,1.2,1650,16000.0,put,0.0,17730.75
26801187.287208132,2022-10-25,26800197.287208132,,0,0,401187.28720813245,26400000.0,2022-10-27,0.6,1650,16000.0,put,0.0,17656.35
26801187.287208132,2022-10-27,26801187.287208132,,0,0,26801187.287208132,0.0,,0,0,,,0.0,17736.95
26878244.631378133,2022-10-28,26800899.631378133,,0,0,760744.6313781328,26117500.0,2022-11-24,49.9,1550,16850.0,put,0.0,17786.8
26878244.631378133,2022-10-31,26835309.631378133,,0,0,760744.6313781328,26117500.0,2022-11-24,27.7,1550,16850.0,put,0.0,18012.2
26878244.631378133,2022-11-01,26845462.131378133,,0,0,760744.6313781328,26117500.0,2022-11-24,21.15,1550,16850.0,put,0.0,18145.4
26878244.631378133,2022-11-02,26843369.631378133,,0,0,760744.6313781328,26117500.0,2022-11-24,22.5,1550,16850.0,put,0.0,18082.85
26878244.631378133,2022-11-03,26849569.631378133,,0,0,760744.6313781328,26117500.0,2022-11-24,18.5,1550,16850.0,put,0.0,18052.7
26878244.631378133,2022-11-04,26859334.631378133,,0,0,760744.6313781328,26117500.0,2022-11-24,12.2,1550,16850.0,put,0.0,18117.15
26878244.631378133,2022-11-07,26866464.631378133,,0,0,760744.6313781328,26117500.0,2022-11-24,7.6,1550,16850.0,put,0.0,18202.8
26878244.631378133,2022-11-09,26866542.131378133,,0,0,760744.6313781328,26117500.0,2022-11-24,7.55,1550,16850.0,put,0.0,18157.0
26878244.631378133,2022-11-10,26867007.131378133,,0,0,760744.6313781328,26117500.0,2022-11-24,7.25,1550,16850.0,put,0.0,18028.2
26878244.631378133,2022-11-11,26872742.131378133,,0,0,760744.6313781328,26117500.0,2022-11-24,3.55,1550,16850.0,put,0.0,18349.7
26878244.631378133,2022-11-14,26873827.131378133,,0,0,760744.6313781328,26117500.0,2022-11-24,2.85,1550,16850.0,put,0.0,18329.15
26878244.631378133,2022-11-15,26874602.131378133,,0,0,760744.6313781328,26117500.0,2022-11-24,2.35,1550,16850.0,put,0.0,18403.4
26878244.631378133,2022-11-16,26874757.131378133,,0,0,760744.6313781328,26117500.0,2022-11-24,2.25,1550,16850.0,put,0.0,18409.65
26878244.631378133,2022-11-17,26875997.131378133,,0,0,760744.6313781328,26117500.0,2022-11-24,1.45,1550,16850.0,put,0.0,18343.9
26878244.631378133,2022-11-18,26876539.631378133,,0,0,760744.6313781328,26117500.0,2022-11-24,1.1,1550,16850.0,put,0.0,18307.65
26878244.631378133,2022-11-21,26877004.631378133,,0,0,760744.6313781328,26117500.0,2022-11-24,0.8,1550,16850.0,put,0.0,18159.95
26878244.631378133,2022-11-22,26877314.631378133,,0,0,760744.6313781328,26117500.0,2022-11-24,0.6,1550,16850.0,put,0.0,18244.2
26878244.631378133,2022-11-23,26877469.631378133,,0,0,760744.6313781328,26117500.0,2022-11-24,0.5,1550,16850.0,put,0.0,18267.25
26878244.631378133,2022-11-24,26878244.631378133,,0,0,26878244.631378133,0.0,,0,0,,,0.0,18484.1
26922693.681628134,2022-11-25,26878068.681628134,,0,0,597693.6816281341,26325000.0,2022-12-29,29.75,1500,17550.0,put,0.0,18512.75
26922693.681628134,2022-11-28,26877693.681628134,,0,0,597693.6816281341,26325000.0,2022-12-29,30.0,1500,17550.0,put,0.0,18562.75
26922693.681628134,2022-11-29,26884443.681628134,,0,0,597693.6816281341,26325000.0,2022-12-29,25.5,1500,17550.0,put,0.0,18618.05
26922693.681628134,2022-11-30,26890068.681628134,,0,0,597693.6816281341,26325000.0,2022-12-29,21.75,1500,17550.0,put,0.0,18758.35
26922693.681628134,2022-12-01,26899968.681628134,,0,0,597693.6816281341,26325000.0,2022-12-29,15.15,1500,17550.0,put,0.0,18812.5
26922693.681628134,2022-12-02,26898393.681628134,,0,0,597693.6816281341,26325000.0,2022-12-29,16.2,1500,17550.0,put,0.0,18696.1
26922693.681628134,2022-12-05,26899668.681628134,,0,0,597693.6816281341,26325000.0,2022-12-29,15.35,1500,17550.0,put,0.0,18701.05
26922693.681628134,2022-12-06,26899818.681628134,,0,0,597693.6816281341,26325000.0,2022-12-29,15.25,1500,17550.0,put,0.0,18642.75
26922693.681628134,2022-12-07,26896368.681628134,,0,0,597693.6816281341,26325000.0,2022-12-29,17.55,1500,17550.0,put,0.0,18560.5
26922693.681628134,2022-12-08,26904243.681628134,,0,0,597693.6816281341,26325000.0,2022-12-29,12.3,1500,17550.0,put,0.0,18609.35
26922693.681628134,2022-12-09,26899968.681628134,,0,0,597693.6816281341,26325000.0,2022-12-29,15.15,1500,17550.0,put,0.0,18496.6
26922693.681628134,2022-12-12,26905668.681628134,,0,0,597693.6816281341,26325000.0,2022-12-29,11.35,1500,17550.0,put,0.0,18497.15
26922693.681628134,2022-12-13,26909793.681628134,,0,0,597693.6816281341,26325000.0,2022-12-29,8.6,1500,17550.0,put,0.0,18608.0
26922693.681628134,2022-12-14,26910093.681628134,,0,0,597693.6816281341,26325000.0,2022-12-29,8.4,1500,17550.0,put,0.0,18660.3
26922693.681628134,2022-12-15,26900793.681628134,,0,0,597693.6816281341,26325000.0,2022-12-29,14.6,1500,17550.0,put,0.0,18414.9
26922693.681628134,2022-12-16,26899143.681628134,,0,0,597693.6816281341,26325000.0,2022-12-29,15.7,1500,17550.0,put,0.0,18269.0
26922693.681628134,2022-12-19,26910618.681628134,,0,0,597693.6816281341,26325000.0,2022-12-29,8.05,1500,17550.0,put,0.0,18420.45
26922693.681628134,2022-12-20,26912043.681628134,,0,0,597693.6816281341,26325000.0,2022-12-29,7.1,1500,17550.0,put,0.0,18385.3
26922693.681628134,2022-12-21,26894643.681628134,,0,0,597693.6816281341,26325000.0,2022-12-29,18.7,1500,17550.0,put,0.0,18199.1
26922693.681628134,2022-12-22,26903193.681628134,,0,0,597693.6816281341,26325000.0,2022-12-29,13.0,1500,17550.0,put,0.0,18127.35
26922693.681628134,2022-12-23,26862393.681628134,,0,0,597693.6816281341,26325000.0,2022-12-29,40.2,1500,17550.0,put,0.0,17806.8
26922693.681628134,2022-12-26,26904543.681628134,,0,0,597693.6816281341,26325000.0,2022-12-29,12.1,1500,17550.0,put,0.0,18014.6
26922693.681628134,2022-12-27,26915493.681628134,,0,0,597693.6816281341,26325000.0,2022-12-29,4.8,1500,17550.0,put,0.0,18132.3
26922693.681628134,2022-12-28,26919168.681628134,,0,0,597693.6816281341,26325000.0,2022-12-29,2.35,1500,17550.0,put,0.0,18122.5
26922693.681628134,2022-12-29,26922693.681628134,,0,0,26922693.681628134,0.0,,0,0,,,0.0,18191.0
26994035.605088133,2022-12-30,26922425.605088133,,0,0,179035.60508813336,26815000.0,2023-01-25,46.2,1550,17300.0,put,0.0,18105.3
26994035.605088133,2023-01-02,26945598.105088133,,0,0,179035.60508813336,26815000.0,2023-01-25,31.25,1550,17300.0,put,0.0,18197.45
26994035.605088133,2023-01-03,26957223.105088133,,0,0,179035.60508813336,26815000.0,2023-01-25,23.75,1550,17300.0,put,0.0,18232.55
26994035.605088133,2023-01-04,26931028.105088133,,0,0,179035.60508813336,26815000.0,2023-01-25,40.65,1550,17300.0,put,0.0,18042.95
26994035.605088133,2023-01-05,26937460.605088133,,0,0,179035.60508813336,26815000.0,2023-01-25,36.5,1550,17300.0,put,0.0,17992.15
26994035.605088133,2023-01-06,26924750.605088133,,0,0,179035.60508813336,26815000.0,2023-01-25,44.7,1550,17300.0,put,0.0,17859.45
26994035.605088133,2023-01-09,26963733.105088133,,0,0,179035.60508813336,26815000.0,2023-01-25,19.55,1550,17300.0,put,0.0,18101.2
26994035.605088133,2023-01-10,26940793.105088133,,0,0,179035.60508813336,26815000.0,2023-01-25,34.35,1550,17300.0,put,0.0,17914.15
26994035.605088133,2023-01-11,26940173.105088133,,0,0,179035.60508813336,26815000.0,2023-01-25,34.75,1550,17300.0,put,0.0,17895.7
26994035.605088133,2023-01-12,26943118.105088133,,0,0,179035.60508813336,26815000.0,2023-01-25,32.85,1550,17300.0,put,0.0,17858.2
26994035.605088133,2023-01-13,26968073.105088133,,0,0,179035.60508813336,26815000.0,2023-01-25,16.75,1550,17300.0,put,0.0,17956.6
26994035.605088133,2023-01-16,26970243.105088133,,0,0,179035.60508813336,26815000.0,2023-01-25,15.35,1550,17300.0,put,0.0,17894.85
26994035.605088133,2023-01-17,26981790.605088133,,0,0,179035.60508813336,26815000.0,2023-01-25,7.9,1550,17300.0,put,0.0,18053.3
26994035.605088133,2023-01-18,26984890.605088133,,0,0,179035.60508813336,26815000.0,2023-01-25,5.9,1550,17300.0,put,0.0,18165.35
26994035.605088133,2023-01-19,26988998.105088133,,0,0,179035.60508813336,26815000.0,2023-01-25,3.25,1550,17300.0,put,0.0,18107.85
26994035.605088133,2023-01-20,26991090.605088133,,0,0,179035.60508813336,26815000.0,2023-01-25,1.9,1550,17300.0,put,0.0,18027.65
26994035.605088133,2023-01-23,26992098.105088133,,0,0,179035.60508813336,26815000.0,2023-01-25,1.25,1550,17300.0,put,0.0,18118.55
26994035.605088133,2023-01-24,26993338.105088133,,0,0,179035.60508813336,26815000.0,2023-01-25,0.45,1550,17300.0,put,0.0,18118.3
26994035.605088133,2023-01-25,26994035.605088133,,0,0,26994035.605088133,0.0,,0,0,,,0.0,17891.95
27168641.278403133,2023-01-27,26993413.778403133,,0,0,818641.2784031332,26350000.0,2023-02-23,113.05,1550,17000.0,put,0.0,17604.35
27168641.278403133,2023-01-30,27017671.278403133,,0,0,818641.2784031332,26350000.0,2023-02-23,97.4,1550,17000.0,put,0.0,17648.95
27168641.278403133,2023-01-31,27058203.778403133,,0,0,818641.2784031332,26350000.0,2023-02-23,71.25,1550,17000.0,put,0.0,17662.15
27168641.278403133,2023-02-01,27032396.278403133,,0,0,818641.2784031332,26350000.0,2023-02-23,87.9,1550,17000.0,put,0.0,17616.3
27168641.278403133,2023-02-02,27069053.778403133,,0,0,818641.2784031332,26350000.0,2023-02-23,64.25,1550,17000.0,put,0.0,17610.4
27168641.278403133,2023-02-03,27119816.278403133,,0,0,818641.2784031332,26350000.0,2023-02-23,31.5,1550,17000.0,put,0.0,17854.05
27168641.278403133,2023-02-06,27124078.778403133,,0,0,818641.2784031332,26350000.0,2023-02-23,28.75,1550,17000.0,put,0.0,17764.6
27168641.278403133,2023-02-07,27129348.778403133,,0,0,818641.2784031332,26350000.0,2023-02-23,25.35,1550,17000.0,put,0.0,17721.5
27168641.278403133,2023-02-08,27145468.778403133,,0,0,818641.2784031332,26350000.0,2023-02-23,14.95,1550,17000.0,put,0.0,17871.7
27168641.278403133,2023-02-09,27153063.778403133,,0,0,818641.2784031332,26350000.0,2023-02-23,10.05,1550,17000.0,put,0.0,17893.45
27168641.278403133,2023-02-10,27155311.278403133,,0,0,818641.2784031332,26350000.0,2023-02-23,8.6,1550,17000.0,put,0.0,17856.5
27168641.278403133,2023-02-13,27154226.278403133,,0,0,818641.2784031332,26350000.0,2023-02-23,9.3,1550,17000.0,put,0.0,17770.9
27168641.278403133,2023-02-14,27157791.278403133,,0,0,818641.2784031332,26350000.0,2023-02-23,7.0,1550,17000.0,put,0.0,17929.85
27168641.278403133,2023-02-15,27161898.778403133,,0,0,818641.2784031332,26350000.0,2023-02-23,4.35,1550,17000.0,put,0.0,18015.85
27168641.278403133,2023-02-16,27164146.278403133,,0,0,818641.2784031332,26350000.0,2023-02-23,2.9,1550,17000.0,put,0.0,18035.85
27168641.278403133,2023-02-17,27164688.778403133,,0,0,818641.2784031332,26350000.0,2023-02-23,2.55,1550,17000.0,put,0.0,17944.2
27168641.278403133,2023-02-20,27166006.278403133,,0,0,818641.2784031332,26350000.0,2023-02-23,1.7,1550,17000.0,put,0.0,17844.6
27168641.278403133,2023-02-21,27167091.278403133,,0,0,818641.2784031332,26350000.0,2023-02-23,1.0,1550,17000.0,put,0.0,17826.7
27168641.278403133,2023-02-22,27166626.278403133,,0,0,818641.2784031332,26350000.0,2023-02-23,1.3,1550,17000.0,put,0.0,17554.3
27168641.278403133,2023-02-23,27168641.278403133,,0,0,27168641.278403133,0.0,,0,0,,,0.0,17511.25
27232080.274883132,2023-02-24,27168400.274883132,,0,0,592080.2748831324,26640000.0,2023-03-29,39.8,1600,16650.0,put,0.0,17465.8
27232080.274883132,2023-02-27,27168480.274883132,,0,0,592080.2748831324,26640000.0,2023-03-29,39.75,1600,16650.0,put,0.0,17392.7
27232080.274883132,2023-02-28,27155680.274883132,,0,0,592080.2748831324,26640000.0,2023-03-29,47.75,1600,16650.0,put,0.0,17303.95
27232080.274883132,2023-03-01,27185680.274883132,,0,0,592080.2748831324,26640000.0,2023-03-29,29.0,1600,16650.0,put,0.0,17450.9
27232080.274883132,2023-03-02,27169360.274883132,,0,0,592080.2748831324,26640000.0,2023-03-29,39.2,1600,16650.0,put,0.0,17321.9
27232080.274883132,2023-03-03,27203120.274883132,,0,0,592080.2748831324,26640000.0,2023-03-29,18.1,1600,16650.0,put,0.0,17594.35
27232080.274883132,2023-03-06,27207440.274883132,,0,0,592080.2748831324,26640000.0,2023-03-29,15.4,1600,16650.0,put,0.0,17711.45
27232080.274883132,2023-03-08,27207120.274883132,,0,0,592080.2748831324,26640000.0,2023-03-29,15.6,1600,16650.0,put,0.0,17754.4
27232080.274883132,2023-03-09,27203280.274883132,,0,0,592080.2748831324,26640000.0,2023-03-29,18.0,1600,16650.0,put,0.0,17589.6
27232080.274883132,2023-03-10,27187200.274883132,,0,0,592080.2748831324,26640000.0,2023-03-29,28.05,1600,16650.0,put,0.0,17412.9
27232080.274883132,2023-03-13,27112320.274883132,,0,0,592080.2748831324,26640000.0,2023-03-29,74.85,1600,16650.0,put,0.0,17154.3
27232080.274883132,2023-03-14,27111040.274883132,,0,0,592080.2748831324,26640000.0,2023-03-29,75.65,1600,16650.0,put,0.0,17043.3
27232080.274883132,2023-03-15,27090800.274883132,,0,0,592080.2748831324,26640000.0,2023-03-29,88.3,1600,16650.0,put,0.0,16972.15
27232080.274883132,2023-03-16,27095680.274883132,,0,0,592080.2748831324,26640000.0,2023-03-29,85.25,1600,16650.0,put,0.0,16985.6
27232080.274883132,2023-03-17,27167920.274883132,,0,0,592080.2748831324,26640000.0,2023-03-29,40.1,1600,16650.0,put,0.0,17100.05
27232080.274883132,2023-03-20,27135200.274883132,,0,0,592080.2748831324,26640000.0,2023-03-29,60.55,1600,16650.0,put,0.0,16988.4
27232080.274883132,2023-03-21,27185760.274883132,,0,0,592080.2748831324,26640000.0,2023-03-29,28.95,1600,16650.0,put,0.0,17107.5
27232080.274883132,2023-03-22,27199840.274883132,,0,0,592080.2748831324,26640000.0,2023-03-29,20.15,1600,16650.0,put,0.0,17151.9
27232080.274883132,2023-03-23,27202880.274883132,,0,0,592080.2748831324,26640000.0,2023-03-29,18.25,1600,16650.0,put,0.0,17076.9
27232080.274883132,2023-03-24,27188880.274883132,,0,0,592080.2748831324,26640000.0,2023-03-29,27.0,1600,16650.0,put,0.0,16945.05
27232080.274883132,2023-03-27,27219200.274883132,,0,0,592080.2748831324,26640000.0,2023-03-29,8.05,1600,16650.0,put,0.0,16985.7
27232080.274883132,2023-03-28,27228960.274883132,,0,0,592080.2748831324,26640000.0,2023-03-29,1.95,1600,16650.0,put,0.0,16951.7
27232080.274883132,2023-03-29,27232080.274883132,,0,0,27232080.274883132,0.0,,0,0,,,0.0,17080.7
27270863.733723134,2023-03-31,27231923.733723134,,0,0,458363.7337231338,26812500.0,2023-04-27,23.6,1650,16250.0,put,0.0,17359.75
27270863.733723134,2023-04-03,27245866.233723134,,0,0,458363.7337231338,26812500.0,2023-04-27,15.15,1650,16250.0,put,0.0,17398.05
27270863.733723134,2023-04-05,27251723.733723134,,0,0,458363.7337231338,26812500.0,2023-04-27,11.6,1650,16250.0,put,0.0,17557.05
27270863.733723134,2023-04-06,27254858.733723134,,0,0,458363.7337231338,26812500.0,2023-04-27,9.7,1650,16250.0,put,0.0,17599.15
27270863.733723134,2023-04-10,27257168.733723134,,0,0,458363.7337231338,26812500.0,2023-04-27,8.3,1650,16250.0,put,0.0,17624.05
27270863.733723134,2023-04-11,27259561.233723134,,0,0,458363.7337231338,26812500.0,2023-04-27,6.85,1650,16250.0,put,0.0,17722.3
27270863.733723134,2023-04-12,27260138.733723134,,0,0,458363.7337231338,26812500.0,2023-04-27,6.5,1650,16250.0,put,0.0,17812.4
27270863.733723134,2023-04-13,27262696.233723134,,0,0,458363.7337231338,26812500.0,2023-04-27,4.95,1650,16250.0,put,0.0,17828.0
27270863.733723134,2023-04-17,27264511.233723134,,0,0,458363.7337231338,26812500.0,2023-04-27,3.85,1650,16250.0,put,0.0,17706.85
27270863.733723134,2023-04-18,27266161.233723134,,0,0,458363.7337231338,26812500.0,2023-04-27,2.85,1650,16250.0,put,0.0,17660.15
27270863.733723134,2023-04-19,27267068.733723134,,0,0,458363.7337231338,26812500.0,2023-04-27,2.3,1650,16250.0,put,0.0,17618.75
27270863.733723134,2023-04-20,27268306.233723134,,0,0,458363.7337231338,26812500.0,2023-04-27,1.55,1650,16250.0,put,0.0,17624.45
27270863.733723134,2023-04-21,27268883.733723134,,0,0,458363.7337231338,26812500.0,2023-04-27,1.2,1650,16250.0,put,0.0,17624.05
27270863.733723134,2023-04-24,27268801.233723134,,0,0,458363.7337231338,26812500.0,2023-04-27,1.25,1650,16250.0,put,0.0,17743.4
27270863.733723134,2023-04-25,27269131.233723134,,0,0,458363.7337231338,26812500.0,2023-04-27,1.05,1650,16250.0,put,0.0,17769.25
27270863.733723134,2023-04-26,27269543.733723134,,0,0,458363.7337231338,26812500.0,2023-04-27,0.8,1650,16250.0,put,0.0,17813.6
27270863.733723134,2023-04-27,27270863.733723134,,0,0,27270863.733723134,0.0,,0,0,,,0.0,17915.05
27295871.234043133,2023-04-28,27270751.234043133,,0,0,95871.23404313251,27200000.0,2023-05-25,15.7,1600,17000.0,put,0.0,18065.0
27295871.234043133,2023-05-02,27273471.234043133,,0,0,95871.23404313251,27200000.0,2023-05-25,14.0,1600,17000.0,put,0.0,18147.65
27295871.234043133,2023-05-03,27274431.234043133,,0,0,95871.23404313251,27200000.0,2023-05-25,13.4,1600,17000.0,put,0.0,18089.85
27295871.234043133,2023-05-04,27280031.234043133,,0,0,95871.23404313251,27200000.0,2023-05-25,9.9,1600,17000.0,put,0.0,18255.8
27295871.234043133,2023-05-05,27276111.234043133,,0,0,95871.23404313251,27200000.0,2023-05-25,12.35,1600,17000.0,put,0.0,18069.0
27295871.234043133,2023-05-08,27280991.234043133,,0,0,95871.23404313251,27200000.0,2023-05-25,9.3,1600,17000.0,put,0.0,18264.4
27295871.234043133,2023-05-09,27282431.234043133,,0,0,95871.23404313251,27200000.0,2023-05-25,8.4,1600,17000.0,put,0.0,18265.95
27295871.234043133,2023-05-10,27283551.234043133,,0,0,95871.23404313251,27200000.0,2023-05-25,7.7,1600,17000.0,put,0.0,18315.1
27295871.234043133,2023-05-11,27285151.234043133,,0,0,95871.23404313251,27200000.0,2023-05-25,6.7,1600,17000.0,put,0.0,18297.0
27295871.234043133,2023-05-12,27288111.234043133,,0,0,95871.23404313251,27200000.0,2023-05-25,4.85,1600,17000.0,put,0.0,18314.8
27295871.234043133,2023-05-15,27288671.234043133,,0,0,95871.23404313251,27200000.0,2023-05-25,4.5,1600,17000.0,put,0.0,18398.85
27295871.234043133,2023-05-16,27289551.234043133,,0,0,95871.23404313251,27200000.0,2023-05-25,3.95,1600,17000.0,put,0.0,18286.5
27295871.234043133,2023-05-17,27291951.234043133,,0,0,95871.23404313251,27200000.0,2023-05-25,2.45,1600,17000.0,put,0.0,18181.75
27295871.234043133,2023-05-18,27293071.234043133,,0,0,95871.23404313251,27200000.0,2023-05-25,1.75,1600,17000.0,put,0.0,18129.95
27295871.234043133,2023-05-19,27293791.234043133,,0,0,95871.23404313251,27200000.0,2023-05-25,1.3,1600,17000.0,put,0.0,18203.4
27295871.234043133,2023-05-22,27293151.234043133,,0,0,95871.23404313251,27200000.0,2023-05-25,1.7,1600,17000.0,put,0.0,18314.4
27295871.234043133,2023-05-23,27293871.234043133,,0,0,95871.23404313251,27200000.0,2023-05-25,1.25,1600,17000.0,put,0.0,18348.0
27295871.234043133,2023-05-24,27294751.234043133,,0,0,95871.23404313251,27200000.0,2023-05-25,0.7,1600,17000.0,put,0.0,18285.4
27295871.234043133,2023-05-25,27295871.234043133,,0,0,27295871.234043133,0.0,,0,0,,,0.0,18321.15
27330676.43714563,2023-05-26,27295723.93714563,,0,0,360676.43714563176,26970000.0,2023-06-29,22.55,1550,17400.0,put,0.0,18499.35
27330676.43714563,2023-05-29,27301691.43714563,,0,0,360676.43714563176,26970000.0,2023-06-29,18.7,1550,17400.0,put,0.0,18598.65
27330676.43714563,2023-05-30,27307116.43714563,,0,0,360676.43714563176,26970000.0,2023-06-29,15.2,1550,17400.0,put,0.0,18633.85
27330676.43714563,2023-05-31,27306573.93714563,,0,0,360676.43714563176,26970000.0,2023-06-29,15.55,1550,17400.0,put,0.0,18534.4
27330676.43714563,2023-06-01,27306573.93714563,,0,0,360676.43714563176,26970000.0,2023-06-29,15.55,1550,17400.0,put,0.0,18487.75
27330676.43714563,2023-06-02,27311921.43714563,,0,0,360676.43714563176,26970000.0,2023-06-29,12.1,1550,17400.0,put,0.0,18534.1
27330676.43714563,2023-06-05,27313548.93714563,,0,0,360676.43714563176,26970000.0,2023-06-29,11.05,1550,17400.0,put,0.0,18593.85
27330676.43714563,2023-06-06,27314711.43714563,,0,0,360676.43714563176,26970000.0,2023-06-29,10.3,1550,17400.0,put,0.0,18599.0
27330676.43714563,2023-06-07,27316648.93714563,,0,0,360676.43714563176,26970000.0,2023-06-29,9.05,1550,17400.0,put,0.0,18726.4
27330676.43714563,2023-06-08,27316881.43714563,,0,0,360676.43714563176,26970000.0,2023-06-29,8.9,1550,17400.0,put,0.0,18634.55
27330676.43714563,2023-06-09,27319051.43714563,,0,0,360676.43714563176,26970000.0,2023-06-29,7.5,1550,17400.0,put,0.0,18563.4
27330676.43714563,2023-06-12,27320988.93714563,,0,0,360676.43714563176,26970000.0,2023-06-29,6.25,1550,17400.0,put,0.0,18601.5
27330676.43714563,2023-06-13,27321221.43714563,,0,0,360676.43714563176,26970000.0,2023-06-29,6.1,1550,17400.0,put,0.0,18716.15
27330676.43714563,2023-06-14,27321608.93714563,,0,0,360676.43714563176,26970000.0,2023-06-29,5.85,1550,17400.0,put,0.0,18755.9
27330676.43714563,2023-06-15,27323003.93714563,,0,0,360676.43714563176,26970000.0,2023-06-29,4.95,1550,17400.0,put,0.0,18688.1
27330676.43714563,2023-06-16,27323778.93714563,,0,0,360676.43714563176,26970000.0,2023-06-29,4.45,1550,17400.0,put,0.0,18826.0
27330676.43714563,2023-06-19,27325638.93714563,,0,0,360676.43714563176,26970000.0,2023-06-29,3.25,1550,17400.0,put,0.0,18755.45
27330676.43714563,2023-06-20,27326026.43714563,,0,0,360676.43714563176,26970000.0,2023-06-29,3.0,1550,17400.0,put,0.0,18816.7
27330676.43714563,2023-06-21,27326413.93714563,,0,0,360676.43714563176,26970000.0,2023-06-29,2.75,1550,17400.0,put,0.0,18856.85
27330676.43714563,2023-06-22,27327421.43714563,,0,0,360676.43714563176,26970000.0,2023-06-29,2.1,1550,17400.0,put,0.0,18771.25
27330676.43714563,2023-06-23,27328196.43714563,,0,0,360676.43714563176,26970000.0,2023-06-29,1.6,1550,17400.0,put,0.0,18665.5
27330676.43714563,2023-06-26,27328583.93714563,,0,0,360676.43714563176,26970000.0,2023-06-29,1.35,1550,17400.0,put,0.0,18691.2
27330676.43714563,2023-06-27,27329126.43714563,,0,0,360676.43714563176,26970000.0,2023-06-29,1.0,1550,17400.0,put,0.0,18817.4
27330676.43714563,2023-06-28,27329126.43714563,,0,0,360676.43714563176,26970000.0,2023-06-29,1.0,1550,17400.0,put,0.0,18972.1
27330676.43714563,2023-06-30,27330676.43714563,,0,0,27330676.43714563,0.0,,0,0,,,0.0,19189.05
27359694.69299063,2023-07-03,27330549.69299063,,0,0,897194.6929906309,26462500.0,2023-07-27,20.1,1450,18250.0,put,0.0,19322.55
27359694.69299063,2023-07-04,27335914.69299063,,0,0,897194.6929906309,26462500.0,2023-07-27,16.4,1450,18250.0,put,0.0,19389.0
27359694.69299063,2023-07-05,27337799.69299063,,0,0,897194.6929906309,26462500.0,2023-07-27,15.1,1450,18250.0,put,0.0,19398.5
27359694.69299063,2023-07-06,27341134.69299063,,0,0,897194.6929906309,26462500.0,2023-07-27,12.8,1450,18250.0,put,0.0,19497.3
27359694.69299063,2023-07-07,27343164.69299063,,0,0,897194.6929906309,26462500.0,2023-07-27,11.4,1450,18250.0,put,0.0,19331.8
27359694.69299063,2023-07-10,27347732.19299063,,0,0,897194.6929906309,26462500.0,2023-07-27,8.25,1450,18250.0,put,0.0,19355.9
27359694.69299063,2023-07-11,27350487.19299063,,0,0,897194.6929906309,26462500.0,2023-07-27,6.35,1450,18250.0,put,0.0,19439.4
27359694.69299063,2023-07-12,27351357.19299063,,0,0,897194.6929906309,26462500.0,2023-07-27,5.75,1450,18250.0,put,0.0,19384.3
27359694.69299063,2023-07-13,27353024.69299063,,0,0,897194.6929906309,26462500.0,2023-07-27,4.6,1450,18250.0,put,0.0,19413.75
27359694.69299063,2023-07-14,27353314.69299063,,0,0,897194.6929906309,26462500.0,2023-07-27,4.4,1450,18250.0,put,0.0,19564.5
27359694.69299063,2023-07-17,27351357.19299063,,0,0,897194.6929906309,26462500.0,2023-07-27,5.75,1450,18250.0,put,0.0,19711.45
27359694.69299063,2023-07-18,27354112.19299063,,0,0,897194.6929906309,26462500.0,2023-07-27,3.85,1450,18250.0,put,0.0,19749.25
27359694.69299063,2023-07-19,27355054.69299063,,0,0,897194.6929906309,26462500.0,2023-07-27,3.2,1450,18250.0,put,0.0,19833.15
27359694.69299063,2023-07-20,27355344.69299063,,0,0,897194.6929906309,26462500.0,2023-07-27,3.0,1450,18250.0,put,0.0,19979.15
27359694.69299063,2023-07-21,27357447.19299063,,0,0,897194.6929906309,26462500.0,2023-07-27,1.55,1450,18250.0,put,0.0,19745.0
27359694.69299063,2023-07-24,27358317.19299063,,0,0,897194.6929906309,26462500.0,2023-07-27,0.95,1450,18250.0,put,0.0,19672.35
27359694.69299063,2023-07-25,27358824.69299063,,0,0,897194.6929906309,26462500.0,2023-07-27,0.6,1450,18250.0,put,0.0,19680.6
27359694.69299063,2023-07-26,27359187.19299063,,0,0,897194.6929906309,26462500.0,2023-07-27,0.35,1450,18250.0,put,0.0,19778.3
27359694.69299063,2023-07-27,27359694.69299063,,0,0,27359694.69299063,0.0,,0,0,,,0.0,19659.9
27390374.54755313,2023-07-28,27359562.04755313,,0,0,275374.5475531295,27115000.0,2023-08-31,21.25,1450,18700.0,put,0.0,19646.05
27390374.54755313,2023-07-31,27369204.54755313,,0,0,275374.5475531295,27115000.0,2023-08-31,14.6,1450,18700.0,put,0.0,19753.8
27390374.54755313,2023-08-01,27370654.54755313,,0,0,275374.5475531295,27115000.0,2023-08-31,13.6,1450,18700.0,put,0.0,19733.55
27390374.54755313,2023-08-02,27348397.04755313,,0,0,275374.5475531295,27115000.0,2023-08-31,28.95,1450,18700.0,put,0.0,19526.55
27390374.54755313,2023-08-03,27344554.54755313,,0,0,275374.5475531295,27115000.0,2023-08-31,31.6,1450,18700.0,put,0.0,19381.65
27390374.54755313,2023-08-04,27363477.04755313,,0,0,275374.5475531295,27115000.0,2023-08-31,18.55,1450,18700.0,put,0.0,19517.0
27390374.54755313,2023-08-07,27369784.54755313,,0,0,275374.5475531295,27115000.0,2023-08-31,14.2,1450,18700.0,put,0.0,19597.3
27390374.54755313,2023-08-08,27367319.54755313,,0,0,275374.5475531295,27115000.0,2023-08-31,15.9,1450,18700.0,put,0.0,19570.85
27390374.54755313,2023-08-09,27374569.54755313,,0,0,275374.5475531295,27115000.0,2023-08-31,10.9,1450,18700.0,put,0.0,19632.55
27390374.54755313,2023-08-10,27372322.04755313,,0,0,275374.5475531295,27115000.0,2023-08-31,12.45,1450,18700.0,put,0.0,19543.1
27390374.54755313,2023-08-11,27371379.54755313,,0,0,275374.5475531295,27115000.0,2023-08-31,13.1,1450,18700.0,put,0.0,19428.3
27390374.54755313,2023-08-14,27372757.04755313,,0,0,275374.5475531295,27115000.0,2023-08-31,12.15,1450,18700.0,put,0.0,19434.55
27390374.54755313,2023-08-16,27374062.04755313,,0,0,275374.5475531295,27115000.0,2023-08-31,11.25,1450,18700.0,put,0.0,19465.0
27390374.54755313,2023-08-17,27373844.54755313,,0,0,275374.5475531295,27115000.0,2023-08-31,11.4,1450,18700.0,put,0.0,19365.25
27390374.54755313,2023-08-18,27372177.04755313,,0,0,275374.5475531295,27115000.0,2023-08-31,12.55,1450,18700.0,put,0.0,19310.15
27390374.54755313,2023-08-21,27380224.54755313,,0,0,275374.5475531295,27115000.0,2023-08-31,7.0,1450,18700.0,put,0.0,19393.6
27390374.54755313,2023-08-22,27382617.04755313,,0,0,275374.5475531295,27115000.0,2023-08-31,5.35,1450,18700.0,put,0.0,19396.45
27390374.54755313,2023-08-23,27383704.54755313,,0,0,275374.5475531295,27115000.0,2023-08-31,4.6,1450,18700.0,put,0.0,19444.0
27390374.54755313,2023-08-24,27385517.04755313,,0,0,275374.5475531295,27115000.0,2023-08-31,3.35,1450,18700.0,put,0.0,19386.7
27390374.54755313,2023-08-25,27384647.04755313,,0,0,275374.5475531295,27115000.0,2023-08-31,3.95,1450,18700.0,put,0.0,19265.8
27390374.54755313,2023-08-28,27386822.04755313,,0,0,275374.5475531295,27115000.0,2023-08-31,2.45,1450,18700.0,put,0.0,19306.05
27390374.54755313,2023-08-29,27388272.04755313,,0,0,275374.5475531295,27115000.0,2023-08-31,1.45,1450,18700.0,put,0.0,19342.65
27390374.54755313,2023-08-30,27389577.04755313,,0,0,275374.5475531295,27115000.0,2023-08-31,0.55,1450,18700.0,put,0.0,19347.45
27390374.54755313,2023-08-31,27390374.54755313,,0,0,27390374.54755313,0.0,,0,0,,,0.0,19253.8
27411951.73088063,2023-09-01,27390274.23088063,,0,0,876951.7308806293,26535000.0,2023-09-28,14.95,1450,18300.0,put,0.0,19435.3
27411951.73088063,2023-09-04,27394986.73088063,,0,0,876951.7308806293,26535000.0,2023-09-28,11.7,1450,18300.0,put,0.0,19528.8
27411951.73088063,2023-09-05,27396291.73088063,,0,0,876951.7308806293,26535000.0,2023-09-28,10.8,1450,18300.0,put,0.0,19574.9
27411951.73088063,2023-09-06,27396799.23088063,,0,0,876951.7308806293,26535000.0,2023-09-28,10.45,1450,18300.0,put,0.0,19611.05
27411951.73088063,2023-09-07,27398684.23088063,,0,0,876951.7308806293,26535000.0,2023-09-28,9.15,1450,18300.0,put,0.0,19727.05
27411951.73088063,2023-09-08,27399409.23088063,,0,0,876951.7308806293,26535000.0,2023-09-28,8.65,1450,18300.0,put,0.0,19819.95
27411951.73088063,2023-09-11,27398539.23088063,,0,0,876951.7308806293,26535000.0,2023-09-28,9.25,1450,18300.0,put,0.0,19996.35
27411951.73088063,2023-09-12,27399916.73088063,,0,0,876951.7308806293,26535000.0,2023-09-28,8.3,1450,18300.0,put,0.0,19993.2
27411951.73088063,2023-09-13,27402164.23088063,,0,0,876951.7308806293,26535000.0,2023-09-28,6.75,1450,18300.0,put,0.0,20070.0
27411951.73088063,2023-09-14,27403759.23088063,,0,0,876951.7308806293,26535000.0,2023-09-28,5.65,1450,18300.0,put,0.0,20103.1
27411951.73088063,2023-09-15,27405426.73088063,,0,0,876951.7308806293,26535000.0,2023-09-28,4.5,1450,18300.0,put,0.0,20192.35
27411951.73088063,2023-09-18,27407746.73088063,,0,0,876951.7308806293,26535000.0,2023-09-28,2.9,1450,18300.0,put,0.0,20133.3
27411951.73088063,2023-09-20,27408471.73088063,,0,0,876951.7308806293,26535000.0,2023-09-28,2.4,1450,18300.0,put,0.0,19901.4
27411951.73088063,2023-09-21,27409124.23088063,,0,0,876951.7308806293,26535000.0,2023-09-28,1.95,1450,18300.0,put,0.0,19742.35
27411951.73088063,2023-09-22,27409994.23088063,,0,0,876951.7308806293,26535000.0,2023-09-28,1.35,1450,18300.0,put,0.0,19674.25
27411951.73088063,2023-09-25,27410646.73088063,,0,0,876951.7308806293,26535000.0,2023-09-28,0.9,1450,18300.0,put,0.0,19674.55
27411951.73088063,2023-09-26,27411009.23088063,,0,0,876951.7308806293,26535000.0,2023-09-28,0.65,1450,18300.0,put,0.0,19664.7
27411951.73088063,2023-09-27,27411081.73088063,,0,0,876951.7308806293,26535000.0,2023-09-28,0.6,1450,18300.0,put,0.0,19716.45
27411951.73088063,2023-09-28,27411951.73088063,,0,0,27411951.73088063,0.0,,0,0,,,0.0,19523.55
27441620.177528128,2023-09-29,27411822.677528128,,0,0,544120.177528128,26897500.0,2023-10-26,20.55,1450,18550.0,put,0.0,19638.3
27441620.177528128,2023-10-03,27412402.677528128,,0,0,544120.177528128,26897500.0,2023-10-26,20.15,1450,18550.0,put,0.0,19528.75
27441620.177528128,2023-10-04,27408125.177528128,,0,0,544120.177528128,26897500.0,2023-10-26,23.1,1450,18550.0,put,0.0,19436.1
27441620.177528128,2023-10-05,27424655.177528128,,0,0,544120.177528128,26897500.0,2023-10-26,11.7,1450,18550.0,put,0.0,19545.75
27441620.177528128,2023-10-06,27429875.177528128,,0,0,544120.177528128,26897500.0,2023-10-26,8.1,1450,18550.0,put,0.0,19653.5
27441620.177528128,2023-10-09,27419217.677528128,,0,0,544120.177528128,26897500.0,2023-10-26,15.45,1450,18550.0,put,0.0,19512.35
27441620.177528128,2023-10-10,27426032.677528128,,0,0,544120.177528128,26897500.0,2023-10-26,10.75,1450,18550.0,put,0.0,19689.85
27441620.177528128,2023-10-11,27430890.177528128,,0,0,544120.177528128,26897500.0,2023-10-26,7.4,1450,18550.0,put,0.0,19811.35
27441620.177528128,2023-10-12,27434225.177528128,,0,0,544120.177528128,26897500.0,2023-10-26,5.1,1450,18550.0,put,0.0,19794.0
27441620.177528128,2023-10-13,27433935.177528128,,0,0,544120.177528128,26897500.0,2023-10-26,5.3,1450,18550.0,put,0.0,19751.05
27441620.177528128,2023-10-16,27435602.677528128,,0,0,544120.177528128,26897500.0,2023-10-26,4.15,1450,18550.0,put,0.0,19731.75
27441620.177528128,2023-10-17,27436400.177528128,,0,0,544120.177528128,26897500.0,2023-10-26,3.6,1450,18550.0,put,0.0,19811.5
27441620.177528128,2023-10-18,27437052.677528128,,0,0,544120.177528128,26897500.0,2023-10-26,3.15,1450,18550.0,put,0.0,19671.1
27441620.177528128,2023-10-19,27437995.177528128,,0,0,544120.177528128,26897500.0,2023-10-26,2.5,1450,18550.0,put,0.0,19624.7
27441620.177528128,2023-10-20,27438865.177528128,,0,0,544120.177528128,26897500.0,2023-10-26,1.9,1450,18550.0,put,0.0,19542.65
27441620.177528128,2023-10-23,27438285.177528128,,0,0,544120.177528128,26897500.0,2023-10-26,2.3,1450,18550.0,put,0.0,19281.75
27441620.177528128,2023-10-25,27439372.677528128,,0,0,544120.177528128,26897500.0,2023-10-26,1.55,1450,18550.0,put,0.0,19122.15
27441620.177528128,2023-10-26,27441620.177528128,,0,0,27441620.177528128,0.0,,0,0,,,0.0,18857.25
27475600.80915313,2023-10-27,27441475.80915313,,0,0,625600.8091531284,26850000.0,2023-11-30,22.75,1500,17900.0,put,0.0,19047.25
27475600.80915313,2023-10-30,27447475.80915313,,0,0,625600.8091531284,26850000.0,2023-11-30,18.75,1500,17900.0,put,0.0,19140.9
27475600.80915313,2023-10-31,27446200.80915313,,0,0,625600.8091531284,26850000.0,2023-11-30,19.6,1500,17900.0,put,0.0,19079.6
27475600.80915313,2023-11-01,27442150.80915313,,0,0,625600.8091531284,26850000.0,2023-11-30,22.3,1500,17900.0,put,0.0,18989.15
27475600.80915313,2023-11-02,27457825.80915313,,0,0,625600.8091531284,26850000.0,2023-11-30,11.85,1500,17900.0,put,0.0,19133.25
27475600.80915313,2023-11-03,27460750.80915313,,0,0,625600.8091531284,26850000.0,2023-11-30,9.9,1500,17900.0,put,0.0,19230.6
27475600.80915313,2023-11-06,27464500.80915313,,0,0,625600.8091531284,26850000.0,2023-11-30,7.4,1500,17900.0,put,0.0,19411.75
27475600.80915313,2023-11-07,27464875.80915313,,0,0,625600.8091531284,26850000.0,2023-11-30,7.15,1500,17900.0,put,0.0,19406.7
27475600.80915313,2023-11-08,27465325.80915313,,0,0,625600.8091531284,26850000.0,2023-11-30,6.85,1500,17900.0,put,0.0,19443.5
27475600.80915313,2023-11-09,27467050.80915313,,0,0,625600.8091531284,26850000.0,2023-11-30,5.7,1500,17900.0,put,0.0,19395.3
27475600.80915313,2023-11-10,27468250.80915313,,0,0,625600.8091531284,26850000.0,2023-11-30,4.9,1500,17900.0,put,0.0,19425.35
27475600.80915313,2023-11-13,27469300.80915313,,0,0,625600.8091531284,26850000.0,2023-11-30,4.2,1500,17900.0,put,0.0,19443.55
27475600.80915313,2023-11-15,27469675.80915313,,0,0,625600.8091531284,26850000.0,2023-11-30,3.95,1500,17900.0,put,0.0,19675.45
27475600.80915313,2023-11-16,27470575.80915313,,0,0,625600.8091531284,26850000.0,2023-11-30,3.35,1500,17900.0,put,0.0,19765.2
27475600.80915313,2023-11-17,27471400.80915313,,0,0,625600.8091531284,26850000.0,2023-11-30,2.8,1500,17900.0,put,0.0,19731.8
27475600.80915313,2023-11-20,27472975.80915313,,0,0,625600.8091531284,26850000.0,2023-11-30,1.75,1500,17900.0,put,0.0,19694.0
27475600.80915313,2023-11-21,27472600.80915313,,0,0,625600.8091531284,26850000.0,2023-11-30,2.0,1500,17900.0,put,0.0,19783.4
27475600.80915313,2023-11-22,27473275.80915313,,0,0,625600.8091531284,26850000.0,2023-11-30,1.55,1500,17900.0,put,0.0,19811.85
27475600.80915313,2023-11-23,27474175.80915313,,0,0,625600.8091531284,26850000.0,2023-11-30,0.95,1500,17900.0,put,0.0,19802.0
27475600.80915313,2023-11-24,27474700.80915313,,0,0,625600.8091531284,26850000.0,2023-11-30,0.6,1500,17900.0,put,0.0,19794.7
27475600.80915313,2023-11-28,27474925.80915313,,0,0,625600.8091531284,26850000.0,2023-11-30,0.45,1500,17900.0,put,0.0,19889.7
27475600.80915313,2023-11-29,27473575.80915313,,0,0,625600.8091531284,26850000.0,2023-11-30,1.35,1500,17900.0,put,0.0,20096.6
27475600.80915313,2023-11-30,27475600.80915313,,0,0,27475600.80915313,0.0,,0,0,,,0.0,20133.15
27507453.996543128,2023-12-01,27475463.996543128,,0,0,697453.996543128,26810000.0,2023-12-28,22.85,1400,19150.0,put,0.0,20267.9
27507453.996543128,2023-12-04,27486873.996543128,,0,0,697453.996543128,26810000.0,2023-12-28,14.7,1400,19150.0,put,0.0,20686.8
27507453.996543128,2023-12-05,27486313.996543128,,0,0,697453.996543128,26810000.0,2023-12-28,15.1,1400,19150.0,put,0.0,20855.1
27507453.996543128,2023-12-06,27489253.996543128,,0,0,697453.996543128,26810000.0,2023-12-28,13.0,1400,19150.0,put,0.0,20937.7
27507453.996543128,2023-12-07,27493523.996543128,,0,0,697453.996543128,26810000.0,2023-12-28,9.95,1400,19150.0,put,0.0,20901.15
27507453.996543128,2023-12-08,27497093.996543128,,0,0,697453.996543128,26810000.0,2023-12-28,7.4,1400,19150.0,put,0.0,20969.4
27507453.996543128,2023-12-11,27497023.996543128,,0,0,697453.996543128,26810000.0,2023-12-28,7.45,1400,19150.0,put,0.0,20997.1
27507453.996543128,2023-12-12,27498213.996543128,,0,0,697453.996543128,26810000.0,2023-12-28,6.6,1400,19150.0,put,0.0,20906.4
27507453.996543128,2023-12-13,27500313.996543128,,0,0,697453.996543128,26810000.0,2023-12-28,5.1,1400,19150.0,put,0.0,20926.35
27507453.996543128,2023-12-14,27500103.996543128,,0,0,697453.996543128,26810000.0,2023-12-28,5.25,1400,19150.0,put,0.0,21182.7
27507453.996543128,2023-12-15,27499823.996543128,,0,0,697453.996543128,26810000.0,2023-12-28,5.45,1400,19150.0,put,0.0,21456.65
27507453.996543128,2023-12-18,27501223.996543128,,0,0,697453.996543128,26810000.0,2023-12-28,4.45,1400,19150.0,put,0.0,21418.65
27507453.996543128,2023-12-19,27502693.996543128,,0,0,697453.996543128,26810000.0,2023-12-28,3.4,1400,19150.0,put,0.0,21453.1
27507453.996543128,2023-12-20,27503253.996543128,,0,0,697453.996543128,26810000.0,2023-12-28,3.0,1400,19150.0,put,0.0,21150.15
27507453.996543128,2023-12-21,27504583.996543128,,0,0,697453.996543128,26810000.0,2023-12-28,2.05,1400,19150.0,put,0.0,21255.05
27507453.996543128,2023-12-22,27504933.996543128,,0,0,697453.996543128,26810000.0,2023-12-28,1.8,1400,19150.0,put,0.0,21349.4
27507453.996543128,2023-12-26,27505633.996543128,,0,0,697453.996543128,26810000.0,2023-12-28,1.3,1400,19150.0,put,0.0,21441.35
27507453.996543128,2023-12-27,27505773.996543128,,0,0,697453.996543128,26810000.0,2023-12-28,1.2,1400,19150.0,put,0.0,21654.75
27507453.996543128,2023-12-28,27507453.996543128,,0,0,27507453.996543128,0.0,,0,0,,,0.0,21778.7
27572200.361543126,2023-12-29,27507200.361543126,,0,0,662200.3615431264,26910000.0,2024-01-25,50.0,1300,20700.0,put,0.0,21731.4
27572200.361543126,2024-01-01,27516690.361543126,,0,0,662200.3615431264,26910000.0,2024-01-25,42.7,1300,20700.0,put,0.0,21741.9
27572200.361543126,2024-01-02,27513310.361543126,,0,0,662200.3615431264,26910000.0,2024-01-25,45.3,1300,20700.0,put,0.0,21665.8
27572200.361543126,2024-01-03,27506615.361543126,,0,0,662200.3615431264,26910000.0,2024-01-25,50.45,1300,20700.0,put,0.0,21517.35
27572200.361543126,2024-01-04,27538595.361543126,,0,0,662200.3615431264,26910000.0,2024-01-25,25.85,1300,20700.0,put,0.0,21658.6
27572200.361543126,2024-01-05,27545355.361543126,,0,0,662200.3615431264,26910000.0,2024-01-25,20.65,1300,20700.0,put,0.0,21710.8
27572200.361543126,2024-01-08,27527805.361543126,,0,0,662200.3615431264,26910000.0,2024-01-25,34.15,1300,20700.0,put,0.0,21513.0
27572200.361543126,2024-01-09,27537555.361543126,,0,0,662200.3615431264,26910000.0,2024-01-25,26.65,1300,20700.0,put,0.0,21544.85
27572200.361543126,2024-01-10,27549710.361543126,,0,0,662200.3615431264,26910000.0,2024-01-25,17.3,1300,20700.0,put,0.0,21618.7
27572200.361543126,2024-01-11,27553220.361543126,,0,0,662200.3615431264,26910000.0,2024-01-25,14.6,1300,20700.0,put,0.0,21647.2
27572200.361543126,2024-01-12,27558680.361543126,,0,0,662200.3615431264,26910000.0,2024-01-25,10.4,1300,20700.0,put,0.0,21894.55
27572200.361543126,2024-01-15,27561215.361543126,,0,0,662200.3615431264,26910000.0,2024-01-25,8.45,1300,20700.0,put,0.0,22097.45
27572200.361543126,2024-01-16,27563815.361543126,,0,0,662200.3615431264,26910000.0,2024-01-25,6.45,1300,20700.0,put,0.0,22032.3
27572200.361543126,2024-01-17,27545225.361543126,,0,0,662200.3615431264,26910000.0,2024-01-25,20.75,1300,20700.0,put,0.0,21571.95
27572200.361543126,2024-01-18,27557705.361543126,,0,0,662200.3615431264,26910000.0,2024-01-25,11.15,1300,20700.0,put,0.0,21462.25
27572200.361543126,2024-01-19,27564075.361543126,,0,0,662200.3615431264,26910000.0,2024-01-25,6.25,1300,20700.0,put,0.0,21622.4
27572200.361543126,2024-01-23,27561540.361543126,,0,0,662200.3615431264,26910000.0,2024-01-25,8.2,1300,20700.0,put,0.0,21238.8
27572200.361543126,2024-01-24,27569535.361543126,,0,0,662200.3615431264,26910000.0,2024-01-25,2.05,1300,20700.0,put,0.0,21453.95
27572200.361543126,2024-01-25,27572200.361543126,,0,0,27572200.361543126,0.0,,0,0,,,0.0,21352.6
27626658.266718127,2024-01-29,27571983.266718127,,0,0,221658.26671812683,27405000.0,2024-02-29,40.5,1350,20300.0,put,0.0,21737.6
27626658.266718127,2024-01-30,27554500.766718127,,0,0,221658.26671812683,27405000.0,2024-02-29,53.45,1350,20300.0,put,0.0,21522.1
27626658.266718127,2024-01-31,27575088.266718127,,0,0,221658.26671812683,27405000.0,2024-02-29,38.2,1350,20300.0,put,0.0,21725.7
27626658.266718127,2024-02-01,27590815.766718127,,0,0,221658.26671812683,27405000.0,2024-02-29,26.55,1350,20300.0,put,0.0,21697.45
27626658.266718127,2024-02-02,27600265.766718127,,0,0,221658.26671812683,27405000.0,2024-02-29,19.55,1350,20300.0,put,0.0,21853.8
27626658.266718127,2024-02-05,27595068.266718127,,0,0,221658.26671812683,27405000.0,2024-02-29,23.4,1350,20300.0,put,0.0,21771.7
27626658.266718127,2024-02-06,27602290.766718127,,0,0,221658.26671812683,27405000.0,2024-02-29,18.05,1350,20300.0,put,0.0,21929.4
27626658.266718127,2024-02-07,27608433.266718127,,0,0,221658.26671812683,27405000.0,2024-02-29,13.5,1350,20300.0,put,0.0,21930.5
27626658.266718127,2024-02-08,27603640.766718127,,0,0,221658.26671812683,27405000.0,2024-02-29,17.05,1350,20300.0,put,0.0,21717.95
27626658.266718127,2024-02-09,27608635.766718127,,0,0,221658.26671812683,27405000.0,2024-02-29,13.35,1350,20300.0,put,0.0,21782.5
27626658.266718127,2024-02-12,27604788.266718127,,0,0,221658.26671812683,27405000.0,2024-02-29,16.2,1350,20300.0,put,0.0,21616.05
27626658.266718127,2024-02-13,27613158.266718127,,0,0,221658.26671812683,27405000.0,2024-02-29,10.0,1350,20300.0,put,0.0,21743.25
27626658.266718127,2024-02-14,27616870.766718127,,0,0,221658.26671812683,27405000.0,2024-02-29,7.25,1350,20300.0,put,0.0,21840.05
27626658.266718127,2024-02-15,27619570.766718127,,0,0,221658.26671812683,27405000.0,2024-02-29,5.25,1350,20300.0,put,0.0,21910.75
27626658.266718127,2024-02-16,27619840.766718127,,0,0,221658.26671812683,27405000.0,2024-02-29,5.05,1350,20300.0,put,0.0,22040.7
27626658.266718127,2024-02-19,27621393.266718127,,0,0,221658.26671812683,27405000.0,2024-02-29,3.9,1350,20300.0,put,0.0,22122.25
27626658.266718127,2024-02-20,27622608.266718127,,0,0,221658.26671812683,27405000.0,2024-02-29,3.0,1350,20300.0,put,0.0,22196.95
27626658.266718127,2024-02-21,27623823.266718127,,0,0,221658.26671812683,27405000.0,2024-02-29,2.1,1350,20300.0,put,0.0,22055.05
27626658.266718127,2024-02-22,27624363.266718127,,0,0,221658.26671812683,27405000.0,2024-02-29,1.7,1350,20300.0,put,0.0,22217.45
27626658.266718127,2024-02-23,27625038.266718127,,0,0,221658.26671812683,27405000.0,2024-02-29,1.2,1350,20300.0,put,0.0,22212.7
27626658.266718127,2024-02-26,27625713.266718127,,0,0,221658.26671812683,27405000.0,2024-02-29,0.7,1350,20300.0,put,0.0,22122.05
27626658.266718127,2024-02-27,27625443.266718127,,0,0,221658.26671812683,27405000.0,2024-02-29,0.9,1350,20300.0,put,0.0,22198.35
27626658.266718127,2024-02-28,27626320.766718127,,0,0,221658.26671812683,27405000.0,2024-02-29,0.25,1350,20300.0,put,0.0,21951.15
27626658.266718127,2024-02-29,27626658.266718127,,0,0,27626658.266718127,0.0,,0,0,,,0.0,21982.8
27659278.729078125,2024-03-01,27626518.729078125,,0,0,489278.7290781252,27170000.0,2024-03-28,25.2,1300,20900.0,put,0.0,22338.75
27659278.729078125,2024-03-04,27635943.729078125,,0,0,489278.7290781252,27170000.0,2024-03-28,17.95,1300,20900.0,put,0.0,22405.6
27659278.729078125,2024-03-05,27638803.729078125,,0,0,489278.7290781252,27170000.0,2024-03-28,15.75,1300,20900.0,put,0.0,22356.3
27659278.729078125,2024-03-06,27644263.729078125,,0,0,489278.7290781252,27170000.0,2024-03-28,11.55,1300,20900.0,put,0.0,22474.05
27659278.729078125,2024-03-07,27646278.729078125,,0,0,489278.7290781252,27170000.0,2024-03-28,10.0,1300,20900.0,put,0.0,22493.55
27659278.729078125,2024-03-11,27646928.729078125,,0,0,489278.7290781252,27170000.0,2024-03-28,9.5,1300,20900.0,put,0.0,22332.65
27659278.729078125,2024-03-12,27649658.729078125,,0,0,489278.7290781252,27170000.0,2024-03-28,7.4,1300,20900.0,put,0.0,22335.7
27659278.729078125,2024-03-13,27638218.729078125,,0,0,489278.7290781252,27170000.0,2024-03-28,16.2,1300,20900.0,put,0.0,21997.7
27659278.729078125,2024-03-14,27647773.729078125,,0,0,489278.7290781252,27170000.0,2024-03-28,8.85,1300,20900.0,put,0.0,22146.65
27659278.729078125,2024-03-15,27647513.729078125,,0,0,489278.7290781252,27170000.0,2024-03-28,9.05,1300,20900.0,put,0.0,22023.35
27659278.729078125,2024-03-18,27650438.729078125,,0,0,489278.7290781252,27170000.0,2024-03-28,6.8,1300,20900.0,put,0.0,22055.7
27659278.729078125,2024-03-19,27647188.729078125,,0,0,489278.7290781252,27170000.0,2024-03-28,9.3,1300,20900.0,put,0.0,21817.45
27659278.729078125,2024-03-20,27651478.729078125,,0,0,489278.7290781252,27170000.0,2024-03-28,6.0,1300,20900.0,put,0.0,21839.1
27659278.729078125,2024-03-21,27656288.729078125,,0,0,489278.7290781252,27170000.0,2024-03-28,2.3,1300,20900.0,put,0.0,22011.95
27659278.729078125,2024-03-22,27656873.729078125,,0,0,489278.7290781252,27170000.0,2024-03-28,1.85,1300,20900.0,put,0.0,22096.75
27659278.729078125,2024-03-26,27657978.729078125,,0,0,489278.7290781252,27170000.0,2024-03-28,1.0,1300,20900.0,put,0.0,22004.7
27659278.729078125,2024-03-27,27658693.729078125,,0,0,489278.7290781252,27170000.0,2024-03-28,0.45,1300,20900.0,put,0.0,22123.65
27659278.729078125,2024-03-28,27659278.729078125,,0,0,27659278.729078125,0.0,,0,0,,,0.0,22326.9
27679333.818228126,2024-04-01,27659183.818228126,,0,0,119333.81822812557,27560000.0,2024-04-25,15.5,1300,21200.0,put,0.0,22462.0
27679333.818228126,2024-04-02,27663928.818228126,,0,0,119333.81822812557,27560000.0,2024-04-25,11.85,1300,21200.0,put,0.0,22453.3
27679333.818228126,2024-04-03,27665033.818228126,,0,0,119333.81822812557,27560000.0,2024-04-25,11.0,1300,21200.0,put,0.0,22434.65
27679333.818228126,2024-04-04,27668153.818228126,,0,0,119333.81822812557,27560000.0,2024-04-25,8.6,1300,21200.0,put,0.0,22514.65
27679333.818228126,2024-04-05,27667503.818228126,,0,0,119333.81822812557,27560000.0,2024-04-25,9.1,1300,21200.0,put,0.0,22513.7
27679333.818228126,2024-04-08,27669128.818228126,,0,0,119333.81822812557,27560000.0,2024-04-25,7.85,1300,21200.0,put,0.0,22666.3
27679333.818228126,2024-04-09,27670883.818228126,,0,0,119333.81822812557,27560000.0,2024-04-25,6.5,1300,21200.0,put,0.0,22642.75
27679333.818228126,2024-04-10,27672313.818228126,,0,0,119333.81822812557,27560000.0,2024-04-25,5.4,1300,21200.0,put,0.0,22753.8
27679333.818228126,2024-04-12,27671793.818228126,,0,0,119333.81822812557,27560000.0,2024-04-25,5.8,1300,21200.0,put,0.0,22519.4
27679333.818228126,2024-04-15,27663668.818228126,,0,0,119333.81822812557,27560000.0,2024-04-25,12.05,1300,21200.0,put,0.0,22272.5
27679333.818228126,2024-04-16,27666918.818228126,,0,0,119333.81822812557,27560000.0,2024-04-25,9.55,1300,21200.0,put,0.0,22147.9
27679333.818228126,2024-04-18,27664058.818228126,,0,0,119333.81822812557,27560000.0,2024-04-25,11.75,1300,21200.0,put,0.0,21995.85
27679333.818228126,2024-04-19,27658923.818228126,,0,0,119333.81822812557,27560000.0,2024-04-25,15.7,1300,21200.0,put,0.0,22147.0
27679333.818228126,2024-04-22,27674198.818228126,,0,0,119333.81822812557,27560000.0,2024-04-25,3.95,1300,21200.0,put,0.0,22336.4
27679333.818228126,2024-04-23,27676538.818228126,,0,0,119333.81822812557,27560000.0,2024-04-25,2.15,1300,21200.0,put,0.0,22368.0
27679333.818228126,2024-04-24,27678488.818228126,,0,0,119333.81822812557,27560000.0,2024-04-25,0.65,1300,21200.0,put,0.0,22402.4
27679333.818228126,2024-04-25,27679333.818228126,,0,0,27679333.818228126,0.0,,0,0,,,0.0,22570.35
27745185.009361874,2024-04-26,27679076.259361874,,0,0,396435.0093618743,27348750.0,2024-05-30,51.85,1275,21450.0,put,0.0,22419.95
27745185.009361874,2024-04-29,27692017.509361874,,0,0,396435.0093618743,27348750.0,2024-05-30,41.7,1275,21450.0,put,0.0,22643.4
27745185.009361874,2024-04-30,27687172.509361874,,0,0,396435.0093618743,27348750.0,2024-05-30,45.5,1275,21450.0,put,0.0,22604.85
27745185.009361874,2024-05-02,27699986.259361874,,0,0,396435.0093618743,27348750.0,2024-05-30,35.45,1275,21450.0,put,0.0,22648.2
27745185.009361874,2024-05-03,27684240.009361874,,0,0,396435.0093618743,27348750.0,2024-05-30,47.8,1275,21450.0,put,0.0,22475.85
27745185.009361874,2024-05-06,27677865.009361874,,0,0,396435.0093618743,27348750.0,2024-05-30,52.8,1275,21450.0,put,0.0,22442.7
27745185.009361874,2024-05-07,27664413.759361874,,0,0,396435.0093618743,27348750.0,2024-05-30,63.35,1275,21450.0,put,0.0,22302.5
27745185.009361874,2024-05-08,27678183.759361874,,0,0,396435.0093618743,27348750.0,2024-05-30,52.55,1275,21450.0,put,0.0,22302.5
27745185.009361874,2024-05-09,27616601.259361874,,0,0,396435.0093618743,27348750.0,2024-05-30,100.85,1275,21450.0,put,0.0,21957.5
27745185.009361874,2024-05-10,27654086.259361874,,0,0,396435.0093618743,27348750.0,2024-05-30,71.45,1275,21450.0,put,0.0,22055.2
27745185.009361874,2024-05-13,27667856.259361874,,0,0,396435.0093618743,27348750.0,2024-05-30,60.65,1275,21450.0,put,0.0,22104.05
27745185.009361874,2024-05-14,27694185.009361874,,0,0,396435.0093618743,27348750.0,2024-05-30,40.0,1275,21450.0,put,0.0,22217.85
27745185.009361874,2024-05-15,27697436.259361874,,0,0,396435.0093618743,27348750.0,2024-05-30,37.45,1275,21450.0,put,0.0,22200.55
27745185.009361874,2024-05-16,27715668.759361874,,0,0,396435.0093618743,27348750.0,2024-05-30,23.15,1275,21450.0,put,0.0,22403.85
27745185.009361874,2024-05-17,27720641.259361874,,0,0,396435.0093618743,27348750.0,2024-05-30,19.25,1275,21450.0,put,0.0,22466.1
27745185.009361874,2024-05-21,27732626.259361874,,0,0,396435.0093618743,27348750.0,2024-05-30,9.85,1275,21450.0,put,0.0,22529.05
27745185.009361874,2024-05-22,27738300.009361874,,0,0,396435.0093618743,27348750.0,2024-05-30,5.4,1275,21450.0,put,0.0,22597.8
27745185.009361874,2024-05-23,27739447.509361874,,0,0,396435.0093618743,27348750.0,2024-05-30,4.5,1275,21450.0,put,0.0,22967.65
27745185.009361874,2024-05-24,27742316.259361874,,0,0,396435.0093618743,27348750.0,2024-05-30,2.25,1275,21450.0,put,0.0,22957.1
27745185.009361874,2024-05-27,27743718.759361874,,0,0,396435.0093618743,27348750.0,2024-05-30,1.15,1275,21450.0,put,0.0,22932.45
27745185.009361874,2024-05-28,27744292.509361874,,0,0,396435.0093618743,27348750.0,2024-05-30,0.7,1275,21450.0,put,0.0,22888.15
27745185.009361874,2024-05-29,27744675.009361874,,0,0,396435.0093618743,27348750.0,2024-05-30,0.4,1275,21450.0,put,0.0,22704.7
27745185.009361874,2024-05-30,27745185.009361874,,0,0,27745185.009361874,0.0,,0,0,,,0.0,22488.65
27824566.895299375,2024-05-31,27795241.895299375,,0,0,603316.895299375,27221250.0,2024-06-27,23.0,1275,21350.0,put,0.0,22530.7
27824566.895299375,2024-06-03,27821506.895299375,,0,0,603316.895299375,27221250.0,2024-06-27,2.4,1275,21350.0,put,0.0,23263.9
27824566.895299375,2024-06-04,27315778.145299375,,0,0,603316.895299375,27221250.0,2024-06-27,399.05,1275,21350.0,put,0.0,21884.5
27824566.895299375,2024-06-05,27705226.895299375,,0,0,603316.895299375,27221250.0,2024-06-27,93.6,1275,21350.0,put,0.0,22620.35
27824566.895299375,2024-06-06,27772164.395299375,,0,0,603316.895299375,27221250.0,2024-06-27,41.1,1275,21350.0,put,0.0,22821.4
27824566.895299375,2024-06-07,27788803.145299375,,0,0,603316.895299375,27221250.0,2024-06-27,28.05,1275,21350.0,put,0.0,23290.15
27824566.895299375,2024-06-10,27793648.145299375,,0,0,603316.895299375,27221250.0,2024-06-27,24.25,1275,21350.0,put,0.0,23259.2
27824566.895299375,2024-06-11,27808246.895299375,,0,0,603316.895299375,27221250.0,2024-06-27,12.8,1275,21350.0,put,0.0,23264.85
27824566.895299375,2024-06-12,27814494.395299375,,0,0,603316.895299375,27221250.0,2024-06-27,7.9,1275,21350.0,put,0.0,23322.95
27824566.895299375,2024-06-13,27818064.395299375,,0,0,603316.895299375,27221250.0,2024-06-27,5.1,1275,21350.0,put,0.0,23398.9
27824566.895299375,2024-06-14,27819211.895299375,,0,0,603316.895299375,27221250.0,2024-06-27,4.2,1275,21350.0,put,0.0,23465.6
27824566.895299375,2024-06-18,27820741.895299375,,0,0,603316.895299375,27221250.0,2024-06-27,3.0,1275,21350.0,put,0.0,23557.9
27824566.895299375,2024-06-19,27821379.395299375,,0,0,603316.895299375,27221250.0,2024-06-27,2.5,1275,21350.0,put,0.0,23516.0
27824566.895299375,2024-06-20,27821761.895299375,,0,0,603316.895299375,27221250.0,2024-06-27,2.2,1275,21350.0,put,0.0,23567.0
27824566.895299375,2024-06-21,27822654.395299375,,0,0,603316.895299375,27221250.0,2024-06-27,1.5,1275,21350.0,put,0.0,23501.1
27824566.895299375,2024-06-24,27822399.395299375,,0,0,603316.895299375,27221250.0,2024-06-27,1.7,1275,21350.0,put,0.0,23537.85
27824566.895299375,2024-06-25,27821251.895299375,,0,0,603316.895299375,27221250.0,2024-06-27,2.6,1275,21350.0,put,0.0,23721.3
27824566.895299375,2024-06-26,27823993.145299375,,0,0,603316.895299375,27221250.0,2024-06-27,0.45,1275,21350.0,put,0.0,23868.8
27824566.895299375,2024-06-27,27824566.895299375,,0,0,27824566.895299375,0.0,,0,0,,,0.0,24044.5
27887679.064259376,2024-06-28,27824319.064259376,,0,0,467679.0642593764,27420000.0,2024-07-25,52.8,1200,22850.0,put,0.0,24010.6
27887679.064259376,2024-07-01,27840819.064259376,,0,0,467679.0642593764,27420000.0,2024-07-25,39.05,1200,22850.0,put,0.0,24141.95
27887679.064259376,2024-07-02,27845199.064259376,,0,0,467679.0642593764,27420000.0,2024-07-25,35.4,1200,22850.0,put,0.0,24123.85
27887679.064259376,2024-07-03,27857799.064259376,,0,0,467679.0642593764,27420000.0,2024-07-25,24.9,1200,22850.0,put,0.0,24286.5
27887679.064259376,2024-07-04,27864399.064259376,,0,0,467679.0642593764,27420000.0,2024-07-25,19.4,1200,22850.0,put,0.0,24302.15
27887679.064259376,2024-07-05,27869259.064259376,,0,0,467679.0642593764,27420000.0,2024-07-25,15.35,1200,22850.0,put,0.0,24323.85
27887679.064259376,2024-07-08,27868119.064259376,,0,0,467679.0642593764,27420000.0,2024-07-25,16.3,1200,22850.0,put,0.0,24320.55
27887679.064259376,2024-07-09,27870039.064259376,,0,0,467679.0642593764,27420000.0,2024-07-25,14.7,1200,22850.0,put,0.0,24433.2
27887679.064259376,2024-07-10,27869319.064259376,,0,0,467679.0642593764,27420000.0,2024-07-25,15.3,1200,22850.0,put,0.0,24324.45
27887679.064259376,2024-07-11,27872979.064259376,,0,0,467679.0642593764,27420000.0,2024-07-25,12.25,1200,22850.0,put,0.0,24315.95
27887679.064259376,2024-07-12,27875739.064259376,,0,0,467679.0642593764,27420000.0,2024-07-25,9.95,1200,22850.0,put,0.0,24502.15
27887679.064259376,2024-07-15,27878559.064259376,,0,0,467679.0642593764,27420000.0,2024-07-25,7.6,1200,22850.0,put,0.0,24586.7
27887679.064259376,2024-07-16,27881619.064259376,,0,0,467679.0642593764,27420000.0,2024-07-25,5.05,1200,22850.0,put,0.0,24613.0
27887679.064259376,2024-07-18,27880719.064259376,,0,0,467679.0642593764,27420000.0,2024-07-25,5.8,1200,22850.0,put,0.0,24800.85
27887679.064259376,2024-07-19,27881979.064259376,,0,0,467679.0642593764,27420000.0,2024-07-25,4.75,1200,22850.0,put,0.0,24530.9
27887679.064259376,2024-07-22,27873339.064259376,,0,0,467679.0642593764,27420000.0,2024-07-25,11.95,1200,22850.0,put,0.0,24509.25
27887679.064259376,2024-07-23,27885099.064259376,,0,0,467679.0642593764,27420000.0,2024-07-25,2.15,1200,22850.0,put,0.0,24479.05
27887679.064259376,2024-07-24,27886899.064259376,,0,0,467679.0642593764,27420000.0,2024-07-25,0.65,1200,22850.0,put,0.0,24413.5
27887679.064259376,2024-07-25,27887679.064259376,,0,0,27887679.064259376,0.0,,0,0,,,0.0,24406.1
27928131.710079376,2024-07-26,27887511.710079376,,0,0,88131.71007937565,27840000.0,2024-08-29,33.85,1200,23200.0,put,0.0,24834.85
27928131.710079376,2024-07-29,27892431.710079376,,0,0,88131.71007937565,27840000.0,2024-08-29,29.75,1200,23200.0,put,0.0,24836.1
27928131.710079376,2024-07-30,27896271.710079376,,0,0,88131.71007937565,27840000.0,2024-08-29,26.55,1200,23200.0,put,0.0,24857.3
27928131.710079376,2024-07-31,27896151.710079376,,0,0,88131.71007937565,27840000.0,2024-08-29,26.65,1200,23200.0,put,0.0,24951.15
27928131.710079376,2024-08-01,27903111.710079376,,0,0,88131.71007937565,27840000.0,2024-08-29,20.85,1200,23200.0,put,0.0,25010.9
27928131.710079376,2024-08-02,27874851.710079376,,0,0,88131.71007937565,27840000.0,2024-08-29,44.4,1200,23200.0,put,0.0,24717.7
27928131.710079376,2024-08-05,27678051.710079376,,0,0,88131.71007937565,27840000.0,2024-08-29,208.4,1200,23200.0,put,0.0,24055.6
27928131.710079376,2024-08-06,27727251.710079376,,0,0,88131.71007937565,27840000.0,2024-08-29,167.4,1200,23200.0,put,0.0,23992.55
27928131.710079376,2024-08-07,27840411.710079376,,0,0,88131.71007937565,27840000.0,2024-08-29,73.1,1200,23200.0,put,0.0,24297.5
27928131.710079376,2024-08-08,27806991.710079376,,0,0,88131.71007937565,27840000.0,2024-08-29,100.95,1200,23200.0,put,0.0,24117.0
27928131.710079376,2024-08-09,27866871.710079376,,0,0,88131.71007937565,27840000.0,2024-08-29,51.05,1200,23200.0,put,0.0,24367.5
27928131.710079376,2024-08-12,27870531.710079376,,0,0,88131.71007937565,27840000.0,2024-08-29,48.0,1200,23200.0,put,0.0,24347.0
27928131.710079376,2024-08-13,27852171.710079376,,0,0,88131.71007937565,27840000.0,2024-08-29,63.3,1200,23200.0,put,0.0,24139.0
27928131.710079376,2024-08-14,27875271.710079376,,0,0,88131.71007937565,27840000.0,2024-08-29,44.05,1200,23200.0,put,0.0,24143.75
27928131.710079376,2024-08-16,27907851.710079376,,0,0,88131.71007937565,27840000.0,2024-08-29,16.9,1200,23200.0,put,0.0,24541.15
27928131.710079376,2024-08-19,27914211.710079376,,0,0,88131.71007937565,27840000.0,2024-08-29,11.6,1200,23200.0,put,0.0,24572.65
27928131.710079376,2024-08-20,27918711.710079376,,0,0,88131.71007937565,27840000.0,2024-08-29,7.85,1200,23200.0,put,0.0,24698.85
27928131.710079376,2024-08-21,27923031.710079376,,0,0,88131.71007937565,27840000.0,2024-08-29,4.25,1200,23200.0,put,0.0,24770.2
27928131.710079376,2024-08-22,27924471.710079376,,0,0,88131.71007937565,27840000.0,2024-08-29,3.05,1200,23200.0,put,0.0,24811.5
27928131.710079376,2024-08-23,27924951.710079376,,0,0,88131.71007937565,27840000.0,2024-08-29,2.65,1200,23200.0,put,0.0,24823.15
27928131.710079376,2024-08-26,27925551.710079376,,0,0,88131.71007937565,27840000.0,2024-08-29,2.15,1200,23200.0,put,0.0,25010.6
27928131.710079376,2024-08-27,27926691.710079376,,0,0,88131.71007937565,27840000.0,2024-08-29,1.2,1200,23200.0,put,0.0,25017.75
27928131.710079376,2024-08-28,27927651.710079376,,0,0,88131.71007937565,27840000.0,2024-08-29,0.4,1200,23200.0,put,0.0,25052.35
27928131.710079376,2024-08-29,27928131.710079376,,0,0,27928131.710079376,0.0,,0,0,,,0.0,25151.95
27975893.397334374,2024-08-30,27927938.397334374,,0,0,490893.3973343745,27485000.0,2024-09-26,41.7,1150,23900.0,put,0.0,25235.9
27975893.397334374,2024-09-02,27928283.397334374,,0,0,490893.3973343745,27485000.0,2024-09-26,41.4,1150,23900.0,put,0.0,25278.7
27975893.397334374,2024-09-03,27934608.397334374,,0,0,490893.3973343745,27485000.0,2024-09-26,35.9,1150,23900.0,put,0.0,25279.85
27975893.397334374,2024-09-04,27922820.897334374,,0,0,490893.3973343745,27485000.0,2024-09-26,46.15,1150,23900.0,put,0.0,25198.7
27975893.397334374,2024-09-05,27929088.397334374,,0,0,490893.3973343745,27485000.0,2024-09-26,40.7,1150,23900.0,put,0.0,25145.1
27975893.397334374,2024-09-06,27884928.397334374,,0,0,490893.3973343745,27485000.0,2024-09-26,79.1,1150,23900.0,put,0.0,24852.15
27975893.397334374,2024-09-09,27920348.397334374,,0,0,490893.3973343745,27485000.0,2024-09-26,48.3,1150,23900.0,put,0.0,24936.4
27975893.397334374,2024-09-10,27942658.397334374,,0,0,490893.3973343745,27485000.0,2024-09-26,28.9,1150,23900.0,put,0.0,25041.1
27975893.397334374,2024-09-11,27935010.897334374,,0,0,490893.3973343745,27485000.0,2024-09-26,35.55,1150,23900.0,put,0.0,24918.45
27975893.397334374,2024-09-12,27953640.897334374,,0,0,490893.3973343745,27485000.0,2024-09-26,19.35,1150,23900.0,put,0.0,25388.9
27975893.397334374,2024-09-13,27959103.397334374,,0,0,490893.3973343745,27485000.0,2024-09-26,14.6,1150,23900.0,put,0.0,25356.5
27975893.397334374,2024-09-16,27963703.397334374,,0,0,490893.3973343745,27485000.0,2024-09-26,10.6,1150,23900.0,put,0.0,25383.75
27975893.397334374,2024-09-17,27964220.897334374,,0,0,490893.3973343745,27485000.0,2024-09-26,10.15,1150,23900.0,put,0.0,25418.55
27975893.397334374,2024-09-18,27961288.397334374,,0,0,490893.3973343745,27485000.0,2024-09-26,12.7,1150,23900.0,put,0.0,25377.55
27975893.397334374,2024-09-19,27969050.897334374,,0,0,490893.3973343745,27485000.0,2024-09-26,5.95,1150,23900.0,put,0.0,25415.8
27975893.397334374,2024-09-20,27968763.397334374,,0,0,490893.3973343745,27485000.0,2024-09-26,6.2,1150,23900.0,put,0.0,25790.95
27975893.397334374,2024-09-23,27969050.897334374,,0,0,490893.3973343745,27485000.0,2024-09-26,5.95,1150,23900.0,put,0.0,25939.05
27975893.397334374,2024-09-24,27973593.397334374,,0,0,490893.3973343745,27485000.0,2024-09-26,2.0,1150,23900.0,put,0.0,25940.4
27975893.397334374,2024-09-25,27975203.397334374,,0,0,490893.3973343745,27485000.0,2024-09-26,0.6,1150,23900.0,put,0.0,26004.15
27975893.397334374,2024-09-26,27975893.397334374,,0,0,27975893.397334374,0.0,,0,0,,,0.0,26216.05
28038293.096679375,2024-09-27,27975648.096679375,,0,0,648293.0966793746,27390000.0,2024-10-31,56.95,1100,24900.0,put,0.0,26178.95
28038293.096679375,2024-09-30,27944738.096679375,,0,0,648293.0966793746,27390000.0,2024-10-31,85.05,1100,24900.0,put,0.0,25810.85
28038293.096679375,2024-10-01,27961513.096679375,,0,0,648293.0966793746,27390000.0,2024-10-31,69.8,1100,24900.0,put,0.0,25796.9
28038293.096679375,2024-10-03,27875988.096679375,,0,0,648293.0966793746,27390000.0,2024-10-31,147.55,1100,24900.0,put,0.0,25250.1
28038293.096679375,2024-10-04,27765493.096679375,,0,0,648293.0966793746,27390000.0,2024-10-31,248.0,1100,24900.0,put,0.0,25014.6
28038293.096679375,2024-10-07,27692288.096679375,,0,0,648293.0966793746,27390000.0,2024-10-31,314.55,1100,24900.0,put,0.0,24795.75
28038293.096679375,2024-10-08,27768848.096679375,,0,0,648293.0966793746,27390000.0,2024-10-31,244.95,1100,24900.0,put,0.0,25013.15
28038293.096679375,2024-10-09,27774458.096679375,,0,0,648293.0966793746,27390000.0,2024-10-31,239.85,1100,24900.0,put,0.0,24981.95
28038293.096679375,2024-10-10,27817413.096679375,,0,0,648293.0966793746,27390000.0,2024-10-31,200.8,1100,24900.0,put,0.0,24998.45
28038293.096679375,2024-10-11,27808943.096679375,,0,0,648293.0966793746,27390000.0,2024-10-31,208.5,1100,24900.0,put,0.0,24964.25
28038293.096679375,2024-10-14,27899253.096679375,,0,0,648293.0966793746,27390000.0,2024-10-31,126.4,1100,24900.0,put,0.0,25127.95
28038293.096679375,2024-10-15,27868343.096679375,,0,0,648293.0966793746,27390000.0,2024-10-31,154.5,1100,24900.0,put,0.0,25057.35
28038293.096679375,2024-10-16,27855033.096679375,,0,0,648293.0966793746,27390000.0,2024-10-31,166.6,1100,24900.0,put,0.0,24971.3
28038293.096679375,2024-10-17,27758618.096679375,,0,0,648293.0966793746,27390000.0,2024-10-31,254.25,1100,24900.0,put,0.0,24749.85
28038293.096679375,2024-10-18,27838148.096679375,,0,0,648293.0966793746,27390000.0,2024-10-31,181.95,1100,24900.0,put,0.0,24854.05
28038293.096679375,2024-10-21,27758398.096679375,,0,0,648293.0966793746,27390000.0,2024-10-31,254.45,1100,24900.0,put,0.0,24781.1
28038293.096679375,2024-10-22,27566338.096679375,,0,0,648293.0966793746,27390000.0,2024-10-31,429.05,1100,24900.0,put,0.0,24472.1
28038293.096679375,2024-10-23,27536693.096679375,,0,0,648293.0966793746,27390000.0,2024-10-31,456.0,1100,24900.0,put,0.0,24435.5
28038293.096679375,2024-10-24,27516728.096679375,,0,0,648293.0966793746,27390000.0,2024-10-31,474.15,1100,24900.0,put,0.0,24399.4
28038293.096679375,2024-10-25,27249813.096679375,,0,0,648293.0966793746,27390000.0,2024-10-31,716.8,1100,24900.0,put,0.0,24180.8
28038293.096679375,2024-10-28,27435548.096679375,,0,0,648293.0966793746,27390000.0,2024-10-31,547.95,1100,24900.0,put,0.0,24339.15
28038293.096679375,2024-10-29,27567273.096679375,,0,0,648293.0966793746,27390000.0,2024-10-31,428.2,1100,24900.0,put,0.0,24466.85
28038293.096679375,2024-10-30,27456778.096679375,,0,0,648293.0966793746,27390000.0,2024-10-31,528.65,1100,24900.0,put,0.0,24340.85
27274178.096679375,2024-10-31,27274178.096679375,,0,0,27274178.096679375,0.0,,0,0,,,0.0,24205.35
27267679.286750164,2024-11-01,27267679.286750164,2024-11-28,24383.65,1100,23244377.036750164,4023302.25,,0,0,,,25021.350000000002,24304.35
26998326.280800164,2024-11-04,26971651.280800164,2024-11-28,24114.65,1100,21377326.280800164,5621000.0,2024-11-28,24.25,1100,25550.0,call,25021.350000000002,23995.35
27197206.280800164,2024-11-05,27170586.280800164,2024-11-28,24295.45,1100,21576206.280800164,5621000.0,2024-11-28,24.2,1100,25550.0,call,25021.350000000002,24213.3
27518021.28080016,2024-11-06,27480731.28080016,2024-11-28,24587.1,1100,21897021.28080016,5621000.0,2024-11-28,33.9,1100,25550.0,call,25021.350000000002,24484.05
27202761.28080016,2024-11-07,27183126.28080016,2024-11-28,24300.5,1100,21581761.28080016,5621000.0,2024-11-28,17.85,1100,25550.0,call,25021.350000000002,24199.35
27114046.28080016,2024-11-08,27099966.28080016,2024-11-28,24219.85,1100,21493046.28080016,5621000.0,2024-11-28,12.8,1100,25550.0,call,25021.350000000002,24148.2
27121141.28080016,2024-11-11,27111956.28080016,2024-11-28,24226.3,1100,21500141.28080016,5621000.0,2024-11-28,8.35,1100,25550.0,call,25021.350000000002,24141.3
26827771.28080016,2024-11-12,26819631.28080016,2024-11-28,23959.6,1100,21206771.28080016,5621000.0,2024-11-28,7.4,1100,25550.0,call,25021.350000000002,23883.45
26496616.28080016,2024-11-13,26489356.28080016,2024-11-28,23658.55,1100,20875616.28080016,5621000.0,2024-11-28,6.6,1100,25550.0,call,25021.350000000002,23559.05
26434081.28080016,2024-11-14,26428856.28080016,2024-11-28,23601.7,1100,20813081.28080016,5621000.0,2024-11-28,4.75,1100,25550.0,call,25021.350000000002,23532.7
26337556.28080016,2024-11-18,26334641.28080016,2024-11-28,23513.95,1100,20716556.28080016,5621000.0,2024-11-28,2.65,1100,25550.0,call,25021.350000000002,23453.8
26360491.28080016,2024-11-19,26358346.28080016,2024-11-28,23534.8,1100,20739491.28080016,5621000.0,2024-11-28,1.95,1100,25550.0,call,25021.350000000002,23518.5
26155781.28080016,2024-11-21,26153691.28080016,2024-11-28,23348.7,1100,20534781.28080016,5621000.0,2024-11-28,1.9,1100,25550.0,call,25021.350000000002,23349.9
26747416.28080016,2024-11-22,26745821.28080016,2024-11-28,23886.55,1100,21126416.28080016,5621000.0,2024-11-28,1.45,1100,25550.0,call,25021.350000000002,23907.25
27173061.28080016,2024-11-25,27171356.28080016,2024-11-28,24273.5,1100,21552061.28080016,5621000.0,2024-11-28,1.55,1100,25550.0,call,25021.350000000002,24221.9
27111021.28080016,2024-11-26,27109921.28080016,2024-11-28,24217.1,1100,21490021.28080016,5621000.0,2024-11-28,1.0,1100,25550.0,call,25021.350000000002,24194.5
27201716.28080016,2024-11-27,27201166.28080016,2024-11-28,24299.55,1100,21580716.28080016,5621000.0,2024-11-28,0.5,1100,25550.0,call,25021.350000000002,24274.9
26760239.612571403,2024-11-28,26760239.612571403,2024-12-26,24115.25,1100,22781223.362571403,3979016.25,,0,0,,,25021.350000000002,23914.15
27027885.722461402,2024-11-29,26967770.722461402,2024-12-26,24304.15,1100,21494885.722461402,5533000.0,2024-12-26,54.65,1100,25150.0,call,25021.350000000002,24131.1
27164670.722461402,2024-12-02,27087175.722461402,2024-12-26,24428.5,1100,21631670.722461402,5533000.0,2024-12-26,70.45,1100,25150.0,call,25021.350000000002,24276.05
27295020.722461402,2024-12-03,27195855.722461402,2024-12-26,24547.0,1100,21762020.722461402,5533000.0,2024-12-26,90.15,1100,25150.0,call,25021.350000000002,24457.15
27311190.722461402,2024-12-04,27207625.722461402,2024-12-26,24561.7,1100,21778190.722461402,5533000.0,2024-12-26,94.15,1100,25150.0,call,25021.350000000002,24467.45
27534105.7224614,2024-12-05,27377795.7224614,2024-12-26,24764.35,1100,22001105.7224614,5533000.0,2024-12-26,142.1,1100,25150.0,call,25021.350000000002,24708.4
27554895.7224614,2024-12-06,27400675.7224614,2024-12-26,24783.25,1100,22021895.7224614,5533000.0,2024-12-26,140.2,1100,25150.0,call,25021.350000000002,24677.8
27457380.7224614,2024-12-09,27337260.7224614,2024-12-26,24694.6,1100,21924380.7224614,5533000.0,2024-12-26,109.2,1100,25150.0,call,25021.350000000002,24619.0
27444180.7224614,2024-12-10,27336435.7224614,2024-12-26,24682.6,1100,21911180.7224614,5533000.0,2024-12-26,97.95,1100,25150.0,call,25021.350000000002,24610.05
27501710.722461402,2024-12-11,27406560.722461402,2024-12-26,24734.9,1100,21968710.722461402,5533000.0,2024-12-26,86.5,1100,25150.0,call,25021.350000000002,24641.8
27406725.7224614,2024-12-12,27338690.7224614,2024-12-26,24648.55,1100,21873725.7224614,5533000.0,2024-12-26,61.85,1100,25150.0,call,25021.350000000002,24548.7
27607145.7224614,2024-12-13,27507925.7224614,2024-12-26,24830.75,1100,22074145.7224614,5533000.0,2024-12-26,90.2,1100,25150.0,call,25021.350000000002,24768.3
27505670.7224614,2024-12-16,27419760.7224614,2024-12-26,24738.5,1100,21972670.7224614,5533000.0,2024-12-26,78.1,1100,25150.0,call,25021.350000000002,24668.25
27152735.7224614,2024-12-17,27114950.7224614,2024-12-26,24417.65,1100,21619735.7224614,5533000.0,2024-12-26,34.35,1100,25150.0,call,25021.350000000002,24336.0
26976405.722461395,2024-12-18,26947585.722461395,2024-12-26,24257.35,1100,21443405.722461395,5533000.0,2024-12-26,26.2,1100,25150.0,call,25021.350000000002,24198.85
26714000.722461395,2024-12-19,26704595.722461395,2024-12-26,24018.8,1100,21181000.722461395,5533000.0,2024-12-26,8.55,1100,25150.0,call,25021.350000000002,23951.7
26281535.7224614,2024-12-20,26276915.7224614,2024-12-26,23625.65,1100,20748535.7224614,5533000.0,2024-12-26,4.2,1100,25150.0,call,25021.350000000002,23587.5
26440045.7224614,2024-12-23,26438120.7224614,2024-12-26,23769.75,1100,20907045.7224614,5533000.0,2024-12-26,1.75,1100,25150.0,call,25021.350000000002,23753.45
26440980.7224614,2024-12-24,26440210.7224614,2024-12-26,23770.6,1100,20907980.7224614,5533000.0,2024-12-26,0.7,1100,25150.0,call,25021.350000000002,23727.65
26401131.970221173,2024-12-26,26401131.970221173,2025-01-30,23919.75,1100,22454373.220221173,3946758.75,,0,0,,,25021.350000000002,23750.2
26534494.343051173,2024-12-27,26481089.343051173,2025-01-30,23992.65,1100,21023494.343051173,5511000.0,2025-01-30,48.55,1100,25050.0,call,25021.350000000002,23813.4
26340949.343051173,2024-12-30,26303439.343051173,2025-01-30,23816.7,1100,20829949.343051173,5511000.0,2025-01-30,34.1,1100,25050.0,call,25021.350000000002,23644.9
26329014.34305117,2024-12-31,26290184.34305117,2025-01-30,23805.85,1100,20818014.34305117,5511000.0,2025-01-30,35.3,1100,25050.0,call,25021.350000000002,23644.8
26430214.34305117,2025-01-01,26385664.34305117,2025-01-30,23897.85,1100,20919214.34305117,5511000.0,2025-01-30,40.5,1100,25050.0,call,25021.350000000002,23742.9
26853494.343051173,2025-01-02,26771709.343051173,2025-01-30,24282.65,1100,21342494.343051173,5511000.0,2025-01-30,74.35,1100,25050.0,call,25021.350000000002,24188.65
26644219.343051173,2025-01-03,26595159.343051173,2025-01-30,24092.4,1100,21133219.343051173,5511000.0,2025-01-30,44.6,1100,25050.0,call,25021.350000000002,24004.75
26235734.34305117,2025-01-06,26206034.34305117,2025-01-30,23721.05,1100,20724734.34305117,5511000.0,2025-01-30,27.0,1100,25050.0,call,25021.350000000002,23616.05
26317134.34305117,2025-01-07,26294749.34305117,2025-01-30,23795.05,1100,20806134.34305117,5511000.0,2025-01-30,20.35,1100,25050.0,call,25021.350000000002,23707.9
26302064.34305117,2025-01-08,26281329.34305117,2025-01-30,23781.35,1100,20791064.34305117,5511000.0,2025-01-30,18.85,1100,25050.0,call,25021.350000000002,23688.95
26155489.34305117,2025-01-09,26139484.34305117,2025-01-30,23648.1,1100,20644489.34305117,5511000.0,2025-01-30,14.55,1100,25050.0,call,25021.350000000002,23526.5
25993294.343051173,2025-01-10,25979434.343051173,2025-01-30,23500.65,1100,20482294.343051173,5511000.0,2025-01-30,12.6,1100,25050.0,call,25021.350000000002,23431.5
25620889.34305117,2025-01-13,25608569.34305117,2025-01-30,23162.1,1100,20109889.34305117,5511000.0,2025-01-30,11.2,1100,25050.0,call,25021.350000000002,23085.95
25741504.34305117,2025-01-14,25731934.34305117,2025-01-30,23271.75,1100,20230504.34305117,5511000.0,2025-01-30,8.7,1100,25050.0,call,25021.350000000002,23176.05
25735069.34305117,2025-01-15,25727974.34305117,2025-01-30,23265.9,1100,20224069.34305117,5511000.0,2025-01-30,6.45,1100,25050.0,call,25021.350000000002,23213.2
25857884.343051165,2025-01-16,25850734.343051165,2025-01-30,23377.55,1100,20346884.343051165,5511000.0,2025-01-30,6.5,1100,25050.0,call,25021.350000000002,23311.8
25736499.343051165,2025-01-17,25730944.343051165,2025-01-30,23267.2,1100,20225499.343051165,5511000.0,2025-01-30,5.05,1100,25050.0,call,25021.350000000002,23203.2
25882799.343051165,2025-01-20,25877739.343051165,2025-01-30,23400.2,1100,20371799.343051165,5511000.0,2025-01-30,4.6,1100,25050.0,call,25021.350000000002,23344.75
25556099.343051165,2025-01-21,25551974.343051165,2025-01-30,23103.2,1100,20045099.343051165,5511000.0,2025-01-30,3.75,1100,25050.0,call,25021.350000000002,23024.65
25661424.343051165,2025-01-22,25658894.343051165,2025-01-30,23198.95,1100,20150424.343051165,5511000.0,2025-01-30,2.3,1100,25050.0,call,25021.350000000002,23155.35
25732649.343051165,2025-01-23,25730669.343051165,2025-01-30,23263.7,1100,20221649.343051165,5511000.0,2025-01-30,1.8,1100,25050.0,call,25021.350000000002,23205.35
25567869.343051165,2025-01-24,25566439.343051165,2025-01-30,23113.9,1100,20056869.343051165,5511000.0,2025-01-30,1.3,1100,25050.0,call,25021.350000000002,23092.2
25273674.343051165,2025-01-27,25271914.343051165,2025-01-30,22846.45,1100,19762674.343051165,5511000.0,2025-01-30,1.6,1100,25050.0,call,25021.350000000002,22829.15
25418049.343051165,2025-01-28,25417279.343051165,2025-01-30,22977.7,1100,19907049.343051165,5511000.0,2025-01-30,0.7,1100,25050.0,call,25021.350000000002,22957.25
25605654.343051165,2025-01-29,25605214.343051165,2025-01-30,23148.25,1100,20094654.343051165,5511000.0,2025-01-30,0.4,1100,25050.0,call,25021.350000000002,23163.1
25700268.531028856,2025-01-30,25700268.531028856,2025-02-27,23418.3,1050,22011886.281028856,3688382.25,,0,0,,,25021.350000000002,23249.5
25939171.606253855,2025-01-31,25912134.106253855,2025-02-27,23620.2,1050,20678671.606253855,5260500.0,2025-02-27,25.75,1050,25050.0,call,25021.350000000002,23508.4
25752849.106253855,2025-02-03,25743451.606253855,2025-02-27,23442.75,1050,20492349.106253855,5260500.0,2025-02-27,8.95,1050,25050.0,call,25021.350000000002,23361.05
26112631.606253855,2025-02-04,26098509.106253855,2025-02-27,23785.4,1050,20852131.606253855,5260500.0,2025-02-27,13.45,1050,25050.0,call,25021.350000000002,23739.25
26099191.60625385,2025-02-05,26084176.60625385,2025-02-27,23772.6,1050,20838691.60625385,5260500.0,2025-02-27,14.3,1050,25050.0,call,25021.350000000002,23696.3
26011306.606253855,2025-02-06,25999546.606253855,2025-02-27,23688.9,1050,20750806.606253855,5260500.0,2025-02-27,11.2,1050,25050.0,call,25021.350000000002,23603.35
25933659.106253855,2025-02-07,25925154.106253855,2025-02-27,23614.95,1050,20673159.106253855,5260500.0,2025-02-27,8.1,1050,25050.0,call,25021.350000000002,23559.95
25770069.106253855,2025-02-10,25763506.606253855,2025-02-27,23459.15,1050,20509569.106253855,5260500.0,2025-02-27,6.25,1050,25050.0,call,25021.350000000002,23381.6
25448769.106253855,2025-02-11,25443309.106253855,2025-02-27,23153.15,1050,20188269.106253855,5260500.0,2025-02-27,5.2,1050,25050.0,call,25021.350000000002,23071.8
25418004.10625385,2025-02-12,25413279.10625385,2025-02-27,23123.85,1050,20157504.10625385,5260500.0,2025-02-27,4.5,1050,25050.0,call,25021.350000000002,23045.25
25401099.10625385,2025-02-13,25397424.10625385,2025-02-27,23107.75,1050,20140599.10625385,5260500.0,2025-02-27,3.5,1050,25050.0,call,25021.350000000002,23031.4
25283394.10625385,2025-02-14,25280506.60625385,2025-02-27,22995.65,1050,20022894.10625385,5260500.0,2025-02-27,2.75,1050,25050.0,call,25021.350000000002,22929.25
25315681.60625385,2025-02-17,25313424.10625385,2025-02-27,23026.4,1050,20055181.60625385,5260500.0,2025-02-27,2.15,1050,25050.0,call,25021.350000000002,22959.5
25259191.606253847,2025-02-18,25257196.606253847,2025-02-27,22972.6,1050,19998691.606253847,5260500.0,2025-02-27,1.9,1050,25050.0,call,25021.350000000002,22945.3
25250686.606253847,2025-02-19,25249006.606253847,2025-02-27,22964.5,1050,19990186.606253847,5260500.0,2025-02-27,1.6,1050,25050.0,call,25021.350000000002,22932.9
25227586.606253847,2025-02-20,25226431.606253847,2025-02-27,22942.5,1050,19967086.606253847,5260500.0,2025-02-27,1.1,1050,25050.0,call,25021.350000000002,22913.15
25101691.606253847,2025-02-21,25100746.606253847,2025-02-27,22822.6,1050,19841191.606253847,5260500.0,2025-02-27,0.9,1050,25050.0,call,25021.350000000002,22795.9
24881244.10625385,2025-02-24,24880194.10625385,2025-02-27,22612.65,1050,19620744.10625385,5260500.0,2025-02-27,1.0,1050,25050.0,call,25021.350000000002,22553.35
24849219.10625385,2025-02-25,24848746.60625385,2025-02-27,22582.15,1050,19588719.10625385,5260500.0,2025-02-27,0.45,1050,25050.0,call,25021.350000000002,22547.55
24794491.10835296,2025-02-27,24794491.10835296,2025-03-27,22683.65,1050,21221816.23335296,3572674.875,,0,0,,,25021.350000000002,22545.05
24376230.726942956,2025-02-28,24370665.726942956,2025-03-27,22280.05,1050,19115730.726942956,5260500.0,2025-03-27,5.3,1050,25050.0,call,25021.350000000002,22124.7
24354968.226942956,2025-03-03,24350243.226942956,2025-03-27,22259.8,1050,19094468.226942956,5260500.0,2025-03-27,4.5,1050,25050.0,call,25021.350000000002,22119.3
24282780.726942956,2025-03-04,24279000.726942956,2025-03-27,22191.05,1050,19022280.726942956,5260500.0,2025-03-27,3.6,1050,25050.0,call,25021.350000000002,22082.65
24545595.726942956,2025-03-05,24545543.226942956,2025-03-27,22441.35,1050,19285095.726942956,5260500.0,2025-03-27,0.05,1050,25050.0,call,25021.350000000002,22337.3
24734175.72694296,2025-03-06,24730920.72694296,2025-03-27,22620.95,1050,19473675.72694296,5260500.0,2025-03-27,3.1,1050,25050.0,call,25021.350000000002,22544.7
24764625.72694296,2025-03-07,24761790.72694296,2025-03-27,22649.95,1050,19504125.72694296,5260500.0,2025-03-27,2.7,1050,25050.0,call,25021.350000000002,22552.5
24623610.72694296,2025-03-10,24621143.22694296,2025-03-27,22515.65,1050,19363110.72694296,5260500.0,2025-03-27,2.35,1050,25050.0,call,25021.350000000002,22460.3
24674693.226942956,2025-03-11,24674640.726942956,2025-03-27,22564.3,1050,19414193.226942956,5260500.0,2025-03-27,0.05,1050,25050.0,call,25021.350000000002,22497.9
24639045.726942956,2025-03-12,24638993.226942956,2025-03-27,22530.35,1050,19378545.726942956,5260500.0,2025-03-27,0.05,1050,25050.0,call,25021.350000000002,22470.5
24548640.726942956,2025-03-13,24546960.726942956,2025-03-27,22444.25,1050,19288140.726942956,5260500.0,2025-03-27,1.6,1050,25050.0,call,25021.350000000002,22397.2
24695693.226942956,2025-03-17,24694643.226942956,2025-03-27,22584.3,1050,19435193.226942956,5260500.0,2025-03-27,1.0,1050,25050.0,call,25021.350000000002,22508.75
25022348.22694296,2025-03-18,25021403.22694296,2025-03-27,22895.4,1050,19761848.22694296,5260500.0,2025-03-27,0.9,1050,25050.0,call,25021.350000000002,22834.3
25103775.72694296,2025-03-19,25102725.72694296,2025-03-27,22972.95,1050,19843275.72694296,5260500.0,2025-03-27,1.0,1050,25050.0,call,25021.350000000002,22907.6
25342440.72694296,2025-03-20,25341495.72694296,2025-03-27,23200.25,1050,20081940.72694296,5260500.0,2025-03-27,0.9,1050,25050.0,call,25021.350000000002,23190.65
25531020.72694296,2025-03-21,25530285.72694296,2025-03-27,23379.85,1050,20270520.72694296,5260500.0,2025-03-27,0.7,1050,25050.0,call,25021.350000000002,23350.4
25866495.72694296,2025-03-24,25865288.22694296,2025-03-27,23699.35,1050,20605995.72694296,5260500.0,2025-03-27,1.15,1050,25050.0,call,25021.350000000002,23658.35
25872795.72694296,2025-03-25,25871640.72694296,2025-03-27,23705.35,1050,20612295.72694296,5260500.0,2025-03-27,1.1,1050,25050.0,call,25021.350000000002,23668.65
25680173.226942964,2025-03-26,25679228.226942964,2025-03-27,23521.9,1050,20419673.226942964,5260500.0,2025-03-27,0.9,1050,25050.0,call,25021.350000000002,23486.85
25737212.179547843,2025-03-27,25737212.179547843,2025-04-24,23777.65,1050,21992232.304547843,3744979.875,,0,0,,,25021.350000000002,23591.95
25603994.331507843,2025-03-28,25590134.331507843,2025-04-24,23637.65,1050,20343494.331507843,5260500.0,2025-04-24,13.2,1050,25050.0,call,25021.350000000002,23519.35
25271931.831507843,2025-04-01,25263269.331507843,2025-04-24,23321.4,1050,20011431.831507843,5260500.0,2025-04-24,8.25,1050,25050.0,call,25021.350000000002,23165.7
25395359.331507843,2025-04-02,25383914.331507843,2025-04-24,23438.95,1050,20134859.331507843,5260500.0,2025-04-24,10.9,1050,25050.0,call,25021.350000000002,23332.35
25276709.331507843,2025-04-03,25269149.331507843,2025-04-24,23325.95,1050,20016209.331507843,5260500.0,2025-04-24,7.2,1050,25050.0,call,25021.350000000002,23250.1
24890519.331507843,2025-04-04,24885059.331507843,2025-04-24,22958.15,1050,19630019.331507843,5260500.0,2025-04-24,5.2,1050,25050.0,call,25021.350000000002,22904.45
24161451.83150784,2025-04-07,24153524.33150784,2025-04-24,22263.8,1050,18900951.83150784,5260500.0,2025-04-24,7.55,1050,25050.0,call,25021.350000000002,22161.6
24546329.33150784,2025-04-08,24538244.33150784,2025-04-24,22630.35,1050,19285829.33150784,5260500.0,2025-04-24,7.7,1050,25050.0,call,25021.350000000002,22535.85
24388094.331507843,2025-04-09,24381006.831507843,2025-04-24,22479.65,1050,19127594.331507843,5260500.0,2025-04-24,6.75,1050,25050.0,call,25021.350000000002,22399.15
24847994.331507843,2025-04-11,24838859.331507843,2025-04-24,22917.65,1050,19587494.331507843,5260500.0,2025-04-24,8.7,1050,25050.0,call,25021.350000000002,22828.55
25292406.831507843,2025-04-15,25288574.331507843,2025-04-24,23340.9,1050,20031906.831507843,5260500.0,2025-04-24,3.65,1050,25050.0,call,25021.350000000002,23328.55
25389636.831507843,2025-04-16,25387169.331507843,2025-04-24,23433.5,1050,20129136.831507843,5260500.0,2025-04-24,2.35,1050,25050.0,call,25021.350000000002,23437.2
25828326.831507843,2025-04-17,25823549.331507843,2025-04-24,23851.3,1050,20567826.831507843,5260500.0,2025-04-24,4.55,1050,25050.0,call,25021.350000000002,23851.65
26126736.831507843,2025-04-21,26122589.331507843,2025-04-24,24135.5,1050,20866236.831507843,5260500.0,2025-04-24,3.95,1050,25050.0,call,25021.350000000002,24125.55
26161911.831507843,2025-04-22,26159916.831507843,2025-04-24,24169.0,1050,20901411.831507843,5260500.0,2025-04-24,1.9,1050,25050.0,call,25021.350000000002,24167.25
26312796.831507843,2025-04-23,26309751.831507843,2025-04-24,24312.7,1050,21052296.831507843,5260500.0,2025-04-24,2.9,1050,25050.0,call,25021.350000000002,24328.95
26226542.655139253,2025-04-24,26226542.655139253,2025-05-29,24373.0,1050,22387795.155139253,3838747.5,,0,0,,,25021.350000000002,24246.7
26034212.16592425,2025-04-25,25980714.66592425,2025-05-29,24139.1,1050,20679212.16592425,5355000.0,2025-05-29,50.95,1050,25500.0,call,25021.350000000002,24039.35
26363597.16592425,2025-04-28,26290569.66592425,2025-05-29,24452.8,1050,21008597.16592425,5355000.0,2025-05-29,69.55,1050,25500.0,call,25021.350000000002,24328.5
26334722.16592425,2025-04-29,26265632.16592425,2025-05-29,24425.3,1050,20979722.16592425,5355000.0,2025-05-29,65.8,1050,25500.0,call,25021.350000000002,24335.95
26327477.165924255,2025-04-30,26258754.665924255,2025-05-29,24418.4,1050,20972477.165924255,5355000.0,2025-05-29,65.45,1050,25500.0,call,25021.350000000002,24334.2
26308892.165924255,2025-05-02,26249619.665924255,2025-05-29,24400.7,1050,20953892.165924255,5355000.0,2025-05-29,56.45,1050,25500.0,call,25021.350000000002,24346.7
26469542.165924255,2025-05-05,26406909.665924255,2025-05-29,24553.7,1050,21114542.165924255,5355000.0,2025-05-29,59.65,1050,25500.0,call,25021.350000000002,24461.15
26341127.165924255,2025-05-06,26296082.165924255,2025-05-29,24431.4,1050,20986127.165924255,5355000.0,2025-05-29,42.9,1050,25500.0,call,25021.350000000002,24379.6
26372627.165924255,2025-05-07,26326322.165924255,2025-05-29,24461.4,1050,21017627.165924255,5355000.0,2025-05-29,44.1,1050,25500.0,call,25021.350000000002,24414.4
26173652.165924255,2025-05-08,26139632.165924255,2025-05-29,24271.9,1050,20818652.165924255,5355000.0,2025-05-29,32.4,1050,25500.0,call,25021.350000000002,24273.8
25956932.165924255,2025-05-09,25936719.665924255,2025-05-29,24065.5,1050,20601932.165924255,5355000.0,2025-05-29,19.25,1050,25500.0,call,25021.350000000002,24008.0
26984462.165924255,2025-05-12,26843394.665924255,2025-05-29,25044.1,1050,21629462.165924255,5355000.0,2025-05-29,134.35,1050,25500.0,call,25021.350000000002,24924.7
26560367.16592426,2025-05-13,26500884.66592426,2025-05-29,24640.2,1050,21205367.16592426,5355000.0,2025-05-29,56.65,1050,25500.0,call,25021.350000000002,24578.35
26639852.16592426,2025-05-14,26591184.66592426,2025-05-29,24715.9,1050,21284852.16592426,5355000.0,2025-05-29,46.35,1050,25500.0,call,25021.350000000002,24666.9
27020792.16592426,2025-05-15,26908232.16592426,2025-05-29,25078.7,1050,21665792.16592426,5355000.0,2025-05-29,107.2,1050,25500.0,call,25021.350000000002,25062.1
27020792.16592426,2025-05-16,26912117.16592426,2025-05-29,25078.7,1050,21665792.16592426,5355000.0,2025-05-29,103.5,1050,25500.0,call,25021.350000000002,25019.8
26913377.16592426,2025-05-19,26836779.66592426,2025-05-29,24976.4,1050,21558377.16592426,5355000.0,2025-05-29,72.95,1050,25500.0,call,25021.350000000002,24945.45
26701487.165924255,2025-05-20,26663267.165924255,2025-05-29,24774.6,1050,21346487.165924255,5355000.0,2025-05-29,36.4,1050,25500.0,call,25021.350000000002,24683.9
26761967.16592426,2025-05-21,26724639.66592426,2025-05-29,24832.2,1050,21406967.16592426,5355000.0,2025-05-29,35.55,1050,25500.0,call,25021.350000000002,24813.45
26572967.16592426,2025-05-22,26558162.16592426,2025-05-29,24652.2,1050,21217967.16592426,5355000.0,2025-05-29,14.1,1050,25500.0,call,25021.350000000002,24609.7
26812052.16592426,2025-05-23,26786799.66592426,2025-05-29,24879.9,1050,21457052.16592426,5355000.0,2025-05-29,24.05,1050,25500.0,call,25021.350000000002,24853.15
26975852.16592426,2025-05-26,26931804.66592426,2025-05-29,25035.9,1050,21620852.16592426,5355000.0,2025-05-29,41.95,1050,25500.0,call,25021.350000000002,25001.15
26793887.165924255,2025-05-27,26775039.665924255,2025-05-29,24862.6,1050,21438887.165924255,5355000.0,2025-05-29,17.95,1050,25500.0,call,25021.350000000002,24826.2
26688782.165924255,2025-05-28,26685159.665924255,2025-05-29,24762.5,1050,21333782.165924255,5355000.0,2025-05-29,3.45,1050,25500.0,call,25021.350000000002,24752.45
26746078.859703176,2025-05-29,26746078.859703176,2025-06-26,24942.8,1050,22817587.859703176,3928490.9999999995,,0,0,,,25021.350000000002,24833.6
26724215.665003177,2025-05-30,26670665.665003177,2025-06-26,24871.2,1050,21243215.665003177,5481000.0,2025-06-26,51.0,1050,26100.0,call,25021.350000000002,24750.7
26677070.665003177,2025-06-02,26628035.665003177,2025-06-26,24826.3,1050,21196070.665003177,5481000.0,2025-06-26,46.7,1050,26100.0,call,25021.350000000002,24716.6
26518520.665003177,2025-06-03,26485078.165003177,2025-06-26,24675.3,1050,21037520.665003177,5481000.0,2025-06-26,31.85,1050,26100.0,call,25021.350000000002,24542.5
26575325.66500318,2025-06-04,26547185.66500318,2025-06-26,24729.4,1050,21094325.66500318,5481000.0,2025-06-26,26.8,1050,26100.0,call,25021.350000000002,24620.2
26713925.66500318,2025-06-05,26684630.66500318,2025-06-26,24861.4,1050,21232925.66500318,5481000.0,2025-06-26,27.9,1050,26100.0,call,25021.350000000002,24750.9
26960570.665003177,2025-06-06,26921143.165003177,2025-06-26,25096.3,1050,21479570.665003177,5481000.0,2025-06-26,37.55,1050,26100.0,call,25021.350000000002,25003.05
27050345.665003177,2025-06-09,27009290.665003177,2025-06-26,25181.8,1050,21569345.665003177,5481000.0,2025-06-26,39.1,1050,26100.0,call,25021.350000000002,25103.2
27028085.665003177,2025-06-10,27001310.665003177,2025-06-26,25160.6,1050,21547085.665003177,5481000.0,2025-06-26,25.5,1050,26100.0,call,25021.350000000002,25104.25
27081740.66500318,2025-06-11,27058325.66500318,2025-06-26,25211.7,1050,21600740.66500318,5481000.0,2025-06-26,22.3,1050,26100.0,call,25021.350000000002,25141.4
26793725.66500318,2025-06-12,26781755.66500318,2025-06-26,24937.4,1050,21312725.66500318,5481000.0,2025-06-26,11.4,1050,26100.0,call,25021.350000000002,24888.2
26573225.66500318,2025-06-13,26565403.16500318,2025-06-26,24727.4,1050,21092225.66500318,5481000.0,2025-06-26,7.45,1050,26100.0,call,25021.350000000002,24718.6
26855465.66500318,2025-06-16,26848483.16500318,2025-06-26,24996.2,1050,21374465.66500318,5481000.0,2025-06-26,6.65,1050,26100.0,call,25021.350000000002,24946.5
26721695.66500318,2025-06-17,26718493.16500318,2025-06-26,24868.8,1050,21240695.66500318,5481000.0,2025-06-26,3.05,1050,26100.0,call,25021.350000000002,24853.4
26677700.665003184,2025-06-18,26674813.165003184,2025-06-26,24826.9,1050,21196700.665003184,5481000.0,2025-06-26,2.75,1050,26100.0,call,25021.350000000002,24812.05
26652710.66500318,2025-06-19,26650663.16500318,2025-06-26,24803.1,1050,21171710.66500318,5481000.0,2025-06-26,1.95,1050,26100.0,call,25021.350000000002,24793.25
26976740.665003184,2025-06-20,26974640.665003184,2025-06-26,25111.7,1050,21495740.665003184,5481000.0,2025-06-26,2.0,1050,26100.0,call,25021.350000000002,25112.4
26852420.665003184,2025-06-23,26850793.165003184,2025-06-26,24993.3,1050,21371420.665003184,5481000.0,2025-06-26,1.55,1050,26100.0,call,25021.350000000002,24971.9
26934740.665003184,2025-06-24,26933113.165003184,2025-06-26,25071.7,1050,21453740.665003184,5481000.0,2025-06-26,1.55,1050,26100.0,call,25021.350000000002,25044.35
27124265.665003184,2025-06-25,27123268.165003184,2025-06-26,25252.2,1050,21643265.665003184,5481000.0,2025-06-26,0.95,1050,26100.0,call,25021.350000000002,25244.75
27418060.412812386,2025-06-26,27418060.412812386,2025-07-31,25615.0,1050,23383697.912812386,4034362.5,,0,0,,,25021.350000000002,25549.0
27599217.699062385,2025-06-27,27559842.699062385,2025-07-31,25750.2,1050,21950217.699062385,5649000.0,2025-07-31,37.5,1050,26900.0,call,25021.350000000002,25637.8
27456417.699062385,2025-06-30,27424812.699062385,2025-07-31,25614.2,1050,21807417.699062385,5649000.0,2025-07-31,30.1,1050,26900.0,call,25021.350000000002,25517.05
27486972.699062385,2025-07-01,27458465.199062385,2025-07-31,25643.3,1050,21837972.699062385,5649000.0,2025-07-31,27.15,1050,26900.0,call,25021.350000000002,25541.8
27384912.699062385,2025-07-02,27364595.199062385,2025-07-31,25546.1,1050,21735912.699062385,5649000.0,2025-07-31,19.35,1050,26900.0,call,25021.350000000002,25453.4
27345537.699062385,2025-07-03,27329000.199062385,2025-07-31,25508.6,1050,21696537.699062385,5649000.0,2025-07-31,15.75,1050,26900.0,call,25021.350000000002,25405.3
27378612.699062385,2025-07-04,27362810.199062385,2025-07-31,25540.1,1050,21729612.699062385,5649000.0,2025-07-31,15.05,1050,26900.0,call,25021.350000000002,25461.0
27377352.69906239,2025-07-07,27363702.69906239,2025-07-31,25538.9,1050,21728352.69906239,5649000.0,2025-07-31,13.0,1050,26900.0,call,25021.350000000002,25461.3
27454002.69906239,2025-07-08,27440825.19906239,2025-07-31,25611.9,1050,21805002.69906239,5649000.0,2025-07-31,12.55,1050,26900.0,call,25021.350000000002,25522.5
27398247.699062385,2025-07-09,27388272.699062385,2025-07-31,25558.8,1050,21749247.699062385,5649000.0,2025-07-31,9.5,1050,26900.0,call,25021.350000000002,25476.1
27254502.69906239,2025-07-10,27247415.19906239,2025-07-31,25421.9,1050,21605502.69906239,5649000.0,2025-07-31,6.75,1050,26900.0,call,25021.350000000002,25355.25
27046077.69906239,2025-07-11,27040145.19906239,2025-07-31,25223.4,1050,21397077.69906239,5649000.0,2025-07-31,5.65,1050,26900.0,call,25021.350000000002,25149.85
26987382.69906239,2025-07-14,26982657.69906239,2025-07-31,25167.5,1050,21338382.69906239,5649000.0,2025-07-31,4.5,1050,26900.0,call,25021.350000000002,25082.3
27090387.69906239,2025-07-15,27086870.19906239,2025-07-31,25265.6,1050,21441387.69906239,5649000.0,2025-07-31,3.35,1050,26900.0,call,25021.350000000002,25195.8
27069597.69906239,2025-07-16,27066815.19906239,2025-07-31,25245.8,1050,21420597.69906239,5649000.0,2025-07-31,2.65,1050,26900.0,call,25021.350000000002,25212.05
26994837.69906239,2025-07-17,26992737.69906239,2025-07-31,25174.6,1050,21345837.69906239,5649000.0,2025-07-31,2.0,1050,26900.0,call,25021.350000000002,25111.45
26845422.69906239,2025-07-18,26843742.69906239,2025-07-31,25032.3,1050,21196422.69906239,5649000.0,2025-07-31,1.6,1050,26900.0,call,25021.350000000002,24968.4
26945487.69906239,2025-07-21,26943912.69906239,2025-07-31,25127.6,1050,21296487.69906239,5649000.0,2025-07-31,1.5,1050,26900.0,call,25021.350000000002,25090.7
26910102.699062392,2025-07-22,26908947.699062392,2025-07-31,25093.9,1050,21261102.699062392,5649000.0,2025-07-31,1.1,1050,26900.0,call,25021.350000000002,25060.9
27076947.69906239,2025-07-23,27076160.19906239,2025-07-31,25252.8,1050,21427947.69906239,5649000.0,2025-07-31,0.75,1050,26900.0,call,25021.350000000002,25219.9
26911677.699062392,2025-07-24,26910785.199062392,2025-07-31,25095.4,1050,21262677.699062392,5649000.0,2025-07-31,0.85,1050,26900.0,call,25021.350000000002,25062.1
26654427.699062392,2025-07-25,26653115.199062392,2025-07-31,24850.4,1050,21005427.699062392,5649000.0,2025-07-31,1.25,1050,26900.0,call,25021.350000000002,24837.0
26507217.699062392,2025-07-28,26506115.199062392,2025-07-31,24710.2,1050,20858217.699062392,5649000.0,2025-07-31,1.05,1050,26900.0,call,25021.350000000002,24680.9
26642247.699062392,2025-07-29,26641670.199062392,2025-07-31,24838.8,1050,20993247.699062392,5649000.0,2025-07-31,0.55,1050,26900.0,call,25021.350000000002,24821.1
26674272.699062392,2025-07-30,26673537.699062392,2025-07-31,24869.3,1050,21025272.699062392,5649000.0,2025-07-31,0.7,1050,26900.0,call,25021.350000000002,24855.05
26550963.813078627,2025-07-31,26550963.813078627,2025-08-28,24871.6,1050,22633686.813078627,3917277.0,,0,0,,,25021.350000000002,24768.35
26308439.73212863,2025-08-01,26294264.73212863,2025-08-28,24627.2,1050,20837939.73212863,5470500.0,2025-08-28,13.5,1050,26050.0,call,25021.350000000002,24565.35
26482634.732128628,2025-08-04,26415592.232128628,2025-08-28,24793.1,1050,21012134.732128628,5470500.0,2025-08-28,63.85,1050,26050.0,call,25021.350000000002,24722.75
26393069.732128628,2025-08-05,26382884.732128628,2025-08-28,24707.8,1050,20922569.732128628,5470500.0,2025-08-28,9.7,1050,26050.0,call,25021.350000000002,24649.55
26316524.73212863,2025-08-06,26307389.73212863,2025-08-28,24634.9,1050,20846024.73212863,5470500.0,2025-08-28,8.7,1050,26050.0,call,25021.350000000002,24574.2
26356949.73212863,2025-08-07,26347447.23212863,2025-08-28,24673.4,1050,20886449.73212863,5470500.0,2025-08-28,9.05,1050,26050.0,call,25021.350000000002,24596.15
26113034.732128628,2025-08-08,26106577.232128628,2025-08-28,24441.1,1050,20642534.732128628,5470500.0,2025-08-28,6.15,1050,26050.0,call,25021.350000000002,24363.3
26309174.73212863,2025-08-11,26303399.73212863,2025-08-28,24627.9,1050,20838674.73212863,5470500.0,2025-08-28,5.5,1050,26050.0,call,25021.350000000002,24585.05
26232524.73212863,2025-08-12,26227484.73212863,2025-08-28,24554.9,1050,20762024.73212863,5470500.0,2025-08-28,4.8,1050,26050.0,call,25021.350000000002,24487.4
26397689.73212863,2025-08-13,26392229.73212863,2025-08-28,24712.2,1050,20927189.73212863,5470500.0,2025-08-28,5.2,1050,26050.0,call,25021.350000000002,24619.35
26368814.73212863,2025-08-14,26364719.73212863,2025-08-28,24684.7,1050,20898314.73212863,5470500.0,2025-08-28,3.9,1050,26050.0,call,25021.350000000002,24631.3
26665019.73212863,2025-08-18,26660032.23212863,2025-08-28,24966.8,1050,21194519.73212863,5470500.0,2025-08-28,4.75,1050,26050.0,call,25021.350000000002,24876.95
26735054.73212863,2025-08-19,26732062.23212863,2025-08-28,25033.5,1050,21264554.73212863,5470500.0,2025-08-28,2.85,1050,26050.0,call,25021.350000000002,24980.65
26787344.73212863,2025-08-20,26784929.73212863,2025-08-28,25083.3,1050,21316844.73212863,5470500.0,2025-08-28,2.3,1050,26050.0,call,25021.350000000002,25050.55
26828504.73212863,2025-08-21,26826877.23212863,2025-08-28,25122.5,1050,21358004.73212863,5470500.0,2025-08-28,1.55,1050,26050.0,call,25021.350000000002,25083.75
26592989.73212863,2025-08-22,26591047.23212863,2025-08-28,24898.2,1050,21122489.73212863,5470500.0,2025-08-28,1.85,1050,26050.0,call,25021.350000000002,24870.1
26689064.73212863,2025-08-25,26688067.23212863,2025-08-28,24989.7,1050,21218564.73212863,5470500.0,2025-08-28,0.95,1050,26050.0,call,25021.350000000002,24967.75
26417954.73212863,2025-08-26,26416432.23212863,2025-08-28,24731.5,1050,20947454.73212863,5470500.0,2025-08-28,1.45,1050,26050.0,call,25021.350000000002,24712.05
26158687.42996341,2025-08-28,26158687.42996341,2025-09-30,24651.7,1050,22276044.67996341,3882642.75,,0,0,,,25021.350000000002,24500.9
26094731.772683408,2025-08-29,26071211.772683408,2025-09-30,24568.5,1050,20687231.772683408,5407500.0,2025-09-30,22.4,1050,25750.0,call,25021.350000000002,24426.85
26283206.772683408,2025-09-01,26257796.772683408,2025-09-30,24748.0,1050,20875706.772683408,5407500.0,2025-09-30,24.2,1050,25750.0,call,25021.350000000002,24625.05
26224196.772683408,2025-09-02,26201726.772683408,2025-09-30,24691.8,1050,20816696.772683408,5407500.0,2025-09-30,21.4,1050,25750.0,call,25021.350000000002,24579.6
26351561.772683408,2025-09-03,26325836.772683408,2025-09-30,24813.1,1050,20944061.772683408,5407500.0,2025-09-30,24.5,1050,25750.0,call,25021.350000000002,24715.05
26366681.772683408,2025-09-04,26341534.272683408,2025-09-30,24827.5,1050,20959181.772683408,5407500.0,2025-09-30,23.95,1050,25750.0,call,25021.350000000002,24734.3
26387891.772683408,2025-09-05,26363899.272683408,2025-09-30,24847.7,1050,20980391.772683408,5407500.0,2025-09-30,22.85,1050,25750.0,call,25021.350000000002,24741.0
26435141.772683408,2025-09-08,26414141.772683408,2025-09-30,24892.7,1050,21027641.772683408,5407500.0,2025-09-30,20.0,1050,25750.0,call,25021.350000000002,24773.15
26495621.772683408,2025-09-09,26473099.272683408,2025-09-30,24950.3,1050,21088121.772683408,5407500.0,2025-09-30,21.45,1050,25750.0,call,25021.350000000002,24868.6
26623721.772683408,2025-09-10,26593796.772683408,2025-09-30,25072.3,1050,21216221.772683408,5407500.0,2025-09-30,28.5,1050,25750.0,call,25021.350000000002,24973.1
26657531.772683408,2025-09-11,26629706.772683408,2025-09-30,25104.5,1050,21250031.772683408,5407500.0,2025-09-30,26.5,1050,25750.0,call,25021.350000000002,25005.5
26763056.772683408,2025-09-12,26729456.772683408,2025-09-30,25205.0,1050,21355556.772683408,5407500.0,2025-09-30,32.0,1050,25750.0,call,25021.350000000002,25114.0
26720741.772683408,2025-09-15,26695751.772683408,2025-09-30,25164.7,1050,21313241.772683408,5407500.0,2025-09-30,23.8,1050,25750.0,call,25021.350000000002,25069.2
26895776.772683408,2025-09-16,26853304.272683408,2025-09-30,25331.4,1050,21488276.772683408,5407500.0,2025-09-30,40.45,1050,25750.0,call,25021.350000000002,25239.1
26992376.772683408,2025-09-17,26938564.272683408,2025-09-30,25423.4,1050,21584876.772683408,5407500.0,2025-09-30,51.25,1050,25750.0,call,25021.350000000002,25330.25
27084251.772683408,2025-09-18,27025924.272683408,2025-09-30,25510.9,1050,21676751.772683408,5407500.0,2025-09-30,55.55,1050,25750.0,call,25021.350000000002,25423.6
26979566.772683408,2025-09-19,26945126.772683408,2025-09-30,25411.2,1050,21572066.772683408,5407500.0,2025-09-30,32.8,1050,25750.0,call,25021.350000000002,25327.05
26839391.772683408,2025-09-22,26822591.772683408,2025-09-30,25277.7,1050,21431891.772683408,5407500.0,2025-09-30,16.0,1050,25750.0,call,25021.350000000002,25202.35
26816396.772683408,2025-09-23,26806106.772683408,2025-09-30,25255.8,1050,21408896.772683408,5407500.0,2025-09-30,9.8,1050,25750.0,call,25021.350000000002,25169.5
26665301.77268341,2025-09-24,26660944.27268341,2025-09-30,25111.9,1050,21257801.77268341,5407500.0,2025-09-30,4.15,1050,25750.0,call,25021.350000000002,25056.9
26513891.77268341,2025-09-25,26510479.27268341,2025-09-30,24967.7,1050,21106391.77268341,5407500.0,2025-09-30,3.25,1050,25750.0,call,25021.350000000002,24890.85
26222201.77268341,2025-09-26,26219471.77268341,2025-09-30,24689.9,1050,20814701.77268341,5407500.0,2025-09-30,2.6,1050,25750.0,call,25021.350000000002,24654.7
26217056.77268341,2025-09-29,26215061.77268341,2025-09-30,24685.0,1050,20809556.77268341,5407500.0,2025-09-30,1.9,1050,25750.0,call,25021.350000000002,24634.9
26122243.61754123,2025-09-30,26122243.61754123,2025-10-28,24778.3,1050,22219661.36754123,3902582.25,,0,0,,,25021.350000000002,24611.1
26344463.61089623,2025-10-01,26320471.11089623,2025-10-28,24967.2,1050,20915963.61089623,5428500.0,2025-10-28,22.85,1050,25850.0,call,25021.350000000002,24836.3
26385833.610896226,2025-10-03,26365253.610896226,2025-10-28,25006.6,1050,20957333.610896226,5428500.0,2025-10-28,19.6,1050,25850.0,call,25021.350000000002,24894.25
26573573.61089623,2025-10-06,26543753.61089623,2025-10-28,25185.4,1050,21145073.61089623,5428500.0,2025-10-28,28.4,1050,25850.0,call,25021.350000000002,25077.65
26615468.610896226,2025-10-07,26585386.110896226,2025-10-28,25225.3,1050,21186968.610896226,5428500.0,2025-10-28,28.65,1050,25850.0,call,25021.350000000002,25108.3
26505323.61089623,2025-10-08,26482591.11089623,2025-10-28,25120.4,1050,21076823.61089623,5428500.0,2025-10-28,21.65,1050,25850.0,call,25021.350000000002,25046.15
26666393.610896226,2025-10-09,26635418.610896226,2025-10-28,25273.8,1050,21237893.610896226,5428500.0,2025-10-28,29.5,1050,25850.0,call,25021.350000000002,25181.8
26810453.610896226,2025-10-10,26765723.610896226,2025-10-28,25411.0,1050,21381953.610896226,5428500.0,2025-10-28,42.6,1050,25850.0,call,25021.350000000002,25285.35
26703668.610896226,2025-10-13,26669438.610896226,2025-10-28,25309.3,1050,21275168.610896226,5428500.0,2025-10-28,32.6,1050,25850.0,call,25021.350000000002,25227.35
26595203.610896226,2025-10-14,26572943.610896226,2025-10-28,25206.0,1050,21166703.610896226,5428500.0,2025-10-28,21.2,1050,25850.0,call,25021.350000000002,25145.5
26824943.610896226,2025-10-15,26793496.110896226,2025-10-28,25424.8,1050,21396443.610896226,5428500.0,2025-10-28,29.95,1050,25850.0,call,25021.350000000002,25323.55
27067808.610896226,2025-10-16,26981971.110896226,2025-10-28,25656.1,1050,21639308.610896226,5428500.0,2025-10-28,81.75,1050,25850.0,call,25021.350000000002,25585.3
27174593.610896226,2025-10-17,27043081.110896226,2025-10-28,25757.8,1050,21746093.610896226,5428500.0,2025-10-28,125.25,1050,25850.0,call,25021.350000000002,25709.85
27339758.610896226,2025-10-20,27149551.110896226,2025-10-28,25915.1,1050,21911258.610896226,5428500.0,2025-10-28,181.15,1050,25850.0,call,25021.350000000002,25843.15
27330518.610896226,2025-10-21,27150706.110896226,2025-10-28,25906.3,1050,21902018.610896226,5428500.0,2025-10-28,171.25,1050,25850.0,call,25021.350000000002,25868.6
27404648.61089623,2025-10-23,27205883.61089623,2025-10-28,25976.9,1050,21976148.61089623,5428500.0,2025-10-28,189.3,1050,25850.0,call,25021.350000000002,25891.4
27234443.610896226,2025-10-24,27153698.610896226,2025-10-28,25814.8,1050,21805943.610896226,5428500.0,2025-10-28,76.9,1050,25850.0,call,25021.350000000002,25795.15
27443078.610896226,2025-10-27,27251453.610896226,2025-10-28,26013.5,1050,22014578.610896226,5428500.0,2025-10-28,182.5,1050,25850.0,call,25021.350000000002,25966.05
27259903.639220085,2025-10-28,27259903.639220085,,0,0,27259903.639220085,0.0,,0,0,,,0.0,25936.2
27284772.228360087,2025-10-29,27259782.228360087,,0,0,1402272.2283600867,25882500.0,2025-11-25,23.8,1050,24650.0,put,0.0,26053.9
27284772.228360087,2025-10-30,27257157.228360087,,0,0,1402272.2283600867,25882500.0,2025-11-25,26.3,1050,24650.0,put,0.0,25877.85
27284772.228360087,2025-10-31,27255792.228360087,,0,0,1402272.2283600867,25882500.0,2025-11-25,27.6,1050,24650.0,put,0.0,25722.1
27284772.228360087,2025-11-03,27256317.228360087,,0,0,1402272.2283600867,25882500.0,2025-11-25,27.1,1050,24650.0,put,0.0,25763.35
27284772.228360087,2025-11-04,27247602.228360087,,0,0,1402272.2283600867,25882500.0,2025-11-25,35.4,1050,24650.0,put,0.0,25597.65
27284772.228360087,2025-11-06,27251644.728360087,,0,0,1402272.2283600867,25882500.0,2025-11-25,31.55,1050,24650.0,put,0.0,25509.7
27284772.228360087,2025-11-07,27250279.728360087,,0,0,1402272.2283600867,25882500.0,2025-11-25,32.85,1050,24650.0,put,0.0,25492.3
27284772.228360087,2025-11-10,27262827.228360087,,0,0,1402272.2283600867,25882500.0,2025-11-25,20.9,1050,24650.0,put,0.0,25574.35
27284772.228360087,2025-11-11,27267762.228360087,,0,0,1402272.2283600867,25882500.0,2025-11-25,16.2,1050,24650.0,put,0.0,25694.95
27284772.228360087,2025-11-12,27271857.228360087,,0,0,1402272.2283600867,25882500.0,2025-11-25,12.3,1050,24650.0,put,0.0,25875.8
27284772.228360087,2025-11-13,27271017.228360087,,0,0,1402272.2283600867,25882500.0,2025-11-25,13.1,1050,24650.0,put,0.0,25879.15
27284772.228360087,2025-11-14,27275584.728360087,,0,0,1402272.2283600867,25882500.0,2025-11-25,8.75,1050,24650.0,put,0.0,25910.05
27284772.228360087,2025-11-17,27278262.228360087,,0,0,1402272.2283600867,25882500.0,2025-11-25,6.2,1050,24650.0,put,0.0,26013.45
27284772.228360087,2025-11-18,27279784.728360087,,0,0,1402272.2283600867,25882500.0,2025-11-25,4.75,1050,24650.0,put,0.0,25910.05
27284772.228360087,2025-11-19,27280939.728360087,,0,0,1402272.2283600867,25882500.0,2025-11-25,3.65,1050,24650.0,put,0.0,26052.65
27284772.228360087,2025-11-20,27281727.228360087,,0,0,1402272.2283600867,25882500.0,2025-11-25,2.9,1050,24650.0,put,0.0,26192.15
27284772.228360087,2025-11-21,27282882.228360087,,0,0,1402272.2283600867,25882500.0,2025-11-25,1.8,1050,24650.0,put,0.0,26068.15
27284772.228360087,2025-11-24,27283827.228360087,,0,0,1402272.2283600867,25882500.0,2025-11-25,0.9,1050,24650.0,put,0.0,25959.5
27284772.228360087,2025-11-25,27284772.228360087,,0,0,27284772.228360087,0.0,,0,0,,,0.0,25884.8
27310059.173620086,2025-11-26,27284649.173620086,,0,0,1480059.1736200862,25830000.0,2025-12-30,24.2,1050,24600.0,put,0.0,26205.3
27310059.173620086,2025-11-27,27288324.173620086,,0,0,1480059.1736200862,25830000.0,2025-12-30,20.7,1050,24600.0,put,0.0,26215.55
27310059.173620086,2025-11-28,27290739.173620086,,0,0,1480059.1736200862,25830000.0,2025-12-30,18.4,1050,24600.0,put,0.0,26202.95
27310059.173620086,2025-12-01,27291789.173620086,,0,0,1480059.1736200862,25830000.0,2025-12-30,17.4,1050,24600.0,put,0.0,26175.75
27310059.173620086,2025-12-02,27293574.173620086,,0,0,1480059.1736200862,25830000.0,2025-12-30,15.7,1050,24600.0,put,0.0,26032.2
27310059.173620086,2025-12-03,27293574.173620086,,0,0,1480059.1736200862,25830000.0,2025-12-30,15.7,1050,24600.0,put,0.0,25986.0
27310059.173620086,2025-12-04,27295516.673620086,,0,0,1480059.1736200862,25830000.0,2025-12-30,13.85,1050,24600.0,put,0.0,26033.75
27310059.173620086,2025-12-05,27298299.173620086,,0,0,1480059.1736200862,25830000.0,2025-12-30,11.2,1050,24600.0,put,0.0,26186.45
27310059.173620086,2025-12-08,27293101.673620086,,0,0,1480059.1736200862,25830000.0,2025-12-30,16.15,1050,24600.0,put,0.0,25960.55
27310059.173620086,2025-12-09,27295884.173620086,,0,0,1480059.1736200862,25830000.0,2025-12-30,13.5,1050,24600.0,put,0.0,25839.65
27310059.173620086,2025-12-10,27293889.173620086,,0,0,1480059.1736200862,25830000.0,2025-12-30,15.4,1050,24600.0,put,0.0,25758.0
27310059.173620086,2025-12-11,27299349.173620086,,0,0,1480059.1736200862,25830000.0,2025-12-30,10.2,1050,24600.0,put,0.0,25898.55
27310059.173620086,2025-12-12,27301396.673620086,,0,0,1480059.1736200862,25830000.0,2025-12-30,8.25,1050,24600.0,put,0.0,26046.95
27310059.173620086,2025-12-15,27300714.173620086,,0,0,1480059.1736200862,25830000.0,2025-12-30,8.9,1050,24600.0,put,0.0,26027.3
27310059.173620086,2025-12-16,27301869.173620086,,0,0,1480059.1736200862,25830000.0,2025-12-30,7.8,1050,24600.0,put,0.0,25860.1
27310059.173620086,2025-12-17,27303234.173620086,,0,0,1480059.1736200862,25830000.0,2025-12-30,6.5,1050,24600.0,put,0.0,25818.55
27310059.173620086,2025-12-18,27303076.673620086,,0,0,1480059.1736200862,25830000.0,2025-12-30,6.65,1050,24600.0,put,0.0,25815.55
27310059.173620086,2025-12-19,27304284.173620086,,0,0,1480059.1736200862,25830000.0,2025-12-30,5.5,1050,24600.0,put,0.0,25966.4
27310059.173620086,2025-12-22,27305754.173620086,,0,0,1480059.1736200862,25830000.0,2025-12-30,4.1,1050,24600.0,put,0.0,26172.4
27310059.173620086,2025-12-23,27307486.673620086,,0,0,1480059.1736200862,25830000.0,2025-12-30,2.45,1050,24600.0,put,0.0,26177.15
27310059.173620086,2025-12-24,27308641.673620086,,0,0,1480059.1736200862,25830000.0,2025-12-30,1.35,1050,24600.0,put,0.0,26142.1
27310059.173620086,2025-12-26,27309166.673620086,,0,0,1480059.1736200862,25830000.0,2025-12-30,0.85,1050,24600.0,put,0.0,26042.3
27310059.173620086,2025-12-29,27309324.173620086,,0,0,1480059.1736200862,25830000.0,2025-12-30,0.7,1050,24600.0,put,0.0,25942.1
27310059.173620086,2025-12-30,27310059.173620086,,0,0,27310059.173620086,0.0,,0,0,,,0.0,25938.85
27321592.661435086,2025-12-31,27309990.161435086,,0,0,83342.66143508628,27238250.0,2026-01-27,10.5,1105,24650.0,put,0.0,26129.6
27321592.661435086,2026-01-01,27310487.411435086,,0,0,83342.66143508628,27238250.0,2026-01-27,10.05,1105,24650.0,put,0.0,26146.55
27321592.661435086,2026-01-02,27310542.661435086,,0,0,83342.66143508628,27238250.0,2026-01-27,10.0,1105,24650.0,put,0.0,26328.55
27321592.661435086,2026-01-05,27310874.161435086,,0,0,83342.66143508628,27238250.0,2026-01-27,9.7,1105,24650.0,put,0.0,26250.3
27321592.661435086,2026-01-06,27318553.911435086,,0,0,83342.66143508628,27238250.0,2026-01-27,2.75,1105,24650.0,put,0.0,26178.7
27321592.661435086,2026-01-07,27313360.411435086,,0,0,83342.66143508628,27238250.0,2026-01-27,7.45,1105,24650.0,put,0.0,26140.75
27321592.661435086,2026-01-08,27308332.661435086,,0,0,83342.66143508628,27238250.0,2026-01-27,12.0,1105,24650.0,put,0.0,25876.85
27321592.661435086,2026-01-09,27303470.661435086,,0,0,83342.66143508628,27238250.0,2026-01-27,16.4,1105,24650.0,put,0.0,25683.3
27321592.661435086,2026-01-12,27303415.411435086,,0,0,83342.66143508628,27238250.0,2026-01-27,16.45,1105,24650.0,put,0.0,25790.25
27321592.661435086,2026-01-13,27307724.911435086,,0,0,83342.66143508628,27238250.0,2026-01-27,12.55,1105,24650.0,put,0.0,25732.3
27321592.661435086,2026-01-14,27307614.411435086,,0,0,83342.66143508628,27238250.0,2026-01-27,12.65,1105,24650.0,put,0.0,25665.6
27321592.661435086,2026-01-16,27313581.411435086,,0,0,83342.66143508628,27238250.0,2026-01-27,7.25,1105,24650.0,put,0.0,25694.35
27321592.661435086,2026-01-19,27311868.661435086,,0,0,83342.66143508628,27238250.0,2026-01-27,8.8,1105,24650.0,put,0.0,25585.5
27321592.661435086,2026-01-20,27296398.661435086,,0,0,83342.66143508628,27238250.0,2026-01-27,22.8,1105,24650.0,put,0.0,25232.5
27321592.661435086,2026-01-21,27286398.411435086,,0,0,83342.66143508628,27238250.0,2026-01-27,31.85,1105,24650.0,put,0.0,25157.5
27321592.661435086,2026-01-22,27314023.411435086,,0,0,83342.66143508628,27238250.0,2026-01-27,6.85,1105,24650.0,put,0.0,25289.9
27321592.661435086,2026-01-23,27308443.161435086,,0,0,83342.66143508628,27238250.0,2026-01-27,11.9,1105,24650.0,put,0.0,25048.65
27321592.661435086,2026-01-27,27321592.661435086,,0,0,27321592.661435086,0.0,,0,0,,,0.0,25175.4
27363834.982587088,2026-01-28,27321402.982587088,,0,0,954334.9825870879,26409500.0,2026-02-24,38.4,1105,23900.0,put,0.0,25342.75
27363834.982587088,2026-01-29,27328474.982587088,,0,0,954334.9825870879,26409500.0,2026-02-24,32.0,1105,23900.0,put,0.0,25418.9
27363834.982587088,2026-01-30,27322673.732587088,,0,0,954334.9825870879,26409500.0,2026-02-24,37.25,1105,23900.0,put,0.0,25320.65
27363834.982587088,2026-02-02,27308971.732587088,,0,0,954334.9825870879,26409500.0,2026-02-24,49.65,1105,23900.0,put,0.0,25088.4
27363834.982587088,2026-02-03,27343116.232587088,,0,0,954334.9825870879,26409500.0,2026-02-24,18.75,1105,23900.0,put,0.0,25727.55
27363834.982587088,2026-02-04,27348751.732587088,,0,0,954334.9825870879,26409500.0,2026-02-24,13.65,1105,23900.0,put,0.0,25776.0
27363834.982587088,2026-02-05,27349801.482587088,,0,0,954334.9825870879,26409500.0,2026-02-24,12.7,1105,23900.0,put,0.0,25642.8
27363834.982587088,2026-02-06,27349138.482587088,,0,0,954334.9825870879,26409500.0,2026-02-24,13.3,1105,23900.0,put,0.0,25693.7
27363834.982587088,2026-02-09,27351016.982587088,,0,0,954334.9825870879,26409500.0,2026-02-24,11.6,1105,23900.0,put,0.0,25867.3
27363834.982587088,2026-02-10,27354884.482587088,,0,0,954334.9825870879,26409500.0,2026-02-24,8.1,1105,23900.0,put,0.0,25935.15
27363834.982587088,2026-02-11,27355657.982587088,,0,0,954334.9825870879,26409500.0,2026-02-24,7.4,1105,23900.0,put,0.0,25953.85
27363834.982587088,2026-02-12,27356762.982587088,,0,0,954334.9825870879,26409500.0,2026-02-24,6.4,1105,23900.0,put,0.0,25807.2
27363834.982587088,2026-02-13,27351403.732587088,,0,0,954334.9825870879,26409500.0,2026-02-24,11.25,1105,23900.0,put,0.0,25471.1
27363834.982587088,2026-02-16,27351790.482587088,,0,0,954334.9825870879,26409500.0,2026-02-24,10.9,1105,23900.0,put,0.0,25682.75
27363834.982587088,2026-02-17,27358696.732587088,,0,0,954334.9825870879,26409500.0,2026-02-24,4.65,1105,23900.0,put,0.0,25725.4
27363834.982587088,2026-02-18,27358475.732587088,,0,0,954334.9825870879,26409500.0,2026-02-24,4.85,1105,23900.0,put,0.0,25819.35
27363834.982587088,2026-02-19,27357867.982587088,,0,0,954334.9825870879,26409500.0,2026-02-24,5.4,1105,23900.0,put,0.0,25454.35
27363834.982587088,2026-02-20,27357646.982587088,,0,0,954334.9825870879,26409500.0,2026-02-24,5.6,1105,23900.0,put,0.0,25571.25
27363834.982587088,2026-02-23,27361735.482587088,,0,0,954334.9825870879,26409500.0,2026-02-24,1.9,1105,23900.0,put,0.0,25713.0
27363834.982587088,2026-02-24,27363834.982587088,,0,0,27363834.982587088,0.0,,0,0,,,0.0,25424.65
27424898.84675209,2026-02-25,27363571.34675209,,0,0,739148.8467520885,26685750.0,2026-03-30,55.5,1105,24150.0,put,0.0,25482.5
27424898.84675209,2026-02-26,27371527.34675209,,0,0,739148.8467520885,26685750.0,2026-03-30,48.3,1105,24150.0,put,0.0,25496.55
27424898.84675209,2026-02-27,27345780.84675209,,0,0,739148.8467520885,26685750.0,2026-03-30,71.6,1105,24150.0,put,0.0,25178.65
27424898.84675209,2026-03-02,27231965.84675209,,0,0,739148.8467520885,26685750.0,2026-03-30,174.6,1105,24150.0,put,0.0,24865.7
27424898.84675209,2026-03-04,27036380.84675209,,0,0,739148.8467520885,26685750.0,2026-03-30,351.6,1105,24150.0,put,0.0,24480.5
27424898.84675209,2026-03-05,27194893.09675209,,0,0,739148.8467520885,26685750.0,2026-03-30,208.15,1105,24150.0,put,0.0,24765.9
27424898.84675209,2026-03-06,27061740.59675209,,0,0,739148.8467520885,26685750.0,2026-03-30,328.65,1105,24150.0,put,0.0,24450.45
27424898.84675209,2026-03-09,26804662.34675209,,0,0,739148.8467520885,26685750.0,2026-03-30,561.3,1105,24150.0,put,0.0,24028.05
27424898.84675209,2026-03-10,27068370.59675209,,0,0,739148.8467520885,26685750.0,2026-03-30,322.65,1105,24150.0,put,0.0,24261.6
27424898.84675209,2026-03-11,26799910.84675209,,0,0,739148.8467520885,26685750.0,2026-03-30,565.6,1105,24150.0,put,0.0,23866.85
27424898.84675209,2026-03-12,26687090.34675209,,0,0,739148.8467520885,26685750.0,2026-03-30,667.7,1105,24150.0,put,0.0,23639.15
27424898.84675209,2026-03-13,26258074.09675209,,0,0,739148.8467520885,26685750.0,2026-03-30,1055.95,1105,24150.0,put,0.0,23151.1
27424898.84675209,2026-03-16,26473825.34675209,,0,0,739148.8467520885,26685750.0,2026-03-30,860.7,1105,24150.0,put,0.0,23408.8
27424898.84675209,2026-03-17,26703223.34675209,,0,0,739148.8467520885,26685750.0,2026-03-30,653.1,1105,24150.0,put,0.0,23581.15
27424898.84675209,2026-03-18,26866708.09675209,,0,0,739148.8467520885,26685750.0,2026-03-30,505.15,1105,24150.0,put,0.0,23777.8
27424898.84675209,2026-03-19,26114534.59675209,,0,0,739148.8467520885,26685750.0,2026-03-30,1185.85,1105,24150.0,put,0.0,23002.15
27424898.84675209,2026-03-20,26271113.09675209,,0,0,739148.8467520885,26685750.0,2026-03-30,1044.15,1105,24150.0,put,0.0,23114.5
27424898.84675209,2026-03-23,25643749.34675209,,0,0,739148.8467520885,26685750.0,2026-03-30,1611.9,1105,24150.0,put,0.0,22512.65
27424898.84675209,2026-03-24,26057406.09675209,,0,0,739148.8467520885,26685750.0,2026-03-30,1237.55,1105,24150.0,put,0.0,22912.4
27424898.84675209,2026-03-25,26450012.59675209,,0,0,739148.8467520885,26685750.0,2026-03-30,882.25,1105,24150.0,put,0.0,23306.45
27424898.84675209,2026-03-27,25947624.34675209,,0,0,739148.8467520885,26685750.0,2026-03-30,1336.9,1105,24150.0,put,0.0,22819.6
25415345.84675209,2026-03-30,25415345.84675209,,0,0,25415345.84675209,0.0,,0,0,,,0.0,22331.4
25409240.03575984,2026-04-01,25409240.03575984,2026-04-28,22800.1,1105,21630123.46075984,3779116.5749999997,,0,0,,,24563.199999999997,22679.4
25431110.49724134,2026-04-02,25371937.74724134,2026-04-28,22766.6,1105,19994510.49724134,5436600.0,2026-04-28,53.55,1105,24600.0,call,24563.199999999997,22713.1
25752002.49724134,2026-04-06,25679238.24724134,2026-04-28,23057.0,1105,20315402.49724134,5436600.0,2026-04-28,65.85,1105,24600.0,call,24563.199999999997,22968.25
25855982.99724134,2026-04-07,25785815.49724134,2026-04-28,23151.1,1105,20419382.99724134,5436600.0,2026-04-28,63.5,1105,24600.0,call,24563.199999999997,23123.65
26857886.49724134,2026-04-08,26678600.24724134,2026-04-28,24057.8,1105,21421286.49724134,5436600.0,2026-04-28,162.25,1105,24600.0,call,24563.199999999997,23997.35
26640753.99724134,2026-04-09,26506109.74724134,2026-04-28,23861.3,1105,21204153.99724134,5436600.0,2026-04-28,121.85,1105,24600.0,call,24563.199999999997,23775.1
26905622.49724134,2026-04-10,26737828.24724134,2026-04-28,24101.0,1105,21469022.49724134,5436600.0,2026-04-28,151.85,1105,24600.0,call,24563.199999999997,24050.6
26637880.99724134,2026-04-13,26531635.24724134,2026-04-28,23858.7,1105,21201280.99724134,5436600.0,2026-04-28,96.15,1105,24600.0,call,24563.199999999997,23842.65
27056675.99724134,2026-04-15,26885566.74724134,2026-04-28,24237.7,1105,21620075.99724134,5436600.0,2026-04-28,154.85,1105,24600.0,call,24563.199999999997,24231.3
27010376.49724134,2026-04-16,26863963.99724134,2026-04-28,24195.8,1105,21573776.49724134,5436600.0,2026-04-28,132.5,1105,24600.0,call,24563.199999999997,24196.75
27200657.49724134,2026-04-17,27014133.49724134,2026-04-28,24368.0,1105,21764057.49724134,5436600.0,2026-04-28,168.8,1105,24600.0,call,24563.199999999997,24353.55
27160656.49724134,2026-04-20,26973524.74724134,2026-04-28,24331.8,1105,21724056.49724134,5436600.0,2026-04-28,169.35,1105,24600.0,call,24563.199999999997,24364.85
27439889.99724134,2026-04-21,27180988.49724134,2026-04-28,24584.5,1105,22003289.99724134,5436600.0,2026-04-28,234.3,1105,24600.0,call,24563.199999999997,24576.6
27215243.49724134,2026-04-22,27076289.74724134,2026-04-28,24381.2,1105,21778643.49724134,5436600.0,2026-04-28,125.75,1105,24600.0,call,24563.199999999997,24378.1
26974132.49724134,2026-04-23,26926451.74724134,2026-04-28,24163.0,1105,21537532.49724134,5436600.0,2026-04-28,43.15,1105,24600.0,call,24563.199999999997,24173.05
26708711.49724134,2026-04-24,26687661.24724134,2026-04-28,23922.8,1105,21272111.49724134,5436600.0,2026-04-28,19.05,1105,24600.0,call,24563.199999999997,23897.95
26926727.99724134,2026-04-27,26919434.99724134,2026-04-28,24120.1,1105,21490127.99724134,5436600.0,2026-04-28,6.6,1105,24600.0,call,24563.199999999997,24092.7
26771624.194419537,2026-04-28,26771624.194419537,2026-05-26,24069.0,1105,22782187.444419537,3989436.75,,0,0,,,24563.199999999997,23995.7
27074806.842673536,2026-04-29,26973367.842673536,2026-05-26,24252.0,1105,21505606.842673536,5569200.0,2026-05-26,91.8,1105,25200.0,call,24563.199999999997,24177.65
26904857.842673536,2026-04-30,26820712.092673536,2026-05-26,24098.2,1105,21335657.842673536,5569200.0,2026-05-26,76.15,1105,25200.0,call,24563.199999999997,23997.55
27023976.842673536,2026-05-04,26941433.342673536,2026-05-26,24206.0,1105,21454776.842673536,5569200.0,2026-05-26,74.7,1105,25200.0,call,24563.199999999997,24119.3
26913808.342673536,2026-05-05,26859884.342673536,2026-05-26,24106.3,1105,21344608.342673536,5569200.0,2026-05-26,48.8,1105,25200.0,call,24563.199999999997,24032.8
27290723.84267354,2026-05-06,27201937.09267354,2026-05-26,24447.4,1105,21721523.84267354,5569200.0,2026-05-26,80.35,1105,25200.0,call,24563.199999999997,24330.95
27219340.842673536,2026-05-07,27146245.092673536,2026-05-26,24382.8,1105,21650140.842673536,5569200.0,2026-05-26,66.15,1105,25200.0,call,24563.199999999997,24326.65
27055579.842673536,2026-05-08,27004639.342673536,2026-05-26,24234.6,1105,21486379.842673536,5569200.0,2026-05-26,46.1,1105,25200.0,call,24563.199999999997,24176.15
26651039.342673536,2026-05-11,26625458.592673536,2026-05-26,23868.5,1105,21081839.342673536,5569200.0,2026-05-26,23.15,1105,25200.0,call,24563.199999999997,23815.85
26160640.342673536,2026-05-12,26147380.342673536,2026-05-26,23424.7,1105,20591440.342673536,5569200.0,2026-05-26,12.0,1105,25200.0,call,24563.199999999997,23379.55
26202298.842673536,2026-05-13,26192132.842673536,2026-05-26,23462.4,1105,20633098.842673536,5569200.0,2026-05-26,9.2,1105,25200.0,call,24563.199999999997,23412.6
26464957.342673533,2026-05-14,26456835.592673533,2026-05-26,23700.1,1105,20895757.342673533,5569200.0,2026-05-26,7.35,1105,25200.0,call,24563.199999999997,23689.6
26402856.342673536,2026-05-15,26396778.842673536,2026-05-26,23643.9,1105,20833656.342673536,5569200.0,2026-05-26,5.5,1105,25200.0,call,24563.199999999997,23643.5
26418436.842673536,2026-05-18,26414735.092673536,2026-05-26,23658.0,1105,20849236.842673536,5569200.0,2026-05-26,3.35,1105,25200.0,call,24563.199999999997,23649.95
26367606.842673536,2026-05-19,26365894.092673536,2026-05-26,23612.0,1105,20798406.842673536,5569200.0,2026-05-26,1.55,1105,25200.0,call,24563.199999999997,23618.0
26430039.342673536,2026-05-20,26428437.092673536,2026-05-26,23668.5,1105,20860839.342673536,5569200.0,2026-05-26,1.45,1105,25200.0,call,24563.199999999997,23659.0
26389043.842673536,2026-05-21,26387331.092673536,2026-05-26,23631.4,1105,20819843.842673536,5569200.0,2026-05-26,1.55,1105,25200.0,call,24563.199999999997,23654.7
26513466.842673536,2026-05-22,26512140.842673536,2026-05-26,23744.0,1105,20944266.842673536,5569200.0,2026-05-26,1.2,1105,25200.0,call,24563.199999999997,23719.3
26865961.842673536,2026-05-25,26864912.092673536,2026-05-26,24063.0,1105,21296761.842673536,5569200.0,2026-05-26,0.95,1105,25200.0,call,24563.199999999997,24031.7
26683405.759472813,2026-05-26,26683405.759472813,2026-06-30,23978.9,1105,22708903.084472813,3974502.675,,0,0,,,24563.199999999997,23913.7
26756132.071545314,2026-05-27,26702815.821545314,2026-06-30,23996.7,1105,21197982.071545314,5558150.0,2026-06-30,48.25,1105,25150.0,call,24563.199999999997,23907.15
26482202.571545314,2026-05-29,26444687.821545314,2026-06-30,23748.8,1105,20924052.571545314,5558150.0,2026-06-30,33.95,1105,25150.0,call,24563.199999999997,23547.75
26165288.571545314,2026-06-01,26141365.321545314,2026-06-30,23462.0,1105,20607138.571545314,5558150.0,2026-06-30,21.65,1105,25150.0,call,24563.199999999997,23382.6
26321204.071545314,2026-06-02,26298606.821545314,2026-06-30,23603.1,1105,20763054.071545314,5558150.0,2026-06-30,20.45,1105,25150.0,call,24563.199999999997,23483.55
26224627.071545318,2026-06-03,26196615.321545318,2026-06-30,23515.7,1105,20666477.071545318,5558150.0,2026-06-30,25.35,1105,25150.0,call,24563.199999999997,23405.6
26220096.571545314,2026-06-04,26196560.071545314,2026-06-30,23511.6,1105,20661946.571545314,5558150.0,2026-06-30,21.3,1105,25150.0,call,24563.199999999997,23416.55
26153907.071545318,2026-06-05,26137000.571545318,2026-06-30,23451.7,1105,20595757.071545318,5558150.0,2026-06-30,15.3,1105,25150.0,call,24563.199999999997,23366.7
25847711.571545314,2026-06-08,25835722.321545314,2026-06-30,23174.6,1105,20289561.571545314,5558150.0,2026-06-30,10.85,1105,25150.0,call,24563.199999999997,23123.0
26020644.071545314,2026-06-09,26010478.071545314,2026-06-30,23331.1,1105,20462494.071545314,5558150.0,2026-06-30,9.2,1105,25150.0,call,24563.199999999997,23242.1
25920089.071545314,2026-06-10,25911967.321545314,2026-06-30,23240.1,1105,20361939.071545314,5558150.0,2026-06-30,7.35,1105,25150.0,call,24563.199999999997,23214.95
25875778.571545314,2026-06-11,25869259.071545314,2026-06-30,23200.0,1105,20317628.571545314,5558150.0,2026-06-30,5.9,1105,25150.0,call,24563.199999999997,23161.6
26413471.571545314,2026-06-12,26400598.321545314,2026-06-30,23686.6,1105,20855321.571545314,5558150.0,2026-06-30,11.65,1105,25150.0,call,24563.199999999997,23622.9
26667621.571545314,2026-06-15,26650494.071545314,2026-06-30,23916.6,1105,21109471.571545314,5558150.0,2026-06-30,15.5,1105,25150.0,call,24563.199999999997,23853.9
26760883.571545314,2026-06-16,26749115.321545314,2026-06-30,24001.0,1105,21202733.571545314,5558150.0,2026-06-30,10.65,1105,25150.0,call,24563.199999999997,23989.15
26863648.571545314,2026-06-17,26851051.571545314,2026-06-30,24094.0,1105,21305498.571545314,5558150.0,2026-06-30,11.4,1105,25150.0,call,24563.199999999997,24085.7
26972491.071545314,2026-06-18,26961938.321545314,2026-06-30,24192.5,1105,21414341.071545314,5558150.0,2026-06-30,9.55,1105,25150.0,call,24563.199999999997,24168.0
26822653.071545314,2026-06-19,26815525.821545314,2026-06-30,24056.9,1105,21264503.071545314,5558150.0,2026-06-30,6.45,1105,25150.0,call,24563.199999999997,24013.1
26896577.57154531,2026-06-22,26891660.32154531,2026-06-30,24123.8,1105,21338427.57154531,5558150.0,2026-06-30,4.45,1105,25150.0,call,24563.199999999997,24102.9
26596791.07154531,2026-06-23,26593310.32154531,2026-06-30,23852.5,1105,21038641.07154531,5558150.0,2026-06-30,3.15,1105,25150.0,call,24563.199999999997,23824.1
26817017.57154531,2026-06-24,26814918.07154531,2026-06-30,24051.8,1105,21258867.57154531,5558150.0,2026-06-30,1.9,1105,25150.0,call,24563.199999999997,24021.65
26872820.07154531,2026-06-25,26871328.32154531,2026-06-30,24102.3,1105,21314670.07154531,5558150.0,2026-06-30,1.35,1105,25150.0,call,24563.199999999997,24056.0
26729833.071545314,2026-06-29,26728728.071545314,2026-06-30,23972.9,1105,21171683.071545314,5558150.0,2026-06-30,1.0,1105,25150.0,call,24563.199999999997,23946.25
26600295.337451912,2026-06-30,26600295.337451912,,0,0,26600295.337451912,0.0,,0,0,,,0.0,23865.75
