ADANIENT,AXISBANK,BAJFINANCE,BHARTIARTL,ICICIBANK,INDUSINDBK,INFY,KOTAKBANK,RELIANCE,SBIN,TCS,date,nifty_bh,nifty_tr,universe_bh,wheel
1818181.8181818181,1818181.8181818181,1818181.8181818181,1818181.8181818181,1818181.8181818181,1818181.8181818181,1818181.8181818181,1818181.8181818181,1818181.8181818181,1818181.8181818181,1818181.8181818181,2020-01-29,20000000.0,20000000.0,20000000.0,19999999.999999996
1817969.7653818182,1818080.3789818182,1818105.0451318182,1816736.763833218,1818105.6425818182,1818002.5397818182,1818102.501701818,1818115.2017818182,1818073.038881818,1817985.128381818,1818115.841906818,2020-01-30,19845500.638938125,19845466.730414335,19813719.37415474,19997391.848346397
1811569.7653818182,1816760.3789818182,1816117.5451318182,1823585.4638332182,1814943.1425818182,1827722.5397818182,1815582.501701818,1822555.2017818182,1803473.038881818,1832385.128381818,1805365.841906818,2020-01-31,19723978.729543675,19723931.100833695,19850858.398720577,19990060.548346397
1791169.7653818182,1805840.3789818182,1820442.5451318182,1835246.763833218,1814393.1425818182,1834862.5397818182,1811742.501701818,1825515.2017818182,1799123.038881818,1799685.128381818,1813840.841906818,2020-02-03,19304835.318850737,19304794.114226576,19586501.238351494,19951861.848346397
1808769.7653818182,1816280.3789818182,1828155.0451318182,1844131.563833218,1825393.1425818182,1841882.5397818182,1823382.501701818,1827195.2017818182,1819023.038881818,1825185.128381818,1815490.841906818,2020-02-04,19752916.44338184,19752911.228242878,19975169.53947383,20074889.148346398
1844769.7653818182,1822880.3789818182,1829055.0451318182,1847833.563833218,1827868.1425818182,1843442.5397818182,1823982.501701818,1827355.2017818182,1827523.038881818,1838085.128381818,1821040.841906818,2020-02-05,19933467.991260976,19933476.09991155,20238337.833279155,20153836.148346398
1847969.7653818182,1830680.3789818182,1830317.5451318182,1853756.763833218,1828830.6425818182,1855922.5397818182,1816782.501701818,1825755.2017818182,1831323.038881818,1853085.128381818,1818753.341906818,2020-02-06,20013932.973329484,20013885.087392647,20487479.349503215,20193176.848346397
1853569.7653818182,1833800.3789818182,1830717.5451318182,1850795.1638332182,1828280.6425818182,1852202.5397818182,1822302.501701818,1826235.2017818182,1827123.038881818,1851885.128381818,1821490.841906818,2020-02-07,19948637.61902799,19948653.36971806,20397116.434840426,20198402.748346396
1859969.7653818182,1833920.3789818182,1831367.5451318182,1851535.563833218,1829243.1425818182,1849262.5397818182,1821342.501701818,1827795.2017818182,1828223.038881818,1852485.128381818,1824003.341906818,2020-02-10,19838410.48682963,19838359.727138065,20421314.75093765,20209148.148346398
1863569.7653818182,1836200.3789818182,1831755.0451318182,1851535.563833218,1830618.1425818182,1854002.5397818182,1823382.501701818,1828755.2017818182,1833923.038881818,1858485.128381818,1825015.841906818,2020-02-11,19964384.352199186,19964335.765377264,20547407.377634957,20237243.148346398
1866369.7653818182,1837040.3789818182,1831930.0451318182,1854682.263833218,1831580.6425818182,1849862.5397818182,1827822.501701818,1828995.2017818182,1837723.038881818,1856085.128381818,1826965.841906818,2020-02-12,20118224.16422771,20118187.70241744,20704640.60965894,20249057.348346397
1868369.7653818182,1836320.3789818182,1832217.5451318182,1852646.1638332182,1831030.6425818182,1834982.5397818182,1830102.501701818,1829275.2017818182,1838073.038881818,1861785.128381818,1827453.341906818,2020-02-13,20074446.597139206,20074453.20126446,20678353.376934946,20242256.248346396
1870369.7653818182,1834400.3789818182,1832442.5451318182,1852090.863833218,1831580.6425818182,1803422.5397818182,1829742.501701818,1829435.2017818182,1839773.038881818,1856685.128381818,1828953.341906818,2020-02-14,19973535.595036894,19973486.766290016,20652532.43460859,20208895.9483464
1869969.7653818182,1836080.3789818182,1832592.5451318182,1853386.563833218,1831718.1425818182,1805642.5397818182,1830822.501701818,1830315.2017818182,1839573.038881818,1854285.128381818,1828690.841906818,2020-02-17,19861989.364771836,19866623.280663192,20599967.394883957,20213076.648346398
1870369.7653818182,1835360.3789818182,1832842.5451318182,1852831.263833218,1831855.6425818182,1784282.5397818182,1831182.501701818,1829515.2017818182,1839773.038881818,1858485.128381818,1827978.341906818,2020-02-18,19774104.456078157,19778707.888068814,20482362.964731988,20194476.348346397
1872769.7653818182,1837880.3789818182,1833042.5451318182,1853201.4638332182,1832680.6425818182,1783322.5397818182,1832022.501701818,1830635.2017818182,1841473.038881818,1862685.128381818,1830378.341906818,2020-02-19,19994064.058699865,19998766.5531504,20644285.998529132,20210091.548346397
1872769.7653818182,1839200.3789818182,1833142.5451318182,1854682.263833218,1832955.6425818182,1822382.5397818182,1832382.501701818,1830155.2017818182,1841823.038881818,1866285.128381818,1828390.841906818,2020-02-20,19919782.348818995,19924466.064353034,20725235.188787267,20254169.848346397
1869569.7653818182,1837040.3789818182,1833342.5451318182,1854682.263833218,1831855.6425818182,1814642.5397818182,1832982.501701818,1829955.2017818182,1838973.038881818,1865085.128381818,1827453.341906818,2020-02-24,19505173.337730326,19509745.99217877,20299674.09910301,20235582.348346397
1871569.7653818182,1839320.3789818182,1833380.0451318182,1854682.263833218,1832543.1425818182,1804982.5397818182,1833462.501701818,1830235.2017818182,1836923.038881818,1867185.128381818,1829290.841906818,2020-02-25,19453233.851354137,19457812.006254163,20335194.424019273,20233574.848346397
1871969.7653818182,1839800.3789818182,1833567.5451318182,1854682.263833218,1832268.1425818182,1786862.5397818182,1833222.501701818,1830515.2017818182,1830073.038881818,1868085.128381818,1829965.841906818,2020-02-26,19256358.464899626,19260836.417929385,20156254.84646429,20211012.348346397
1873169.7653818182,1840880.3789818182,1833680.0451318182,1854867.363833218,1833505.6425818182,1760742.2757818182,1834422.501701818,1830715.2017818182,1827794.3488818181,1868685.128381818,1830528.341906818,2020-02-27,19181829.424131252,19186336.22821351,19959445.97863981,20188990.9943464
1872788.3781818182,1840611.7903418182,1833469.742006818,1854743.2867406183,1833337.4596818183,1746816.8703018182,1834142.8517018182,1830586.177461818,1770134.048381818,1868243.6547818182,1830291.708306818,2020-02-28,18470258.460777443,18474590.407542586,19068555.690685537,20115165.9678888
1877188.3781818182,1830771.7903418182,1824357.242006818,1854743.2867406183,1839937.4596818183,1724676.8703018182,1852142.8517018182,1823626.177461818,1759934.048381818,1807943.6547818182,1839554.208306818,2020-03-02,18356486.252524838,18363251.271918647,18861992.9023085,20034875.9678888
1909188.3781818182,1842171.7903418182,1838394.742006818,1858075.086740618,1852312.4596818183,1754016.8703018182,1862582.8517018182,1835866.177461818,1785284.048381818,1824743.6547818182,1852979.208306818,2020-03-03,18637701.47161878,18653217.005590454,19168629.730782818,20215615.2678888
1896788.3781818182,1837371.7903418182,1815032.242006818,1854187.9867406182,1849837.4596818183,1710516.8703018182,1873862.8517018182,1831106.177461818,1782034.048381818,1810943.6547818182,1862391.708306818,2020-03-04,18551465.43550847,18566934.46168268,18969406.040592704,20124073.1678888
1903188.3781818182,1833411.7903418182,1824219.742006818,1863535.5367406183,1846124.9596818183,1723476.8703018182,1876742.8517018182,1842266.177461818,1756534.048381818,1822343.6547818182,1874429.208306818,2020-03-05,18581145.14200915,18599450.47006072,19076686.199797384,20166273.2178888
1871988.3781818182,1791651.7903418182,1804194.742006818,1859278.2367406182,1822062.4596818183,1657296.8703018182,1852622.8517018182,1834666.177461818,1718584.048381818,1735943.6547818182,1868879.208306818,2020-03-06,18120202.811327755,18138106.10697156,18531746.23024522,19817168.4178888
1793588.3781818182,1716411.7903418182,1761157.242006818,1836973.6867406182,1767749.9596818183,1528476.8703018182,1804142.8517018182,1812706.177461818,1562934.048381818,1641443.6547818182,1819191.708306818,2020-03-09,17233109.361474093,17250118.352162,17352310.267407857,19044776.3678888
1739988.3781818182,1712331.7903418182,1760657.242006818,1834937.586740618,1785349.9596818183,1471596.8703018182,1765622.8517018182,1816426.177461818,1603284.048381818,1605143.6547818182,1818479.208306818,2020-03-11,17244569.02592852,17261571.787194002,17213755.607630685,18913817.7678888
1513988.3781818182,1528851.7903418182,1689882.242006818,1786071.1867406182,1677412.4596818183,1388916.8703018182,1639742.8517018182,1739946.177461818,1512584.048381818,1400843.6547818182,1700879.208306818,2020-03-12,15812935.405416546,15828506.248876682,15579003.55050644,17579118.867888797
1409988.3781818182,1595091.7903418182,1749094.742006818,1821702.9367406182,1732137.4596818183,1410276.8703018182,1661102.8517018182,1741066.177461818,1554384.048381818,1567043.6547818182,1709504.208306818,2020-03-13,16414856.341976173,16431050.908462973,16111713.724632533,17951393.117888797
1297588.3781818182,1438731.7903418182,1682332.242006818,1797639.9367406182,1609762.4596818183,1243716.8703018182,1534982.8517018182,1671346.177461818,1464884.048381818,1450943.6547818182,1633941.708306818,2020-03-16,15165340.69829754,15186878.944827335,14740568.280737756,16825870.117888797
1287188.3781818182,1399851.7903418182,1616619.742006818,1760990.1367406182,1524237.4596818183,1173276.8703018182,1467302.8517018182,1629106.177461818,1457884.048381818,1411643.6547818182,1625391.708306818,2020-03-17,14785522.898718001,14806542.671974797,14117994.39632389,16353492.817888798
1261188.3781818182,1319571.7903418182,1530219.742006818,1728782.7367406182,1506087.4596818183,1002036.8703018182,1429022.8517018182,1520506.177461818,1418684.048381818,1394843.6547818182,1619691.708306818,2020-03-18,13963972.13405334,13983786.634839823,13275032.045447381,15730635.4178888
1250788.3781818182,1261851.7903418182,1450869.742006818,1763488.9867406182,1452187.4596818183,982656.8703018182,1444262.8517018182,1529706.177461818,1368234.048381818,1336943.6547818182,1607316.708306818,2020-03-19,13625376.149058081,13651225.869961811,12948543.713672908,15448306.6678888
1320388.3781818182,1261371.7903418182,1502219.742006818,1795048.5367406183,1474462.4596818183,979296.8703018182,1539182.8517018182,1592426.177461818,1468984.048381818,1391243.6547818182,1732454.208306818,2020-03-20,14420132.73424296,14447468.6733868,13630680.899274293,16057078.717888799
1187988.3781818182,973851.7903418182,1325657.242006818,1694539.2367406182,1309737.4596818183,855096.8703018182,1390262.8517018182,1460666.177461818,1335484.048381818,1213643.6547818182,1634279.208306818,2020-03-23,12548332.577600066,12581639.49755249,11609329.791088544,14381206.9178888
1257588.3781818182,957171.7903418182,1382232.242006818,1688338.3867406182,1343974.9596818183,826236.8703018182,1526942.8517018182,1504026.177461818,1395084.048381818,1230443.6547818182,1678041.708306818,2020-03-24,12862937.466507277,12902030.253514443,12068154.566954335,14790081.067888798
1276388.3781818182,1012371.7903418182,1415157.242006818,1734613.3867406182,1399799.9596818183,813276.8703018182,1588262.8517018182,1613786.177461818,1534034.048381818,1270343.6547818182,1717191.708306818,2020-03-25,13715074.81759347,13756703.196271935,12773862.40410869,15375226.067888798
1337735.5221818183,1049962.0823418181,1460389.3732568182,1810425.129947118,1434950.8355568182,974856.8703018182,1674473.3661018182,1678472.209461818,1518434.048381818,1285186.8637818182,1734321.583306818,2020-03-26,14248649.985572364,14292888.415349718,13560141.01965805,15959207.884620298
1239684.6101818183,1093953.4918618181,1389048.703256818,1770012.734010118,1461269.4962818183,945042.9539818182,1697514.274421818,1699241.7452218179,1490459.2383818182,1304304.8843818181,1747568.445806818,2020-03-27,14279648.790139742,14323983.023072507,13420123.4742412,15838100.577788297
1251684.6101818183,1109913.4918618181,1321523.703256818,1746412.484010118,1394444.496281818,950202.9539818182,1654314.274421818,1630561.7452218179,1485259.2383818182,1255704.8843818181,1732155.945806818,2020-03-30,13654478.75015458,13696851.656284178,12857790.806834882,15532177.827788297
1321684.6101818183,1142793.4918618181,1316598.703256818,1767513.884010118,1426481.996281818,878262.9539818182,1687674.274421818,1638521.7452218179,1566559.2383818182,1317504.8843818181,1757543.445806818,2020-03-31,14176594.253679046,14220655.41841454,13162350.633411258,15821139.227788297
1293684.6101818183,1092153.4918618181,1318461.203256818,1740859.4840101183,1392519.496281818,867942.9539818182,1619274.274421818,1556161.745221818,1537709.2383818182,1257804.8843818181,1696568.445806818,2020-04-01,13609464.52862855,13651730.995814504,12540818.595471865,15373139.827788299
1255284.6101818183,1017273.4918618181,1316698.703256818,1750392.134010118,1328994.496281818,834462.9539818182,1586634.274421818,1526601.7452218179,1537109.2383818182,1194504.8843818181,1669230.945806818,2020-04-03,13329156.18945546,13370587.343895555,12100768.396948356,15017187.477788297
1328084.6101818183,1159473.4918618181,1329448.703256818,1824061.934010118,1430056.9962818183,919122.9539818182,1705074.274421818,1572201.7452218179,1657209.2383818182,1259904.8843818181,1747718.445806818,2020-04-07,14497217.52751556,14542244.379887534,13266372.72104368,15932357.277788298
1328084.6101818183,1167633.4918618181,1348923.703256818,1811012.384010118,1418506.996281818,938022.9539818182,1689234.274421818,1563881.745221818,1644909.2383818182,1239804.8843818181,1704180.945806818,2020-04-08,14425574.013768086,14470387.290563662,13146509.04452945,15854195.227788297
1362884.6101818183,1244073.4918618181,1402111.203256818,1843775.0840101182,1482581.996281818,933522.9539818182,1699554.274421818,1631041.745221818,1670809.2383818182,1270404.8843818181,1746405.945806818,2020-04-09,15024362.092419308,15071040.664980564,13736625.029420752,16287165.427788299
1391284.6101818183,1240953.4918618181,1338236.203256818,1862007.434010118,1448069.496281818,951822.9539818182,1702314.274421818,1613761.745221818,1644509.2383818182,1243704.8843818181,1741080.945806818,2020-04-13,14829712.683952348,14875733.16668096,13630000.420105325,16177745.277788298
1385284.6101818183,1235193.4918618181,1312411.203256818,1865801.984010118,1441606.9962818183,969282.9539818182,1707954.274421818,1553681.7452218179,1610359.2383818182,1237104.8843818181,1728555.945806818,2020-04-15,14716682.468362257,14762420.516097657,13422068.671933938,16047237.327788297
1369684.6101818183,1248753.4918618181,1321836.203256818,1858953.284010118,1480656.996281818,982422.9539818182,1678074.274421818,1520321.7452218179,1628109.2383818182,1274304.8843818181,1721355.945806818,2020-04-16,14827981.367739808,14873994.593978666,13423911.272473302,16084473.627788298
1368484.6101818183,1384593.4918618181,1343886.203256818,1864876.484010118,1573194.496281818,1029042.9539818182,1691874.274421818,1564201.7452218179,1679709.2383818182,1302804.8843818181,1784280.945806818,2020-04-17,15279690.011954326,15327127.725183344,14028448.914215745,16586949.327788297
1396884.6101818183,1328793.4918618181,1343973.703256818,1857842.6840101182,1535106.996281818,1008042.9539818182,1746834.274421818,1558561.7452218179,1699709.2383818182,1298604.8843818181,1798418.445806818,2020-04-20,15271610.536295807,15318998.723088834,13951615.940893088,16572773.027788298
1310884.6101818183,1246593.4918618181,1291848.703256818,1868023.184010118,1455081.9962818183,941562.9539818182,1707714.274421818,1520281.745221818,1692109.2383818182,1253004.8843818181,1744980.945806818,2020-04-21,14809266.663918545,14855293.19031615,13330001.194931882,16032086.027788298
1324084.6101818183,1271913.4918618181,1303973.703256818,1872650.684010118,1467044.496281818,959442.9539818182,1730514.274421818,1538721.745221818,1785259.2383818182,1277604.8843818181,1769543.445806818,2020-04-22,15148687.085205492,15195748.015031606,13677062.027730849,16300753.527788298
1347284.6101818183,1269753.4918618181,1310023.703256818,1872835.784010118,1513519.496281818,952482.9539818182,1815594.274421818,1616001.745221818,1802209.2383818182,1265604.8843818181,1842818.445806818,2020-04-23,15357434.354260275,15405128.55452951,14020602.602380816,16608128.627788298
1300484.6101818183,1206633.4918618181,1260973.703256818,1876630.3340101182,1464294.4962818183,919902.9539818182,1769994.274421818,1607961.7452218179,1824259.2383818182,1223304.8843818181,1806630.945806818,2020-04-24,15094439.177212581,15141311.894069236,13627571.1635339,16261070.677788299
1300084.6101818183,1263033.4918618181,1277923.703256818,1880332.3340101182,1500181.996281818,949422.9539818182,1787634.274421818,1659081.7452218179,1833809.2383818182,1230804.8843818181,1821105.945806818,2020-04-27,15305329.980625747,15352877.396557862,13916225.077511808,16503415.177788299
1337684.6101818183,1330473.4918618181,1323861.203256818,1871077.334010118,1533044.4962818183,1022202.9539818182,1778874.274421818,1678081.7452218179,1835609.2383818182,1251204.8843818181,1839330.945806818,2020-04-28,15467908.817346139,15515927.322962202,14249177.725756593,16801445.1777883
1339284.6101818183,1291593.4918618181,1341023.703256818,1890420.284010118,1562194.496281818,1025862.9539818182,1817394.274421818,1679201.7452218179,1839659.2383818182,1286004.8843818181,1873905.945806818,2020-04-29,15752256.89434849,15802815.313066432,14426820.875288328,16946545.627788298
1354884.6101818183,1305633.4918618181,1346448.703256818,1901466.265585118,1589006.996281818,1022382.9539818182,1911354.274421818,1702881.7452218179,1845701.3353818182,1288704.8843818181,1908099.796431818,2020-04-30,16257718.784780907,16309902.933606494,14826334.830822783,17176565.0569883
1276084.6101818183,1204564.1563418182,1286811.066956818,1901241.079468518,1473197.130081818,968234.8475018181,1810969.296741818,1639327.356981818,1845448.1438818183,1218773.0907818181,1907862.394681818,2020-05-04,15323797.353559503,15373011.947988482,14044089.73363194,16532513.1736017
1285284.6101818183,1172164.1563418182,1267848.566956818,1906608.979468518,1453947.1300818182,963614.8475018181,1812169.296741818,1608567.3569818179,1859648.1438818183,1168373.0907818181,1912812.394681818,2020-05-05,15178861.453481182,15228945.35595514,13880446.706347981,16411038.573601699
1289684.6101818183,1171924.1563418182,1293798.566956818,1923082.8794685178,1483509.630081818,972314.8475018181,1795849.296741818,1614367.356981818,1864648.1438818183,1174373.0907818181,1905612.394681818,2020-05-06,15286532.833175316,15337018.794205856,14009963.68001268,16489164.973601699
1302884.6101818183,1192084.1563418182,1282436.066956818,1915123.579468518,1467559.630081818,1006874.8475018181,1794409.296741818,1578687.356981818,1881098.1438818183,1172273.0907818181,1902124.894681818,2020-05-07,15168061.338060101,15218161.506355776,13975487.157221764,16495555.6736017
1320884.6101818183,1155604.1563418182,1273373.566956818,1922527.579468518,1473747.130081818,990254.8475018181,1817209.296741818,1592807.356981818,1895798.1438818183,1147673.0907818181,1908312.394681818,2020-05-08,15254544.705057917,15304866.946326269,14016922.537062488,16498192.1736017
1344084.6101818183,1149844.1563418182,1271098.566956818,1934003.779468518,1426034.630081818,980354.8475018181,1837729.296741818,1569967.356981818,1899898.1438818183,1139573.0907818181,1925187.394681818,2020-05-11,15234263.572282452,15284579.682428552,14016646.28371458,16477775.8736017
1342884.6101818183,1167004.1563418182,1284761.066956818,1946035.279468518,1428509.630081818,997274.8475018181,1848409.296741818,1545087.356981818,1883698.1438818183,1149173.0907818181,1931712.394681818,2020-05-12,15163939.156601673,15214026.522631403,14042603.533621145,16524549.8736017
1352884.6101818183,1232764.1563418182,1307598.566956818,1946960.779468518,1474847.130081818,1000154.8475018181,1863169.296741818,1568207.356981818,1883698.1438818183,1192373.0907818181,1932762.394681818,2020-05-13,15472278.329692073,15523316.25694695,14331648.032429924,16755420.3736017
1350884.6101818183,1203364.1563418182,1295336.066956818,1941037.579468518,1446109.630081818,975434.8475018181,1780729.296741818,1558407.3569818179,1883698.1438818183,1154573.0907818181,1914874.894681818,2020-05-14,15075229.811616307,15125006.901428802,13905923.253789805,16504449.6736017
1352084.6101818183,1171924.1563418182,1288948.566956818,1948071.3794685178,1434009.630081818,964274.8475018181,1767409.296741818,1561927.356981818,1883698.1438818183,1145273.0907818181,1918437.394681818,2020-05-15,15065501.463374417,15115198.062196264,13890856.54378991,16436058.473601699
1310884.6101818183,1100164.1563418182,1251986.066956818,1943999.179468518,1367597.130081818,913934.8475018181,1796689.296741818,1510727.356981818,1883698.1438818183,1078973.0907818184,1936624.894681818,2020-05-18,14548415.021229234,14596457.30570569,13425285.397696821,16095278.7736017
1341284.6101818183,1089844.1563418182,1258573.566956818,1956030.679468518,1372547.130081818,903194.8475018181,1808089.296741818,1524207.356981818,1883698.1438818183,1063973.0907818184,1945024.894681818,2020-05-19,14640504.555010512,14688848.348297197,13652339.698595783,16146467.7736017
1354484.6101818183,1109404.1563418182,1278036.066956818,1958066.779468518,1386847.130081818,890594.8475018181,1811449.296741818,1548127.3569818179,1883698.1438818183,1068173.0907818181,1950874.894681818,2020-05-20,14949585.720763428,14998948.633399626,13775895.149593819,16239756.3736017
1330084.6101818183,1096444.1563418182,1264886.066956818,1959177.3794685178,1383822.130081818,877994.8475018181,1818289.296741818,1540407.356981818,1883698.1438818183,1059473.0907818181,1961412.394681818,2020-05-21,15015045.962323261,15064638.488475498,13727499.094909992,16175689.473601699
1328484.6101818183,1047964.1563418182,1241161.066956818,1959917.779468518,1346972.130081818,867854.8475018181,1866409.296741818,1548327.356981818,1883698.1438818183,1052573.0907818181,1967374.894681818,2020-05-22,14904571.499237396,14953769.237365687,13637282.914927725,16110737.3736017
1339684.6101818183,1058524.1563418182,1224573.566956818,1959732.679468518,1351647.130081818,879674.8475018181,1838809.296741818,1542767.356981818,1883698.1438818183,1055873.0907818181,1961262.394681818,2020-05-26,14887752.998887012,14936912.130421147,13419485.494489793,16096247.2736017
1351684.6101818183,1168204.1563418182,1251448.566956818,1960102.8794685178,1423559.6300818182,904574.8475018181,1898809.296741818,1594247.356981818,1883698.1438818183,1099373.0907818181,1969924.894681818,2020-05-27,15359165.670472814,15409850.893896554,13972002.991227925,16505627.473601699
1364884.6101818183,1177804.1563418182,1254273.566956818,1960287.979468518,1445697.1300818182,926114.8475018181,1903969.296741818,1603807.356981818,1912698.1438818183,1097273.0907818181,1970487.394681818,2020-05-28,15647965.703450266,15699605.179537,14098844.148346275,16617297.573601699
1410484.6101818183,1163404.1563418182,1255761.066956818,1960186.6519063178,1458595.244106818,934274.8475018181,1887350.0545818182,1599418.840821818,1912577.6511478182,1115846.4181818182,1970322.967181818,2020-05-29,15796694.01047034,15862655.105941338,14080138.104660856,16668222.508910498
1427684.6101818183,1192204.1563418182,1307561.066956818,1963333.3519063178,1480595.244106818,954014.8475018181,1905110.0545818182,1618858.840821818,1926010.6511478182,1168346.4181818182,1991922.967181818,2020-06-01,16202069.335092131,16269751.301873783,14512049.565261953,16935642.2089105
1423284.6101818183,1223764.1563418182,1353898.566956818,1962685.501906318,1504795.244106818,983534.8475018181,1922870.0545818182,1692258.840821818,1929646.6511478182,1169846.4181818182,1994422.967181818,2020-06-02,16454264.396718744,16522972.066540347,14826176.25098677,17161007.8589105
1428884.6101818183,1222444.1563418182,1370323.566956818,1959353.7019063178,1527620.2441068182,980714.8475018181,1907870.0545818182,1724938.840821818,1931313.1511478182,1197446.4181818182,1997172.967181818,2020-06-03,16590213.941217693,16662046.135611022,14930730.520199025,17248082.5589105
1407684.6101818183,1185964.1563418182,1345611.066956818,1968701.251906318,1503282.7441068182,959954.8475018181,1920830.0545818182,1685898.840821818,1933333.1511478182,1192046.4181818182,2000372.967181818,2020-06-04,16536708.0258873,16608291.347194145,14889572.161909232,17103680.1089105
1443284.6101818183,1212244.1563418182,1364936.066956818,1973513.8519063178,1528720.244106818,968714.8475018181,1911470.0545818182,1688938.840821818,1934343.1511478182,1273946.4181818182,1996972.967181818,2020-06-05,16723113.071437405,16795493.337624945,15109144.04954189,17297085.2089105
1444884.6101818183,1272124.1563418182,1394161.066956818,1974254.251906318,1536007.744106818,1003814.8475018181,1945670.0545818182,1688018.840821818,1933080.6511478182,1267946.4181818182,2000672.967181818,2020-06-08,16764829.547796695,16837371.7949471,15312479.34728149,17460635.6089105
1438884.6101818183,1247644.1563418182,1378248.566956818,1970459.7019063178,1505070.244106818,1018574.8475018181,1939070.0545818182,1662938.840821818,1931161.6511478182,1253846.4181818182,2001472.967181818,2020-06-09,16565645.739725463,16637318.463054743,15073172.94811621,17347372.0589105
1438484.6101818183,1265404.1563418182,1376261.066956818,1970829.9019063178,1517445.244106818,1061414.847501818,1936070.0545818182,1685218.840821818,1934393.6511478182,1273346.4181818182,2003722.967181818,2020-06-10,16680242.384269755,16752451.916130314,15271924.981858458,17462591.7589105
1438084.6101818183,1231804.1563418182,1352073.566956818,1959261.1519063178,1485270.244106818,1089674.847501818,1914710.0545818182,1658698.840821818,1933737.1511478182,1210646.4181818182,2003122.967181818,2020-06-11,16327136.32054083,16398652.371213466,14931801.882039089,17277084.0089105
1442084.6101818183,1218724.1563418182,1379886.066956818,1967127.9019063178,1493520.244106818,1096034.847501818,1891670.0545818182,1643938.840821818,1936110.6511478182,1222646.4181818182,2000872.967181818,2020-06-12,16444041.386701843,16516076.511295438,15018625.472425174,17292616.7589105
1417684.6101818183,1174564.1563418182,1355198.566956818,1965276.9019063178,1457495.2441068182,1050554.847501818,1882190.0545818182,1619658.840821818,1937019.6511478182,1190546.418181818,2000772.967181818,2020-06-15,16181540.87142916,16252447.804640815,14721378.999114655,17050962.2589105
1393284.6101818183,1155244.1563418182,1358598.566956818,1960834.501906318,1490220.244106818,1040054.8475018181,1915070.0545818182,1642218.840821818,1937878.1511478182,1185746.4181818182,2004272.967181818,2020-06-16,16346922.791541284,16418504.991935607,14764997.394640002,17083423.3589105
1400884.6101818183,1174564.1563418182,1366348.566956818,1971940.501906318,1487745.244106818,1051274.847501818,1923350.0545818182,1616658.840821818,1938282.1511478182,1186346.418181818,2005672.967181818,2020-06-17,16292757.327177543,16364139.353650358,14852101.831344973,17123068.3589105
1406484.6101818183,1212484.1563418182,1398836.066956818,1978604.1019063178,1515520.244106818,1060934.847501818,1947950.0545818182,1663938.840821818,1939393.1511478182,1226546.4181818182,2008472.967181818,2020-06-18,16639845.005977163,16712781.91602459,15156725.86703372,17359165.4589105
1445284.6101818183,1240444.1563418182,1441998.566956818,1981565.7019063178,1547970.244106818,1042274.8475018181,1930310.0545818182,1663378.840821818,1940150.6511478182,1255646.4181818182,2009122.967181818,2020-06-19,16891710.293087102,16969726.515465662,15496170.822321063,17498147.0589105
1460884.6101818183,1271884.1563418182,1477423.566956818,1982028.4519063178,1558420.244106818,1049774.847501818,1926230.0545818182,1705578.840821818,1940251.6511478182,1274846.4181818182,2005472.967181818,2020-06-22,17001854.981656294,17080384.318544112,15698190.72225672,17652795.8089105
1481284.6101818183,1304284.1563418182,1523723.566956818,1982398.6519063178,1581932.744106818,1086374.847501818,1965470.0545818182,1733018.840821818,1940504.1511478182,1303346.4181818182,2008372.967181818,2020-06-23,17265344.820478998,17345035.024016973,15972943.631184287,17910711.0089105
1462084.6101818183,1258684.1563418182,1500961.066956818,1982213.551906318,1504932.7441068182,1039934.8475018181,1952750.0545818182,1696698.840821818,1940807.1511478182,1256246.4181818182,2010872.967181818,2020-06-24,16992126.633414403,17070575.479311574,15540701.287981072,17606186.408910498
1516884.6101818183,1251604.1563418182,1518686.066956818,1982953.9519063178,1513045.244106818,1032074.8475018181,1920590.0545818182,1727018.840821818,1940958.6511478182,1260446.4181818182,2011572.967181818,2020-06-25,16965085.123047117,17043427.901507508,15602812.26231242,17675835.8089105
1520884.6101818183,1259164.1563418182,1493223.566956818,1982766.681673718,1517385.9678068182,1052954.847501818,2034765.004421818,1693690.113781818,1940819.1936438181,1256516.6729818182,2011467.3287618181,2020-06-26,17120244.03314234,17199253.353507042,15772252.538698014,17763638.1440539
1501684.6101818183,1211044.1563418182,1481836.066956818,1994613.0816737178,1501298.4678068182,1037894.8475018181,2021085.004421818,1706130.113781818,1935112.6936438181,1224416.6729818182,2013222.3287618181,2020-06-29,17003833.628756337,17082369.580616325,15582520.779403554,17628338.044053897
1473684.6101818183,1215484.1563418182,1475098.566956818,1986468.681673718,1524123.467806818,1031654.8475018181,2029965.004421818,1710970.113781818,1928497.1936438181,1220216.6729818182,2019072.3287618181,2020-06-30,16986850.241147615,17065242.29007616,15513573.922014117,17615235.6440539
1484884.6101818183,1279324.1563418182,1505823.566956818,1991466.3816737179,1558360.967806818,1052834.847501818,2020245.004421818,1709290.113781818,1945818.6936438181,1258316.6729818182,2021322.3287618181,2020-07-01,17197823.48818995,17277230.688627504,15783569.587597085,17827687.344053898
1489284.6101818183,1255204.1563418182,1508411.066956818,1992206.7816737178,1555198.4678068182,1055654.847501818,2052045.004421818,1706490.113781818,1954454.1936438181,1262216.6729818182,2028567.3287618181,2020-07-02,17398408.837957047,17486822.676156767,15906439.377169952,17859733.2440539
1503684.6101818183,1267804.1563418182,1500223.566956818,2011827.3816737179,1550248.467806818,1046534.8475018181,2059965.004421818,1708410.113781818,1960211.1936438181,1258016.6729818182,2031537.3287618181,2020-07-03,17490168.59722165,17579072.753394034,16069408.671697835,17898463.344053898
1537284.6101818183,1281124.1563418182,1544548.566956818,2010716.7816737178,1552860.9678068182,1056974.847501818,2064045.004421818,1719650.113781818,1967180.1936438181,1278116.6729818182,2034192.3287618181,2020-07-06,17747887.382002555,17838907.14259703,16356479.53881627,18046694.2440539
1568884.6101818183,1313164.1563418182,1605336.066956818,2002387.2816737178,1591360.967806818,1093454.847501818,2086005.004421818,1719970.113781818,1962079.6936438181,1282016.6729818182,2034507.3287618181,2020-07-07,17807246.795003917,17898582.47589199,16622147.803911453,18259166.7440539
1527684.6101818183,1305484.1563418182,1569361.066956818,1997019.3816737179,1572385.967806818,1125014.847501818,2075925.004421818,1708010.113781818,1959554.6936438181,1300916.6729818182,2027037.3287618181,2020-07-08,17652417.659425367,17742944.977698106,16389207.477928301,18168393.844053898
1525684.6101818183,1328524.1563418182,1599848.566956818,2006459.4816737177,1576235.9678068182,1129754.847501818,2073045.004421818,1720730.113781818,1963998.6936438181,1343816.6729818182,2031537.3287618181,2020-07-09,17830001.236654438,17935715.099621393,16593492.968851976,18299635.4440539
1501284.6101818183,1294564.1563418182,1595886.066956818,2010346.5816737178,1549010.9678068182,1108994.847501818,2074365.004421818,1706010.113781818,1969351.6936438181,1322816.6729818182,2034192.3287618181,2020-07-10,17755142.42136939,17860463.094682906,16531709.078814171,18166823.044053897
1472084.6101818183,1295644.1563418182,1575998.566956818,2017935.681673718,1530448.4678068182,1109474.847501818,2079045.004421818,1695370.113781818,1973038.1936438181,1305716.6729818182,2034687.3287618181,2020-07-13,17812275.856383197,17919151.670498185,16564696.641382823,18089443.6440539
1421684.6101818183,1242004.1563418182,1565086.066956818,2013493.2816737178,1508310.967806818,1074854.847501818,2072685.004421818,1666530.113781818,1972937.1936438181,1266116.6729818182,2033967.3287618181,2020-07-14,17490168.59722165,17595095.81532599,16208204.302179307,17837670.2440539
1405684.6101818183,1263484.1563418182,1554661.066956818,2005904.181673718,1508998.467806818,1066154.847501818,2083605.004421818,1659770.113781818,1965210.6936438181,1252916.6729818182,2035092.3287618181,2020-07-15,17508058.864751227,17613057.150878742,16142697.542123402,17801482.1440539
1414884.6101818183,1281124.1563418182,1568548.566956818,2008680.681673718,1505835.967806818,1084214.847501818,2101365.004421818,1685810.113781818,1968947.6936438181,1267616.6729818182,2035227.3287618181,2020-07-16,17708809.10177666,17818009.02883094,16446122.51763794,17922255.6440539
1436484.6101818183,1278964.1563418182,1592673.566956818,2012937.9816737177,1530998.467806818,1086854.847501818,2094525.004421818,1689530.113781818,1973694.6936438181,1279016.6729818182,2035047.3287618181,2020-07-17,17975514.24213694,18086371.821965456,16608014.001860594,18010727.4440539
1509284.6101818183,1281124.1563418182,1627723.566956818,2019046.2816737178,1556298.467806818,1096394.847501818,2095605.004421818,1684170.113781818,1971725.1936438181,1294616.6729818182,2035362.3287618181,2020-07-20,18174203.38843316,18286213.70582645,16908947.78025423,18171351.2440539
1562084.6101818183,1310404.1563418182,1590461.066956818,2019231.3816737179,1599748.467806818,1090094.847501818,2095605.004421818,1715210.113781818,1974704.6936438181,1316516.6729818182,2035452.3287618181,2020-07-21,18405127.993734285,18518630.333629753,17095565.850470483,18309513.344053898
1578884.6101818183,1389004.1563418182,1580598.566956818,2020156.8816737179,1606073.4678068182,1078154.847501818,2095605.004421818,1702810.113781818,1974704.6936438181,1302116.6729818182,2035452.3287618181,2020-07-22,18356238.92163733,18469409.930774264,17110963.20819206,18363561.3440539
1583284.6101818183,1345564.1563418182,1591798.566956818,2020527.0816737178,1636735.967806818,1078574.847501818,2089005.004421818,1727530.113781818,1974704.6936438181,1339916.6729818182,2035452.3287618181,2020-07-23,18492848.015169628,18609165.33239043,17218282.409425776,18423094.0440539
1573684.6101818183,1308964.1563418182,1580311.066956818,2018305.8816737179,1607998.467806818,1088594.847501818,2093685.004421818,1708290.113781818,1973290.6936438181,1302116.6729818182,2035452.3287618181,2020-07-24,18457727.02914382,18573830.01692759,17167872.314415425,18290693.844053898
1551284.6101818183,1275244.1563418182,1560136.066956818,2023118.4816737177,1543923.467806818,1069874.847501818,2096925.004421818,1686650.113781818,1974704.6936438181,1273316.6729818182,2035452.3287618181,2020-07-27,18354919.823570635,18470443.67670536,17030233.075622376,18090630.4440539
1612084.6101818183,1288444.1563418182,1577248.566956818,2027745.9816737177,1526323.4678068182,1094234.847501818,2097165.004421818,1735970.113781818,1974704.6936438181,1287116.6729818182,2035317.3287618181,2020-07-28,18633167.07201451,18750389.123113267,17385399.909529306,18256355.4440539
1656484.6101818183,1297684.1563418182,1588411.066956818,2027931.0816737178,1523435.967806818,1122494.847501818,2094405.004421818,1740450.113781818,1974704.6936438181,1297616.6729818182,2035452.3287618181,2020-07-29,18472072.220619153,18588854.57426701,17361060.159439333,18359070.544053897
1635584.5365818182,1261564.1563418182,1571923.566956818,2030707.5816737178,1506798.467806818,1085714.847501818,2095655.518821818,1736970.113781818,1974755.1936438181,1270016.6729818182,2035497.3287618181,2020-07-30,18306030.75147368,18426427.2448439,17152650.468375232,18205187.984853897
1627184.5365818182,1275484.1563418182,1580173.566956818,2030529.790412118,1511885.967806818,1090394.847501818,2095573.9491018183,1721528.624421818,1974628.408054318,1299416.6729818182,2035372.947481818,2020-07-31,18258708.108330928,18378757.46088505,17169734.534071553,18242173.4676428
1607584.5365818182,1241164.1563418182,1560973.566956818,2026642.6904121179,1502123.467806818,1065554.847501818,2095633.9491018183,1677928.624421818,1966876.658054318,1304216.6729818182,2031502.947481818,2020-08-03,17958860.62904489,18077608.475776866,16835178.1868142,18080202.117642798
1674384.5365818182,1269484.1563418182,1576248.566956818,2031640.3904121178,1523435.967806818,1053014.847501818,2095453.9491018183,1690768.624421818,1987682.658054318,1300316.6729818182,2031142.947481818,2020-08-04,18294653.530648418,18415643.395244535,17151689.821087822,18233573.3176428
1662384.5365818182,1283404.1563418182,1582886.066956818,2041265.5904121178,1526735.967806818,1053194.847501818,2094253.9491018183,1699128.624421818,1984905.158054318,1299416.6729818182,2034652.947481818,2020-08-05,18305206.315181993,18430855.90638961,17175890.591956537,18262228.5176428
1709984.5365818182,1278724.1563418182,1603648.566956818,2042746.3904121178,1544748.467806818,1055774.847501818,2101813.9491018183,1704168.624421818,1987329.158054318,1296416.6729818182,2045632.947481818,2020-08-06,18467620.26464405,18599227.274916507,17388826.27202098,18370988.3176428
1757584.5365818182,1279444.1563418182,1633423.566956818,2048669.5904121178,1542548.467806818,1072694.847501818,2098813.9491018183,1706168.624421818,1989929.908054318,1294616.6729818182,2045812.947481818,2020-08-07,18490539.59355291,18622286.857447613,17490396.75566507,18469707.2676428
1781584.5365818182,1274164.1563418182,1628086.066956818,2045707.990412118,1557948.467806818,1073114.847501818,2100073.9491018183,1720328.624421818,1988844.158054318,1313516.6729818182,2046172.947481818,2020-08-10,18583041.34548003,18715464.956600294,17506176.474587675,18529542.4176428
1783984.5365818182,1314724.1563418182,1631698.566956818,2045893.0904121178,1568398.4678068182,1088294.847501818,2100073.9491018183,1723928.624421818,1991470.158054318,1321016.6729818182,2048017.947481818,2020-08-11,18669359.825219505,18802417.085940704,17577818.673754014,18617501.017642796
1797184.5365818182,1322164.1563418182,1621911.066956818,2035157.290412118,1567023.4678068182,1086674.847501818,2102233.9491018183,1700488.624421818,1990965.158054318,1370516.6729818182,2045182.947481818,2020-08-12,18646110.721793972,18778969.84868544,17570593.14313143,18639502.7176428
1816384.5365818182,1314964.1563418182,1622261.066956818,2018498.290412118,1570323.467806818,1084394.847501818,2102173.9491018183,1701608.624421818,1991318.658054318,1362116.6729818182,2045587.947481818,2020-08-13,18633002.184756175,18773918.590158504,17518548.817134004,18629632.2176428
1790384.5365818182,1285564.1563418182,1600123.566956818,2001283.990412118,1552035.967806818,1070534.847501818,2103673.9491018183,1678888.624421818,1990434.908054318,1329716.6729818182,2043292.947481818,2020-08-14,18431757.285955727,18571210.410761297,17273590.206921604,18445934.1676428
1806384.5365818182,1291084.1563418182,1613548.566956818,1991103.490412118,1548735.967806818,1077674.847501818,2105533.9491018183,1695288.624421818,1989147.158054318,1309316.6729818182,2049097.947481818,2020-08-17,18545034.832433324,18685298.370792918,17285280.382099237,18476915.9176428
1887984.5365818182,1309444.1563418182,1622323.566956818,2012760.1904121179,1574448.467806818,1087814.847501818,2109073.9491018183,1728488.624421818,1995005.158054318,1321316.6729818182,2053912.947481818,2020-08-18,18772991.46708438,18915036.65686566,17633926.741122834,18702573.117642798
1974384.536581818,1305604.1563418182,1619836.066956818,2039229.490412118,1587923.467806818,1088474.847501818,2109073.9491018183,1717928.624421818,1997984.658054318,1333016.6729818182,2053957.947481818,2020-08-19,18810997.980131086,18955012.08190557,17863176.573675506,18827414.4176428
1920784.536581818,1283404.1563418182,1615798.566956818,2022385.3904121178,1569498.467806818,1077974.847501818,2108893.9491018183,1704328.624421818,1995838.408054318,1319216.6729818182,2054542.947481818,2020-08-20,18652376.437610783,18795216.105761606,17628801.659001462,18672666.5676428
1921984.536581818,1296604.1563418182,1614673.566956818,2016091.990412118,1578848.467806818,1078154.847501818,2110033.9491018183,1705368.624421818,2000029.908054318,1341116.6729818182,2058187.947481818,2020-08-21,18750319.46906303,18893868.359503943,17613016.825042438,18721094.6676428
1925184.536581818,1309444.1563418182,1640361.066956818,2045337.790412118,1604148.4678068182,1096874.847501818,2111353.9491018183,1743808.624421818,2003186.158054318,1359416.6729818182,2062417.947481818,2020-08-24,18906715.033595778,19051491.11977004,17951625.647909682,18901534.2176428
1925184.536581818,1323844.1563418182,1678073.566956818,2047003.6904121179,1620648.467806818,1105694.847501818,2111053.9491018183,1754208.624421818,2003640.658054318,1398416.6729818182,2063812.947481818,2020-08-25,18916278.49457933,19061100.25808407,18535774.482405655,19031582.117642798
1961184.536581818,1351564.1563418182,1678736.066956818,2015166.490412118,1628898.467806818,1143074.847501818,2112313.9491018183,1783488.624421818,2004625.408054318,1409816.6729818182,2064577.947481818,2020-08-26,19043818.788903087,19194089.322696716,18553825.64445047,19153447.1676428
1924214.8285818181,1374844.1563418182,1675473.566956818,2003848.6233511176,1636735.967806818,1188914.847501818,2112553.9491018183,1770168.624421818,2004852.658054318,1444616.6729818182,2064892.947481818,2020-08-27,19059730.409332618,19210147.62596723,18603132.453976944,19201116.842581797
1924055.351381818,1461604.1563418182,1685048.566956818,2049147.2944007176,1684860.967806818,1260674.847501818,2112480.3681418183,1807777.911221818,2004775.956698318,1499816.6729818182,2064784.5437218181,2020-08-28,19205408.302073456,19356904.30684398,18989268.157207478,19555026.6371554
1908655.351381818,1431724.1563418182,1639298.566956818,2015088.894400718,1643297.815631818,1218134.847501818,2105460.3681418183,1759337.911221818,1995079.956698318,1422716.6729818182,2063299.5437218181,2020-08-31,18776536.54313863,18924681.03651825,18483557.143486932,19202094.084980402
1919055.351381818,1405204.1563418182,1678311.066956818,2094681.8944007177,1634360.315631818,1214834.847501818,2103360.3681418183,1782817.911221818,2001139.956698318,1459316.6729818182,2067394.5437218181,2020-09-01,18912980.74941259,19062204.486692283,18672039.045468774,19360477.084980402
1929055.351381818,1402084.1563418182,1684511.066956818,2108194.194400718,1638760.315631818,1230554.847501818,2109240.3681418183,1778297.911221818,2007730.206698318,1448216.6729818182,2072344.5437218181,2020-09-02,19019745.249185868,19173837.30013756,18882743.817360125,19408989.634980403
1936055.351381818,1379404.1563418182,1672273.566956818,2088018.2944007178,1612497.815631818,1220114.847501818,2115240.3681418183,1758577.911221818,2006543.456698318,1429616.6729818182,2079139.5437218181,2020-09-03,19007296.261181418,19161878.73925286,18720995.83726898,19297481.9849804
1923455.351381818,1332004.1563418182,1666548.566956818,2055625.7944007176,1585135.315631818,1201274.847501818,2107020.3681418183,1748537.911221818,2000761.206698318,1390316.6729818182,2077699.5437218181,2020-09-04,18688074.52904077,18840101.823974214,18356319.486359023,19088379.7349804
1923255.351381818,1340404.1563418182,1643636.066956818,2041558.194400718,1587747.815631818,1192334.847501818,2110740.3681418183,1739497.911221818,2004977.956698318,1398116.6729818182,2082289.5437218181,2020-09-07,18723030.627808236,18875331.415421374,18339101.952731736,19064558.884980403
1916855.351381818,1305964.1563418182,1642348.566956818,1993247.0944007179,1594347.815631818,1182374.847501818,2116740.3681418183,1727457.911221818,2007755.456698318,1375016.6729818182,2083729.5437218181,2020-09-08,18660868.131415144,18812613.5798974,18212576.649982195,18945837.7849804
1927855.351381818,1274524.1563418182,1623061.066956818,2017310.0944007179,1571935.315631818,1187414.847501818,2115420.3681418183,1706617.911221818,2012754.956698318,1319816.6729818182,2084134.5437218181,2020-09-09,18595984.99525949,18747205.655530013,18133873.633025456,18840845.2849804
1942255.351381818,1311964.1563418182,1642023.566956818,1996949.0944007179,1580735.315631818,1206434.847501818,2118420.3681418183,1703217.911221818,2017451.456698318,1339616.6729818182,2085439.5437218181,2020-09-10,18878354.425161794,19032014.406659205,18561447.49486537,18944508.2849804
1943655.351381818,1312804.1563418182,1653448.566956818,1979734.7944007176,1579910.315631818,1194314.847501818,2120520.3681418183,1711897.911221818,2018006.956698318,1366916.6729818182,2085529.5437218181,2020-09-11,18903417.288429037,19057247.205068175,18621174.301871087,18966739.4849804
1943255.351381818,1296844.1563418182,1627523.566956818,1919021.994400718,1561622.815631818,1193114.847501818,2123940.3681418183,1690177.911221818,2018713.956698318,1341716.6729818182,2086879.5437218181,2020-09-14,18863184.797394782,19017565.4578496,18550325.1109196,18802811.1849804
1942455.351381818,1318444.1563418182,1645698.566956818,1960484.394400718,1584035.315631818,1221974.847501818,2124720.3681418183,1705257.911221818,2019092.706698318,1351616.6729818182,2087869.5437218181,2020-09-15,18997980.13108537,19153479.553562723,18730976.94447455,18961649.834980402
1957855.351381818,1309924.1563418182,1647723.566956818,1949193.2944007178,1591872.815631818,1207874.847501818,2125440.3681418183,1708177.911221818,2019345.206698318,1339916.6729818182,2088634.5437218181,2020-09-16,19134424.33735933,19291049.99218817,18823885.74370671,18945958.7349804
1957455.351381818,1302484.1563418182,1635336.066956818,1941974.3944007177,1576472.815631818,1202714.847501818,2125860.3681418183,1691137.9112218178,2019698.706698318,1323416.6729818182,2088589.5437218181,2020-09-17,18988581.557360154,19144011.380602933,18648942.998374216,18865140.834980402
1950455.351381818,1303564.1563418182,1636048.566956818,1998800.0944007179,1578260.315631818,1197734.847501818,2126220.3681418183,1669537.9112218178,2019875.456698318,1306316.6729818182,2089129.5437218181,2020-09-18,18970196.62805557,19125474.436520364,18619402.714638766,18875943.2849804
1945055.351381818,1255564.1563418182,1599886.066956818,1903103.3944007177,1526697.815631818,1134614.847501818,2126340.3681418183,1678137.9112218178,2019799.706698318,1265516.6729818182,2089579.5437218181,2020-09-21,18550723.442845955,18702566.626687326,18099284.75019027,18544295.8349804
1952855.351381818,1228324.1563418182,1593098.566956818,1915875.2944007176,1536872.815631818,1114694.847501818,2126460.3681418183,1664177.911221818,2019850.206698318,1267916.6729818182,2089579.5437218181,2020-09-22,18390947.689517293,18541490.21524235,18057858.257535942,18509705.7349804
1960255.351381818,1246924.1563418182,1578311.066956818,1779086.394400718,1529860.315631818,1095554.847501818,2126880.3681418183,1668177.911221818,2020254.206698318,1253516.6729818182,2089444.5437218181,2020-09-23,18355002.267199803,18505191.636525534,17904809.234716956,18348265.834980402
1963855.351381818,1205404.1563418182,1524573.566956818,1725777.5944007179,1485585.315631818,1050194.847501818,2127120.3681418183,1644777.9112218178,2020329.956698318,1208816.6729818182,2089624.5437218181,2020-09-24,17816975.143245805,17962803.94186119,17154479.29812893,18046060.2849804
1963730.014181818,1235644.1563418182,1552086.066956818,1801040.4037515176,1521169.051956818,1079714.847501818,2127027.737061818,1650309.531621818,2020242.997125818,1243916.6729818182,2105909.1849218183,2020-09-25,18220454.26439672,18369582.965746593,17689234.416245468,18300790.664403696
1985330.014181818,1293724.1563418182,1601136.066956818,1816403.7037515177,1560631.551956818,1128014.847501818,2129547.737061818,1671149.531621818,2023020.497125818,1274216.6729818182,2096684.1849218183,2020-09-28,18512799.37342842,18664329.77434971,18149158.415247284,18579858.964403696
1977730.014181818,1263964.1563418182,1591036.066956818,1788638.7037515182,1544406.551956818,1105394.847501818,2129727.737061818,1658509.531621818,2028398.747125818,1261016.6729818182,2115449.1849218183,2020-09-29,18504307.67962406,18655777.87619248,18096255.384045903,18464272.214403696
1978130.014181818,1258684.1563418182,1586998.566956818,1736810.7037515177,1538219.051956818,1094774.847501818,2131047.737061818,1662349.531621818,2026555.497125818,1263116.6729818182,2109284.1849218183,2020-09-30,18545776.82509584,18697550.60949895,17998762.23342691,18385970.964403696
1982330.014181818,1304404.1563418182,1628048.566956818,1779383.7037515182,1577819.051956818,1172534.847501818,2134707.737061818,1691429.531621818,2026833.247125818,1292516.6729818182,2118689.1849218183,2020-10-01,18825095.84071891,18979152.398819182,18491467.426501133,18708696.714403696
1990530.014181818,1305484.1563418182,1613073.566956818,1751618.7037515177,1588681.551956818,1183754.847501818,2138547.737061818,1698829.531621818,2024712.247125818,1283216.6729818182,2116034.1849218183,2020-10-05,18967558.431922175,19122796.094789803,18821030.06915267,18694483.214403696
1988730.014181818,1318684.1563418182,1635923.566956818,1760318.4037515179,1609306.551956818,1209254.847501818,2139267.737061818,1717829.531621818,2025393.997125818,1300316.6729818182,2119949.1849218183,2020-10-06,19229811.616307348,19387164.869554188,19005392.102032397,18824974.6644037
1991530.014181818,1326964.1563418182,1600136.066956818,1744955.1037515178,1614806.551956818,1204814.847501818,2139507.737061818,1707629.531621818,2029888.497125818,1294916.6729818182,2123324.1849218183,2020-10-07,19355867.92530607,19514256.883514456,19044774.187535867,18778473.3644037
1989930.014181818,1324084.1563418182,1598961.066956818,1752174.0037515177,1627869.051956818,1203134.847501818,2141067.737061818,1703789.531621818,2028524.997125818,1299716.6729818182,2121749.1849218183,2020-10-08,19513747.47516386,19673453.7569029,19068932.130672902,18791001.2644037
1989730.014181818,1362844.1563418182,1596823.566956818,1755135.6037515178,1665406.551956818,1209554.847501818,2142507.737061818,1703349.531621818,2028625.997125818,1340516.6729818182,2123594.1849218183,2020-10-09,19644997.732800197,19805761.48897005,19189832.22867766,18918088.8644037
1991330.014181818,1362724.1563418182,1599148.566956818,1718485.803751518,1672144.051956818,1199234.847501818,2142027.737061818,1697509.531621818,2028752.247125818,1342916.6729818182,2123639.1849218183,2020-10-12,19672616.348571666,19833637.38777102,19242318.39228638,18877912.8144037
1991330.014181818,1346764.1563418182,1585498.566956818,1720151.703751518,1651244.051956818,1191734.847501818,2144127.737061818,1723309.531621818,2032337.747125818,1324916.6729818182,2123639.1849218183,2020-10-13,19678469.846242633,19839546.18553625,19279720.82196508,18835054.2144037
1991730.014181818,1370644.1563418182,1610361.066956818,1713488.1037515178,1679431.551956818,1209074.847501818,2144967.737061818,1729869.531621818,2033877.997125818,1351016.6729818182,2123639.1849218183,2020-10-14,19738736.139164846,19905165.557935,19387104.517718762,18958100.8644037
1991330.014181818,1349764.1563418182,1571036.066956818,1662955.8037515178,1637356.551956818,1179494.847501818,2144907.737061818,1695709.531621818,2027893.747125818,1307816.6729818182,2123639.1849218183,2020-10-15,19259408.879178863,19421783.61113298,18795430.22240327,18691904.314403698
1991730.014181818,1373284.1563418182,1575186.066956818,1672210.8037515178,1651794.051956818,1191854.847501818,2145747.737061818,1717509.531621818,2025267.747125818,1326416.6729818182,2121794.1849218183,2020-10-16,19394781.31827363,19558308.556714475,18940784.21090245,18792795.814403698
1993130.014181818,1422604.1563418182,1584148.566956818,1658143.2037515177,1708994.051956818,1214414.847501818,2147187.737061818,1749349.531621818,2029181.497125818,1374716.6729818182,2123639.1849218183,2020-10-19,19577146.625994477,19742162.619982075,19213142.278322734,19005509.464403696
1993330.014181818,1425004.1563418182,1582886.066956818,1685352.9037515179,1702394.051956818,1212194.847501818,2146407.737061818,1743349.531621818,2027893.747125818,1369016.6729818182,2123639.1849218183,2020-10-20,19616307.34984954,19781668.16050785,19278764.942449696,19011468.9144037
1993330.014181818,1443004.1563418182,1575561.066956818,1737551.1037515178,1718206.551956818,1215614.847501818,2147187.737061818,1762989.531621818,2026454.497125818,1373216.6729818182,2123639.1849218183,2020-10-21,19683663.794880252,19849601.71413871,19247521.7431344,19116755.3644037
1993330.014181818,1464244.1563418182,1595961.066956818,1780864.5037515177,1698406.551956818,1192394.847501818,2147187.737061818,1762869.531621818,2024964.747125818,1370516.6729818182,2123639.1849218183,2020-10-22,19615730.24444536,19782748.89489036,19216192.706589,19154379.014403697
1993330.014181818,1456804.1563418182,1596573.566956818,1794932.1037515176,1709956.551956818,1191674.847501818,2146707.737061818,1755389.531621818,2031378.247125818,1367516.6729818182,2123639.1849218183,2020-10-23,19671627.025021642,19856097.867546603,19286767.624656193,19167902.6144037
1993330.014181818,1423564.1563418182,1590823.566956818,1794006.603751518,1675856.551956818,1201874.847501818,2147187.737061818,1781749.531621818,2010395.497125818,1330916.6729818182,2123639.1849218183,2020-10-26,19403520.3429655,19585514.870082807,19025243.71762092,19073344.3644037
1993330.014181818,1458964.1563418182,1630661.066956818,1791230.103751518,1690844.051956818,1198694.847501818,2146887.737061818,1904549.531621818,2013728.497125818,1318616.6729818182,2123639.1849218183,2020-10-27,19604105.692732595,19787964.61299724,19277284.211135212,19271145.8644037
1993330.014181818,1450804.1563418182,1610048.566956818,1859532.003751518,1652894.051956818,1173314.847501818,2146887.737061818,1888869.531621818,2006405.997125818,1293416.6729818182,2123639.1849218183,2020-10-28,19340615.853909887,19527378.408571634,19130261.47424033,19199142.7644037
1993530.014181818,1424764.1563418182,1612361.066956818,1856755.503751518,1663619.051956818,1168334.847501818,2147247.737061818,1905989.531621818,2010870.9138858179,1282916.6729818182,2123684.1849218183,2020-10-29,19243662.14600767,19434952.124641567,19224798.57910269,19190073.6811637
1993329.2275818181,1421524.1563418182,1594598.566956818,1793577.4155931177,1643501.2055318179,1164734.847501818,2147104.305661818,1887102.704341818,2024681.611075318,1286216.6729818182,2123617.7733618184,2020-10-30,19196834.164639927,19387623.006955467,19189372.069227085,19079988.4869298
2005629.2275818181,1493884.1563418182,1622298.566956818,1875576.7155931175,1709226.2055318179,1215914.847501818,2156644.305661818,1906062.704341818,1955016.861075318,1327016.6729818182,2118487.7733618184,2020-11-02,19240941.506245106,19432168.05889533,19390158.811598655,19385758.0369298
2008029.2275818181,1521484.1563418182,1640048.566956818,1868913.115593118,1769863.7055318179,1237814.847501818,2152864.305661818,1914462.704341818,1942619.111075318,1379216.6729818182,2122207.7733618184,2020-11-03,19478956.263654727,19672596.217664603,19616980.366697915,19557524.1869298
2019429.2275818181,1499884.1563418182,1657711.066956818,1865581.3155931178,1758451.2055318179,1275554.847501818,2164924.305661818,1935702.704341818,1973903.861075318,1392716.6729818182,2125747.7733618184,2020-11-04,19635599.15907498,19839287.74905348,19915188.07254623,19669607.1369298
2024829.2275818181,1533844.1563418182,1701538.956806818,1882055.215593118,1764638.7055318179,1319174.847501818,2172754.305661818,1960542.704341818,1994836.111075318,1462616.6729818182,2130667.7733618184,2020-11-05,19984830.372232985,20192147.52494206,20321203.220073007,19947498.6767798
2028729.2275818181,1539724.1563418182,1712838.956806818,1856696.5155931176,1775638.7055318179,1348274.847501818,2174464.305661818,1973462.704341818,2027206.611075318,1465916.6729818182,2132287.7733618184,2020-11-06,20221031.3698009,20430743.134106215,20542637.742706425,20035240.4767798
2033829.2275818181,1595644.1563418182,1733038.956806818,1933327.915593118,1820463.7055318179,1392434.847501818,2178064.305661818,1977422.704341818,2037584.3610753177,1467716.6729818182,2133307.7733618184,2020-11-09,20546683.705016695,20759791.51224108,20993771.93088238,20302834.6267798
2033229.2275818181,1640164.1563418182,1793676.456806818,1914817.9155931177,1847001.2055318179,1464134.847501818,2169604.305661818,1978022.704341818,2049653.861075318,1540916.6729818182,2128717.7733618184,2020-11-10,20827074.487818953,21043073.138699338,21302292.354489572,20559939.1267798
2036829.2275818181,1700284.1563418182,1802863.956806818,1952948.515593118,1852226.2055318179,1407434.847501818,2175364.305661818,1992342.704341818,2013723.111075318,1555916.6729818182,2131687.7733618184,2020-11-11,21021723.896285914,21239766.796315636,21452551.683985755,20621621.4767798
2036229.2275818181,1678755.9755418182,1808988.956806818,1959982.315593118,1842326.2055318179,1384934.847501818,2176084.305661818,1980662.704341818,2007057.111075318,1511516.6729818182,2131237.7733618184,2020-11-12,20925512.18104621,21142582.931679968,21281173.149880745,20517776.095979802
2041629.2275818181,1704675.9755418182,1821976.456806818,1947765.7155931178,1857313.7055318179,1384154.847501818,2178064.305661818,1979622.704341818,2015414.861075318,1527416.6729818182,2131027.7733618184,2020-11-13,20973576.816851478,21191133.749102816,21425501.55574902,20589062.2459798
2044929.2275818181,1746915.9755418182,1837126.456806818,1980898.615593118,1863501.2055318179,1402874.847501818,2179234.305661818,1995782.704341818,2016803.611075318,1591916.6729818182,2132977.7733618184,2020-11-17,21227915.412836473,21448148.831221007,21877921.56858065,20792961.395979803
2043129.2275818181,1765515.9755418182,1838551.456806818,1962388.6155931177,1874638.7055318179,1455854.847501818,2179414.305661818,1992062.704341818,2015894.611075318,1662716.6729818182,2132557.7733618184,2020-11-18,21333525.701801393,21554800.86881647,22080530.52081461,20922724.8959798
2042529.2275818181,1710915.9755418182,1834601.456806818,1927774.915593118,1857451.2055318179,1443494.847501818,2177794.305661818,2001342.704341818,2010011.361075318,1589186.9277818182,2132077.7733618184,2020-11-19,21058905.973040935,21277345.81033347,21670347.91203721,20727180.7007798
2044629.2275818181,1703955.9755418182,1843876.456806818,1981453.9155931177,1863638.7055318179,1435094.847501818,2180044.305661818,1994502.704341818,1975040.111075318,1608086.9277818182,2134597.7733618184,2020-11-20,21202934.993198402,21422833.803022064,21837659.876412082,20764920.9507798
2044929.2275818181,1675275.9755418182,1852926.456806818,1961278.0155931178,1846176.2055318179,1481594.847501818,2181124.305661818,1995222.704341818,2001325.361075318,1584086.9277818182,2135497.7733618184,2020-11-23,21314069.005317613,21535194.93746425,22186967.723906748,20759437.8007798
2044929.2275818181,1732995.9755418182,1854388.956806818,1952208.115593118,1868176.2055318179,1486334.847501818,2181394.305661818,1995382.704341818,2008647.861075318,1615286.9277818182,2135827.7733618184,2020-11-24,21526278.906797476,21749567.99992482,22335143.87290943,20875572.9007798
2044929.2275818181,1686075.9755418182,1846638.956806818,1915743.415593118,1862951.2055318179,1487954.847501818,2182114.305661818,1997782.704341818,2000921.361075318,1610186.9277818182,2135917.7733618184,2020-11-25,21201863.22601921,21421753.068639554,21951778.45660068,20771216.7007798
2045229.2275818181,1716795.9755418182,1844398.055556818,1932217.3155931176,1876563.7055318179,1482554.847501818,2182204.305661818,1994298.847541818,2003597.861075318,1625186.9277818182,2136157.7733618184,2020-11-26,21413908.240240734,21636020.40708445,22137000.57242191,20839204.842729796
2045013.760781818,1690432.1525818182,1844261.110756818,1913053.2157565178,1871068.698931818,1491074.847501818,2182051.963721818,1994165.0436218178,1992008.1079578178,1617924.4081818182,2136051.1107418183,2020-11-27,21384146.090110887,21605924.303954195,22022681.915406507,20777104.4205357
2066213.760781818,1695712.1525818182,1843386.110756818,1965066.3157565177,1892656.198931818,1536494.847501818,2200501.963721818,1991445.0436218178,2004052.3579578178,1639524.4081818182,2144991.1107418183,2020-12-01,21615153.13904118,21839351.183462884,22492368.620753195,20980044.2705357
2082413.760781818,1706152.1525818182,1844961.110756818,1981725.3157565175,1886331.198931818,1538654.847501818,2203111.963721818,1977245.0436218178,2006299.6079578178,1634724.4081818182,2148081.1107418183,2020-12-02,21622902.840183023,21847163.013510354,22699674.88763169,21009700.520535696
2082413.760781818,1695712.1525818182,1849748.610756818,1968398.1157565175,1891006.198931818,1537394.847501818,2197981.963721818,1982965.0436218178,2009152.8579578178,1684224.4081818182,2143671.1107418183,2020-12-03,21656127.62273795,21880794.997609463,22641884.876741134,21042669.0705357
2083013.760781818,1720792.1525818182,1853548.610756818,2005047.9157565178,1920981.198931818,1558274.847501818,2202661.963721818,1994525.0436218178,2002714.1079578178,1723524.4081818182,2147061.1107418183,2020-12-04,21861659.590255164,22088413.470179368,22890296.578471903,21212145.120535698
2088213.760781818,1730872.1525818182,1851773.610756818,2046140.1157565177,1934043.698931818,1584074.847501818,2206261.963721818,1986285.0436218178,2008925.6079578178,1753524.4081818184,2147991.1107418183,2020-12-07,22021930.005358838,22250382.6622012,23139963.62189063,21338106.3205357
2086413.760781818,1734712.1525818182,1850286.110756818,2036329.815756518,1933493.698931818,1561934.847501818,2207521.963721818,1992165.0436218178,2020919.3579578178,1762824.408181818,2153331.1107418183,2020-12-08,22083268.065460242,22312301.694051147,23174827.437931772,21339932.2705357
2091013.760781818,1762072.1525818182,1855448.610756818,2033738.4157565178,1938718.698931818,1576094.847501818,2210941.963721818,2006445.0436218178,2034731.1079578178,1755324.4081818184,2154831.1107418183,2020-12-09,22307762.06768622,22539126.69613626,23382253.26574579,21419360.120535698
2087813.760781818,1750792.1525818182,1854298.610756818,2042067.9157565176,1933906.198931818,1560914.847501818,2211481.963721818,2010925.0436218178,2027812.6079578178,1754424.4081818182,2154321.1107418183,2020-12-10,22223999.340450965,22454559.230705075,23256854.082562085,21388758.620535698
2088413.760781818,1722112.1525818182,1858111.110756818,2040587.1157565175,1945868.6989318184,1570394.847501818,2211571.963721818,2013005.0436218178,2028645.8579578178,1769724.4081818182,2154381.1107418183,2020-12-11,22282616.76078981,22513729.438147344,23323924.15782526,21402816.0705357
2093813.760781818,1729792.1525818182,1862886.110756818,2034849.0157565179,1957143.698931818,1567394.847501818,2211841.963721818,2016005.0436218178,2024252.3579578178,1781124.4081818182,2155371.1107418183,2020-12-14,22355661.81623315,22587536.548204865,23450263.69324205,21434474.4705357
2098413.760781818,1712032.1525818182,1870373.610756818,2041512.6157565177,1953843.698931818,1573994.847501818,2210131.963721818,2019125.0436218178,2019732.6079578178,1766424.408181818,2153691.1107418183,2020-12-15,22371655.88029185,22603677.081265353,23481637.44817505,21419275.8205357
2099013.760781818,1710832.1525818182,1871736.110756818,2068722.3157565182,1947518.6989318184,1568054.847501818,2212201.963721818,2020685.0436218178,2021348.6079578178,1762224.408181818,2156871.1107418183,2020-12-16,22561028.896492023,22795037.549646236,23580416.59271873,21439209.0205357
2095613.760781818,1710952.1525818182,1873261.110756818,2072794.5157565179,1947793.698931818,1584854.847501818,2211481.963721818,2021845.0436218178,2026095.6079578178,1756224.4081818182,2157471.1107418183,2020-12-17,22656663.506327547,22896650.075827613,23635422.149618268,21458388.2205357
2096213.760781818,1721632.1525818182,1873998.610756818,2067611.7157565176,1958656.198931818,1548134.847501818,2215801.963721818,2021885.0436218178,2030059.8579578178,1777224.4081818182,2157801.1107418183,2020-12-18,22689393.627107464,22929682.957171198,23662297.051209256,21469019.6705357
2086813.760781818,1659832.1525818182,1870398.610756818,2020411.2157565176,1931018.698931818,1473134.847501818,2214361.963721818,2016965.0436218178,2006552.1079578178,1685124.4081818182,2156781.1107418183,2020-12-21,21976833.340203635,22209620.180600114,22809206.755026355,21121393.9205357
2098613.760781818,1677712.1525818182,1872561.110756818,2053359.0157565179,1946143.698931818,1470734.847501818,2216611.963721818,2019125.0436218178,2007107.6079578178,1703724.4081818182,2158581.1107418183,2020-12-22,22204212.869450513,22439405.455124266,23234192.608475246,21224274.7205357
2099413.760781818,1684792.1525818182,1874348.610756818,2073534.9157565176,1955218.698931818,1488314.847501818,2217781.963721818,2022685.0436218178,2011475.8579578178,1737624.4081818182,2159001.1107418183,2020-12-23,22426480.89368894,22664010.252880096,23534411.706803806,21324191.370535698
2101013.760781818,1727512.1525818182,1875836.110756818,2104631.715756518,1968556.198931818,1485254.847501818,2218411.963721818,2024485.0436218178,2036347.1079578178,1761624.4081818184,2159511.1107418183,2020-12-24,22670761.36691537,22910864.082380153,23854045.026680075,21463184.420535702
2101013.760781818,1746112.1525818182,1876748.610756818,2121660.915756518,1970756.198931818,1502234.847501818,2219221.963721818,2025125.0436218178,2042053.6079578178,1810824.4081818182,2159931.1107418183,2020-12-28,22875139.12362422,23117425.314793263,24191287.07343314,21575682.620535698
2101013.760781818,1776232.1525818182,1876848.610756818,2125733.1157565177,1974193.698931818,1557374.847501818,2219311.963721818,2025885.0436218178,2036902.6079578178,1827324.408181818,2160081.1107418183,2020-12-29,22973082.155076467,23216418.234808337,24334068.294789303,21680901.3205357
2101013.760781818,1764352.1525818182,1877398.610756818,2124252.3157565175,1975843.698931818,1540754.847501818,2219671.963721818,2026365.0436218178,2040235.6079578178,1824324.408181818,2160261.1107418183,2020-12-30,23054454.01706583,23298671.51900742,24297202.070555434,21654473.520535696
2101213.760781818,1753312.1525818182,1877461.110756818,2107038.0157565176,1974803.492681818,1535834.847501818,2219761.963721818,2026445.0436218178,2035311.8579578178,1813524.4081818182,2160381.1107418183,2020-12-31,23054124.24254916,23298272.117170405,24158512.442969304,21605087.7642857
2101004.439181818,1761258.9069818181,1877340.681181818,2127033.596769318,1974684.1299818181,1542074.847501818,2219589.3426218177,2026340.4635418179,2036337.805957818,1840035.911981818,2160309.6806018185,2021-01-01,23114720.309988044,23359556.80492627,24345586.28107269,21666009.806303497
2108404.439181818,1763178.9069818181,1875915.681181818,2135548.196769318,1979496.6299818181,1539314.847501818,2235339.3426218177,2022540.4635418179,2038254.555957818,1849635.9119818183,2167479.6806018185,2021-01-04,23303351.333525702,23550153.710971687,24505981.018144272,21715108.6563035
2108004.439181818,1826658.9069818181,1866903.181181818,2128329.296769318,1981284.1299818181,1567874.847501818,2236059.3426218177,2021420.4635418179,2029555.805957818,1851435.9119818183,2168859.6806018185,2021-01-05,23413166.24757822,23661187.421661444,24630711.102860793,21786386.0063035
2104004.439181818,1812018.9069818181,1858028.181181818,2154798.5967693175,1988846.6299818181,1568714.847501818,2229129.3426218177,2025860.4635418179,2007121.555957818,1862835.9119818183,2168139.6806018185,2021-01-06,23325363.782513708,23572414.489828765,24522247.896779247,21779498.556303497
2131604.439181818,1840338.9069818181,1864803.181181818,2200148.096769318,1988021.6299818181,1604354.847501818,2220489.3426218177,2021100.4635418179,2005806.055957818,1876035.9119818183,2168739.6806018185,2021-01-07,23310688.816521704,23557624.874746412,24824991.331261385,21921442.556303497
2133004.439181818,1847898.9069818181,1864328.181181818,2195890.796769318,1990359.1299818181,1589654.847501818,2241999.3426218177,2027620.4635418179,2016793.805957818,1873635.9119818183,2170659.6806018185,2021-01-08,23656787.171771303,23907336.424390294,25023180.22161395,21951845.5063035
2134204.439181818,1841178.9069818181,1851415.681181818,2212919.996769318,1990084.1299818181,1576814.847501818,2253969.3426218177,2019420.4635418179,2001336.555957818,1862835.9119818183,2172189.6806018185,2021-01-11,23883507.15198483,24136487.354820374,25090510.07344758,21916369.9563035
2144004.439181818,1850058.9069818181,1860040.681181818,2226062.096769318,1990634.1299818181,1575074.847501818,2253429.3426218177,2006620.4635418179,2028385.555957818,1888035.9119818183,2172159.6806018185,2021-01-12,24013273.424296137,24267585.134263627,25344061.241302446,21994506.056303497
2148604.439181818,1861818.9069818181,1835228.181181818,2231615.096769318,1993384.1299818181,1593194.847501818,2256309.3426218177,1996900.4635418179,2020469.305957818,1912335.9119818183,2172129.6806018185,2021-01-13,24015581.84591286,24269946.303947147,25555665.710982826,22021990.306303497
2148604.439181818,1849938.9069818181,1834278.181181818,2241055.1967693176,1994759.1299818181,1625534.847501818,2256579.3426218177,2002260.4635418179,2031028.305957818,1920735.9119818183,2172549.6806018185,2021-01-14,24066284.67785152,24323654.10391261,25606697.017133467,22077324.4063035
2148404.439181818,1852098.9069818181,1837053.181181818,2251235.6967693176,1991459.1299818181,1620974.847501818,2255139.3426218177,1990100.4635418179,2021862.555957818,1920135.9119818185,2172459.6806018185,2021-01-15,23799332.206603736,24053834.66878428,25456455.02862198,22060924.1563035
2119604.439181818,1834338.9069818181,1817765.681181818,2246608.1967693185,1988846.6299818181,1581254.847501818,2255949.3426218177,1985460.4635418179,2042570.055957818,1906935.9119818183,2172759.6806018185,2021-01-18,23548044.024897978,23799862.088895105,24951441.88976769,21952094.1563035
2146204.439181818,1857978.9069818181,1863765.681181818,2253086.6967693176,1998196.6299818181,1589774.847501818,2259279.3426218177,2009260.4635418179,2057957.305957818,1918035.9119818185,2173089.6806018185,2021-01-19,23943526.11401954,24199534.109504238,25480688.223230306,22126629.9063035
2152204.439181818,1871778.9069818181,1868403.181181818,2255122.7967693177,1999984.1299818181,1599134.847501818,2260989.3426218177,2008220.4635418179,2075148.805957818,1927335.9119818183,2173329.6806018185,2021-01-20,24147244.32169504,24405414.009371843,25838022.58985293,22191652.5063035
2153004.439181818,1874538.9069818181,1893740.681181818,2259565.196769318,2000534.1299818181,1572914.847501818,2261619.3426218177,2001020.4635418179,2089697.305957818,1922235.9119818185,2173539.6806018185,2021-01-21,24057628.09678882,24316547.10063634,25689849.735132057,22202410.9063035
2153004.439181818,1821018.9069818181,1881190.681181818,2256973.796769318,1998609.1299818181,1533854.847501818,2261889.3426218177,1986900.4635418179,2071998.305957818,1891935.9119818183,2173749.6806018185,2021-01-22,23697431.8809514,23953032.693389785,25213379.09415745,22031125.5063035
2153604.439181818,1854498.9069818181,1879065.681181818,2258084.396769318,2001084.1299818181,1480874.847501818,2261619.3426218177,1967660.4635418179,2029455.305957818,1890435.9119818183,2173839.6806018185,2021-01-25,23478131.82736304,23731399.915185846,24853165.966180786,21950223.106303502
2155004.439181818,1799898.9069818181,1867528.181181818,2258639.6967693176,2000534.1299818181,1446074.847501818,2262879.3426218177,1941700.4635418179,2007275.305957818,1864335.911981818,2174079.6806018185,2021-01-27,23030627.80823612,23280827.654583197,24419396.968470506,21777950.9063035
2155404.439181818,1894218.9069818181,1856942.893681818,2262831.752971318,2002734.1299818181,1425014.847501818,2263239.3426218177,1906737.0515418178,1998308.055957818,1906035.9119818185,2174319.6806018185,2021-01-28,22783379.36435962,23030907.82862842,24346413.607096255,21845787.0130055
2155125.4719818183,1875354.861061818,1837902.329056818,2262552.8526857183,2002625.5640568181,1477214.847501818,2263037.224561818,1898741.6953018177,1980771.682857818,1904305.4235818184,2160703.9026018186,2021-01-29,22481718.125231873,22725999.767407168,24071838.158724576,21818335.8552499
2199725.4719818183,1948314.861061818,1893452.329056818,2305310.9526857184,2020638.0640568181,1626614.847501818,2280047.224561818,1955461.6953018177,2007788.432857818,1991605.4235818181,2174233.9026018186,2021-02-01,23547879.137639638,23803691.647685293,25466391.633641858,22403193.2052499
2209525.4719818183,1954434.861061818,1909389.829056818,2314195.7526857182,2022425.5640568181,1632624.669511818,2284187.224561818,1987381.6953018177,2016865.932857818,2032105.4235818186,2183533.9026018186,2021-02-02,24152438.27033266,24414835.193880226,26176232.343815446,22546670.327259902
2210925.4719818183,1979994.861061818,1916889.829056818,2316046.7526857182,2022975.5640568181,1706019.669511818,2288507.224561818,1985621.6953018177,2020815.182857818,2034205.4235818181,2183053.9026018186,2021-02-03,24386743.064429697,24651692.23034209,26471135.585023835,22665055.577259902
2219325.4719818183,1988274.861061818,1933714.829056818,2315306.3526857183,2023800.5640568181,1692099.669511818,2288327.224561818,2010781.6953018177,2019283.432857818,2044405.4235818181,2180923.9026018186,2021-02-04,24561028.896492023,24827887.176029313,26894774.109615285,22716243.427259903
2220925.4719818183,1961994.861061818,1942977.329056818,2303089.7526857182,2023388.0640568181,1684584.669511818,2288057.224561818,2032541.6953018177,2018930.682857818,2059705.4235818181,2181403.9026018186,2021-02-05,24608186.65237644,24875556.959988162,27016767.478639413,22717599.077259902
2229325.4719818183,1969314.861061818,1934002.329056818,2316972.2526857182,2024075.5640568181,1697439.669511818,2296787.224561818,2025021.6953018177,2031669.182857818,2064205.4235818181,2185033.9026018186,2021-02-08,24924028.195721176,25194784.751777634,27574858.035114568,22773847.577259902
2224725.4719818183,1976874.861061818,1933264.829056818,2318267.9526857184,2024213.0640568181,1688394.669511818,2299487.224561818,2024661.6953018177,2035042.682857818,2063905.4235818181,2184643.9026018186,2021-02-09,24913310.523929264,25186303.33629752,27525439.281893615,22773481.777259905
2227725.4719818183,1982514.861061818,1933689.829056818,2319933.8526857183,2024625.5640568181,1685874.669511818,2300207.224561818,2029181.6953018177,2043308.432857818,2058805.4235818181,2189653.9026018186,2021-02-10,24908693.680695824,25181627.985381894,27680507.1551551,22795520.927259903
2229725.4719818183,1996674.861061818,1941964.829056818,2323820.9526857184,2025313.0640568181,1685919.669511818,2302097.224561818,2032741.6953018177,2067215.432857818,2061205.4235818181,2190373.9026018186,2021-02-11,25018838.369265016,25298582.24094973,27898607.905563656,22857052.527259905
2228525.4719818183,2001594.861061818,1945564.829056818,2322340.152685718,2025588.0640568181,1693959.669511818,2307947.224561818,2031461.6953018177,2069019.932857818,2069605.4235818181,2190433.9026018186,2021-02-12,25002349.643431302,25281924.8349237,28438775.752563044,22886041.2272599
2229725.4719818183,2009274.861061818,1951064.829056818,2328263.3526857183,2026000.5640568181,1727904.669511818,2309387.224561818,2037661.6953018177,2066749.932857818,2049505.4235818181,2186983.9026018186,2021-02-15,25251988.952553693,25537859.182659384,29203984.87823928,22922521.927259903
2229725.4719818183,2004834.861061818,1951727.329056818,2328078.2526857182,2025725.5640568181,1730124.669511818,2305607.224561818,2040101.6953018177,2075709.432857818,2054905.4235818181,2182843.9026018186,2021-02-16,25249927.86182448,25535756.449458636,29201613.343507618,22929383.827259902
2229725.4719818183,2013834.861061818,1951852.329056818,2328818.652685718,2026138.0640568181,1702584.669511818,2306417.224561818,2038261.6953018177,2083353.182857818,2055805.4235818181,2177803.9026018186,2021-02-17,25077538.233233027,25368853.470038403,29185328.213455245,22914595.4772599
2229725.4719818183,2015514.861061818,1950114.829056818,2331780.2526857182,2026275.5640568181,1718769.669511818,2310557.224561818,2032981.6953018177,2081025.432857818,2058505.4235818181,2178043.9026018186,2021-02-18,24929222.144358795,25218831.09178842,29224439.930819258,22933294.327259902
2229725.4719818183,2008434.861061818,1953464.829056818,2333816.3526857183,2026550.5640568181,1744254.669511818,2311907.224561818,2049261.6953018177,2088338.432857818,2071405.4235818181,2185273.9026018186,2021-02-19,24702996.825920276,24989962.092066824,28780777.895661622,23002433.427259903
2229725.4719818183,2004594.861061818,1953327.329056818,2333075.9526857184,2026825.5640568181,1695894.669511818,2308757.224561818,2055221.6953018177,2071352.432857818,2063305.4235818181,2147113.9026018186,2021-02-22,24198359.371779546,24496395.398420956,28401761.62450449,22889194.527259905
2229725.4719818183,2006394.861061818,1955964.829056818,2334186.552685718,2027100.5640568181,1727139.669511818,2312627.224561818,2025501.6953018177,2077754.182857818,2074105.4235818181,2160913.9026018186,2021-02-23,24251288.181705758,24549997.474370737,28378318.2784568,22931414.377259906
2229725.4719818183,2018514.861061818,1951927.329056818,2335852.4526857184,2027375.5640568181,1753179.669511818,2314427.224561818,2042581.6953018177,2093441.932857818,2072005.4235818181,2146123.9026018186,2021-02-24,24703409.04406612,25007664.991136804,28863568.866151582,22985155.527259905
2229925.4719818183,2021880.208661818,1954853.5578068178,2337333.2526857182,2027513.0640568181,1801329.669511818,2315327.224561818,2045954.9129018178,2096808.2010819556,2070410.9935818182,2172464.5282018185,2021-02-25,24893606.496557977,25200188.423690174,29368688.54963223,23073801.08503404
2229592.5635818182,2021546.4809018178,1954603.0121568178,2337044.2414977183,2027215.789281818,1745062.3411618182,2315119.268561818,2045699.570581818,2096576.3470819555,2070208.6706818184,2111771.0777618187,2021-02-26,23956717.09468651,24251773.520363033,28380379.165329278,22954439.363251038
2252592.5635818182,2032706.4809018178,1961228.0121568178,2296137.141497718,2050590.789281818,1752322.3411618182,2329879.268561818,2073019.570581818,2109226.3470819555,2081308.6706818184,2132261.0777618187,2021-03-01,24339915.083061956,24639663.186780274,28660573.48496071,23071272.263251036
2273292.5635818182,2040386.4809018178,1969490.5121568178,2319829.9414977184,2057053.289281818,1760647.3411618182,2351209.268561818,2076339.570581818,2116076.3470819555,2083858.6706818184,2174891.0777618187,2021-03-02,24599694.958572075,24902622.308002252,29056781.600221608,23223075.06325104
2291492.5635818182,2066786.4809018178,1993865.5121568178,2334823.041497718,2080840.789281818,1785037.3411618182,2359399.268561818,2092579.570581818,2137476.3470819555,2098258.6706818184,2202041.0777618187,2021-03-03,25138051.85704275,25447676.5972843,30048404.147158552,23442600.663251035
2293392.5635818182,2050346.4809018178,1987765.5121568178,2321310.7414977183,2071353.289281818,1778917.3411618182,2353819.268561818,2090579.570581818,2133476.3470819555,2088508.6706818184,2197031.0777618187,2021-03-04,24866235.21167402,25172453.490243435,29804528.3991343,23366500.863251038
2292392.5635818182,2038826.4809018178,1984478.0121568178,2309094.141497718,2059390.789281818,1725952.3411618182,2350669.268561818,2092699.570581818,2133476.3470819555,2068858.6706818184,2177951.0777618187,2021-03-05,24631023.53765613,24934351.25981912,29462190.43726772,23233789.263251036
2297392.5635818182,2057906.4809018178,1975090.5121568178,2294841.4414977184,2060628.289281818,1704292.3411618182,2357779.268561818,2094699.570581818,2138826.3470819555,2082508.6706818184,2180951.0777618187,2021-03-08,24660868.131415144,24968558.852448042,29466983.48666399,23244916.56325104
2301192.5635818182,2069186.4809018178,1990678.0121568178,2290584.141497718,2084278.289281818,1713817.3411618182,2361739.268561818,2104539.570581818,2142876.3470819555,2085358.6706818184,2201051.0777618187,2021-03-09,24895337.81277052,25205979.75032686,29643767.09106338,23345301.763251036
2303992.5635818182,2083226.4809018178,2002103.0121568178,2306687.8414977184,2087303.289281818,1731877.3411618182,2364529.268561818,2105979.570581818,2143776.3470819555,2089258.6706818184,2214071.0777618187,2021-03-10,25021311.67814007,25333494.660349853,29760269.701570187,23432805.46325104
2303792.5635818182,2076146.4809018178,2004853.0121568178,2306317.641497718,2075753.289281818,1715152.3411618182,2365069.268561818,2106179.570581818,2140126.3470819555,2079658.6706818184,2210531.0777618187,2021-03-12,24784121.357022136,25093348.432289056,29513867.72391261,23383580.263251036
2310992.5635818182,2075306.4809018178,2001090.5121568178,2308538.8414977184,2072453.289281818,1734262.3411618182,2366239.268561818,2107059.570581818,2140326.3470819555,2091058.6706818184,2217011.0777618187,2021-03-15,24616843.233439136,24928066.554442585,29418503.360528875,23424338.96325104
2312192.5635818182,2073986.4809018178,2005115.5121568178,2330750.8414977184,2063240.789281818,1730827.3411618182,2366509.268561818,2107779.570581818,2141126.3470819555,2082358.6706818184,2238671.0777618187,2021-03-16,24585432.210725915,24896196.637271475,29413157.86635761,23452558.46325104
2309292.5635818182,2068946.4809018178,1999890.5121568178,2312055.7414977183,2057190.789281818,1701952.3411618182,2366509.268561818,2105219.570581818,2131576.3470819555,2063008.6706818184,2242001.0777618187,2021-03-17,24273547.961581267,24580375.50820947,28937795.05600658,23357643.363251038
2313092.5635818182,2060906.4809018178,2001415.5121568178,2326678.641497718,2040828.289281818,1695697.3411618182,2364169.268561818,2099539.570581818,2108276.3470819555,2063008.6706818184,2208731.0777618187,2021-03-18,24004039.73782926,24307525.31796498,28582926.088577002,23282343.763251036
2317292.5635818182,2074226.4809018178,2009715.5121568178,2338154.8414977184,2056090.789281818,1707022.3411618182,2366869.268561818,2100019.570581818,2141326.3470819555,2075908.6706818184,2218751.0777618187,2021-03-19,24310977.369223792,24618271.69427434,28977162.633074217,23405377.46325104
2319292.5635818182,2067146.4809018178,2009765.5121568178,2331121.041497718,2030378.289281818,1655197.3411618182,2367769.268561818,2101059.570581818,2143526.3470819555,2068858.6706818184,2260451.0777618187,2021-03-22,24298445.937590174,24607440.856223565,29670678.043382578,23354566.163251035
2319892.5635818182,2090906.4809018178,2013028.0121568178,2342227.041497718,2062965.789281818,1681792.3411618182,2369119.268561818,2102499.570581818,2151476.3470819555,2083708.6706818184,2268791.0777618187,2021-03-23,24427635.1044973,24741205.230284527,30375116.000660107,23486407.163251035
2319892.5635818182,2061266.4809018178,2006778.0121568178,2319274.641497718,2016490.789281818,1644397.3411618182,2368489.268561818,2096539.570581818,2147676.3470819555,2044408.6706818184,2264651.0777618187,2021-03-24,23990106.764499772,24298045.397892334,29665715.116016693,23289864.763251036
2320192.5635818182,2025581.9397018177,1975227.2734068178,2256236.9209627183,2027402.2617818178,1643407.3411618182,2369119.268561818,2082379.306581818,2106882.4730819557,2031934.6214318185,2234561.0777618187,2021-03-25,23619934.869532958,23924663.415848967,28975312.034940384,23072925.048016034
2319900.9645818183,2034034.8773818177,1990285.9293068177,2310655.414592918,2046512.7138068178,1637308.2245318182,2368988.1275618183,2088781.480181818,2109921.6302819555,2037809.1135318186,2235581.5011618184,2021-03-26,23920689.22873985,24229348.28192601,29165283.7545766,23179779.976921234
2319900.9645818183,2027194.8773818177,1992910.9293068177,2306953.414592918,2081987.7138068182,1647268.2245318182,2368988.1275618183,2096941.480181818,2144571.6302819555,2048609.1135318186,2290631.5011618184,2021-03-30,24477678.387402613,24793526.870933298,29818924.40485766,23325957.976921234
2348500.9645818183,2034874.8773818177,1986348.4293068177,2298994.114592918,2055312.713806818,1640158.2245318182,2378168.1275618183,2079141.480181818,2118971.6302819555,2053259.1135318186,2282051.5011618184,2021-03-31,24223092.460530113,24535630.755351104,29678789.77426087,23275781.176921237
2378500.9645818183,2065114.8773818174,2009935.9293068177,2314912.7145929183,2083087.7138068182,1685518.2245318182,2386538.1275618183,2110061.480181818,2136821.6302819555,2067959.1135318186,2276591.5011618184,2021-04-01,24514365.802382622,24830682.98888841,30619681.437368143,23515042.276921235
2380400.9645818183,2021554.8773818177,1953585.9293068177,2336014.114592918,2038262.713806818,1620628.2245318182,2390408.1275618183,2085741.480181818,2118921.6302819555,2034509.1135318186,2300951.5011618184,2021-04-05,24135867.10086978,24447633.132966746,30468311.07535572,23280978.676921237
2390100.9645818183,2006554.8773818177,1961835.9293068177,2345454.2145929188,2024787.713806818,1608733.2245318182,2390138.1275618183,2091741.480181818,2112321.6302819555,2027609.1135318186,2311271.5011618184,2021-04-06,24211220.57792984,24523942.378062032,31133491.242542878,23270548.776921235
2384500.9645818183,2031274.8773818177,1980635.9293068177,2369887.4145929185,2054625.213806818,1630738.2245318182,2394368.1275618183,2107701.480181818,2129171.6302819555,2048159.1135318186,2311601.5011618184,2021-04-07,24434725.256605797,24750367.97831013,30971850.59829586,23442664.476921234
2384900.9645818183,2020594.8773818177,1971485.9293068177,2376180.8145929184,2054350.2138068182,1618183.2245318182,2394368.1275618183,2102501.480181818,2133271.6302819555,2043059.1135318186,2325941.5011618184,2021-04-08,24525001.030545365,24844662.05318388,30935889.369211312,23424837.876921237
2389100.9645818183,1995754.8773818177,1940585.9293068177,2381178.514592918,2031387.7138068182,1599508.2245318182,2394638.1275618183,2114141.480181818,2116021.6302819555,2037659.1135318186,2328161.5011618184,2021-04-09,24460777.44342306,24779559.553750675,31079439.549270317,23328138.076921236
2360400.9645818183,1925674.8773818177,1856210.9293068177,2333237.6145929187,1964700.2138068178,1509178.2245318182,2390498.1275618183,2080901.480181818,2055221.6302819555,1976159.1135318186,2317241.5011618184,2021-04-12,23596685.766107425,23904188.198145606,29173744.463474177,22769424.676921237
2376400.9645818183,1984834.8773818177,1909960.9293068177,2370627.814592918,2021487.713806818,1549138.2245318182,2391308.1275618183,2104261.480181818,2077521.6302819555,2011409.1135318186,2274821.5011618184,2021-04-13,23916567.04728142,24228255.80043065,29696887.292717095,23071772.376921237
2386000.9645818183,2002954.8773818177,1894335.9293068177,2379882.8145929184,2057100.2138068182,1527538.2245318182,2392298.1275618183,2103301.480181818,2090621.6302819555,2017109.1135318186,2322641.5011618184,2021-04-15,24042953.130796816,24356322.824757747,29942996.369304076,23173784.876921237
2391800.9645818183,2005114.8773818177,1884298.4293068177,2386916.614592918,2038950.2138068182,1533373.2245318182,2392928.1275618183,2099821.480181818,2080871.6302819555,2010659.1135318184,2318051.5011618184,2021-04-16,24102972.092831526,24417090.639548067,30059188.1962442,23142786.176921237
2390100.9645818183,1958674.8773818177,1851035.9293068177,2355079.4145929185,2023412.713806818,1496818.2245318182,2395448.1275618183,2056021.480181818,2053671.6302819555,1986959.1135318184,2308061.5011618184,2021-04-19,23676903.41728843,23985442.977752145,29485151.630790114,22875283.976921234
2393400.9645818183,1968034.8773818177,1884760.9293068177,2370072.5145929186,2022037.713806818,1512418.2245318182,2395988.1275618183,2055541.480181818,2054371.6302819555,1982759.1135318186,2305061.5011618184,2021-04-20,23572942.00090688,23880177.09947338,29575869.268997572,22944447.076921236
2395500.9645818183,1983994.8773818177,1903448.4293068177,2375255.3145929184,2072225.2138068182,1501348.2245318182,2397698.1275618183,2085821.480181818,2059871.6302819555,2004209.1135318184,2295281.5011618184,2021-04-22,23753905.76693186,24063526.036888286,29867831.143375415,23074654.876921237
2396200.9645818183,2013994.8773818177,1898785.9293068177,2354153.9145929185,2048575.2138068182,1518373.2245318182,2398238.1275618183,2085221.480181818,2058871.6302819555,2004509.1135318186,2293841.5011618184,2021-04-23,23647058.82352941,23955229.403493356,29793680.96403615,23070765.976921234
2397100.9645818183,2076874.8773818177,1915823.4293068177,2373589.4145929185,2108250.2138068182,1530013.2245318182,2399588.1275618183,2105621.480181818,2092421.6302819555,2028209.1135318186,2290421.5011618184,2021-04-26,23883919.370130673,24195199.424861357,30251959.253601126,23317913.976921234
2398100.9645818183,2073154.8773818177,1947623.4293068177,2395061.014592918,2130112.7138068182,1557493.2245318182,2399678.1275618183,2098981.480181818,2142771.6302819555,2054159.1135318186,2309291.5011618184,2021-04-27,24161012.40776619,24475896.686491877,30666510.115226485,23506428.076921236
2398400.9645818183,2103994.8773818174,2048610.9293068177,2426342.9145929185,2171087.7138068182,1610833.2245318182,2399948.1275618183,2147261.480181818,2151521.6302819555,2085359.1135318186,2305931.5011618184,2021-04-28,24509748.95914918,24829179.35844318,31140125.628784593,23849292.47692123
2398400.9645818183,2132794.8773818174,2081246.706806818,2420909.7707949183,2165195.6041818177,1625893.2245318182,2400488.1275618183,2143541.480181818,2179521.6302819555,2074259.1135318186,2301551.5011618184,2021-04-29,24559792.242054496,24887785.704468485,31230919.58331372,23923803.000998233
2398029.4779818184,2121865.1702618175,2081046.6883568182,2420793.2768791183,2165019.441056818,1620456.7196118182,2400394.4722818183,2098496.974421818,2149848.6828819555,2056456.1380318184,2253724.4750818186,2021-04-30,24124819.654561196,24447069.271549787,30723208.940124586,23766131.516847435
2441829.4779818184,2103025.1702618175,2095821.6883568182,2434120.4768791185,2165019.441056818,1595781.7196118182,2402824.4722818183,2087136.9744218178,2127098.6828819555,2049106.1380318184,2256334.4750818186,2021-05-03,24129848.715940475,24452120.53007672,31439942.337579116,23758098.716847435
2446529.4779818184,2100025.1702618175,2101952.938356818,2433565.1768791187,2159794.441056818,1592496.7196118182,2397424.4722818183,2094736.9744218178,2090898.6828819555,2052406.1380318184,2265244.4750818186,2021-05-04,23902881.40483944,24222100.313295502,31387915.27417832,23735074.666847438
2463429.4779818184,2135665.1702618175,2099740.438356818,2439118.1768791187,2174506.941056818,1617966.7196118182,2404624.4722818183,2122976.974421818,2095598.6828819555,2062906.1380318184,2291044.4750818186,2021-05-05,24102972.092831526,24424878.975369833,31659898.842311256,23907577.666847438
2474129.4779818184,2134345.1702618175,2101315.438356818,2439858.5768791186,2179731.941056818,1605846.7196118182,2410924.4722818183,2136016.974421818,2106698.6828819555,2065906.1380318184,2300644.4750818186,2021-05-06,24279319.015623067,24603634.79165908,31911049.971269824,23955418.066847436
2479329.4779818184,2138305.1702618175,2099271.688356818,2442449.9768791185,2182344.441056818,1612341.7196118182,2411734.4722818183,2131416.974421818,2108298.6828819555,2072206.1380318184,2313274.4750818186,2021-05-07,24441485.63419762,24767918.164913017,32033329.57782691,23990973.216847435
2484429.4779818184,2137945.1702618175,2104765.438356818,2443745.6768791187,2190319.441056818,1635246.7196118182,2409934.4722818183,2154136.974421818,2104348.6828819555,2080906.1380318184,2321044.4750818186,2021-05-10,24638031.246135455,24967078.71622852,32161687.740864825,24066822.666847438
2484729.4779818184,2124025.1702618175,2101596.688356818,2443930.7768791183,2189769.441056818,1639656.7196118182,2408764.4722818183,2115976.974421818,2112098.6828819555,2088406.1380318184,2310454.4750818186,2021-05-11,24486994.51749866,24814049.07708808,32011290.868476428,24019409.016847435
2482129.4779818184,2089945.1702618178,2096740.4383568182,2442079.7768791183,2177806.941056818,1601241.7196118182,2407864.4722818183,2088856.974421818,2092798.6828819555,2092606.1380318184,2292244.4750818186,2021-05-12,24232655.921513665,24556317.421085835,31596906.529432952,23864314.266847435
2475029.4779818184,2076625.1702618178,2097771.688356818,2441154.2768791183,2184406.941056818,1570281.7196118182,2407324.4722818183,2079976.974421818,2117498.6828819555,2078956.1380318184,2272324.4750818186,2021-05-14,24201822.004204623,24525105.342234515,30943659.859071728,23801350.016847435
2491029.4779818184,2132785.1702618175,2112396.688356818,2435786.3768791184,2202419.441056818,1648911.7196118182,2413894.4722818183,2109896.974421818,2140798.6828819555,2117356.1380318184,2283934.4750818186,2021-05-17,24606372.89253473,24935044.339477465,31973846.737739895,24089209.616847437
2495129.4779818184,2138905.1702618175,2125071.688356818,2436711.8768791184,2205719.441056818,1670901.7196118182,2417314.4722818183,2118856.974421818,2168198.6828819555,2119906.1380318184,2295244.4750818186,2021-05-18,24911331.876829218,25244028.648858827,32472110.839395773,24191960.116847437
2493929.4779818184,2150065.1702618175,2125596.688356818,2435971.4768791185,2205306.941056818,1662201.7196118182,2416774.4722818183,2099736.974421818,2177148.6828819555,2124256.1380318184,2288824.4750818186,2021-05-19,24782802.258955438,25113811.90287957,32126491.97341863,24179812.216847435
2495129.4779818184,2127745.1702618175,2125877.938356818,2432454.5768791186,2205306.941056818,1672491.7196118182,2418034.4722818183,2082296.974421818,2166548.6828819555,2123356.1380318184,2279614.4750818186,2021-05-20,24578177.171359085,24906475.361018147,32048346.41715356,24128856.566847436
2497229.4779818184,2183905.1702618175,2129515.438356818,2443375.4768791185,2208469.441056818,1721001.7196118182,2419474.4722818183,2121936.974421818,2184798.6828819555,2146756.1380318184,2292424.4750818186,2021-05-21,25022136.114431757,25356354.541962452,32633298.432157718,24348887.466847435
2498229.4779818184,2208265.1702618175,2130152.938356818,2445041.3768791184,2209019.441056818,1707546.7196118182,2419834.4722818183,2122056.974421818,2169098.6828819555,2159656.1380318184,2293204.4750818186,2021-05-24,25059070.86029927,25393769.09640033,32593931.59555522,24362105.866847437
2497929.4779818184,2189665.1702618175,2131034.188356818,2445966.8768791184,2209019.441056818,1694661.7196118182,2420464.4722818183,2117496.974421818,2146898.6828819555,2159206.1380318184,2321914.4750818186,2021-05-25,25076796.24057051,25419624.491790533,32418502.892813955,24334257.616847437
2499929.4779818184,2200465.1702618175,2132046.688356818,2447447.6768791187,2209431.941056818,1700256.7196118182,2420824.4722818183,2109576.974421818,2154248.6828819555,2157256.1380318184,2348914.4750818186,2021-05-26,25230141.390824024,25575050.541953053,32940452.258278742,24380398.416847438
2499929.4779818184,2238025.1702618175,2132721.688356818,2448002.9768791185,2209706.941056818,1710516.7196118182,2420914.4722818183,2139096.974421818,2160548.6828819555,2157997.679031818,2362054.4750818186,2021-05-27,25290160.352858733,25635888.839420494,33098843.450767357,24479515.257847436
2499755.8326818184,2212717.585861818,2132525.894731818,2447928.8223671187,2209587.578356818,1725475.1449018181,2420817.1298818183,2157789.7997018183,2278959.9857819555,2157798.940831818,2340149.804661819,2021-05-28,25451420.091512427,25799373.409000404,32991803.51983569,24583506.519760437
2508155.8326818184,2237917.585861818,2139069.644731818,2452001.022367119,2221137.578356818,1719205.1449018181,2421447.1298818183,2164509.7997018183,2310459.9857819555,2168148.940831818,2350559.804661819,2021-05-31,25694051.692155488,26082807.747925755,33356722.90027918,24692612.46976044
2528255.8326818184,2229997.585861818,2156132.144731818,2452926.522367119,2218937.578356818,1716430.1449018181,2423607.1298818183,2159549.7997018183,2311309.9857819555,2180073.940831818,2347709.804661819,2021-06-01,25680943.155117687,26069486.52195007,34160023.09569973,24724930.46976044
2538105.8326818184,2214277.585861818,2160200.894731818,2452556.3223671187,2220037.578356818,1737700.1449018181,2422347.1298818183,2152229.7997018183,2316759.9857819555,2186598.940831818,2336279.804661819,2021-06-02,25683169.13310524,26071753.714730762,35190160.84481335,24737094.019760437
2539105.8326818184,2243797.585861818,2167100.894731818,2454037.1223671185,2223200.078356818,1711270.1449018181,2426937.1298818183,2172149.7997018183,2318859.9857819555,2193798.940831818,2343509.804661819,2021-06-03,25871387.93849705,26268729.303055543,35647336.04133794,24793767.319760438
2540605.8326818184,2225797.585861818,2171807.144731818,2453481.8223671187,2218800.078356818,1715575.1449018181,2425947.1298818183,2171789.7997018183,2316709.9857819555,2191548.940831818,2344919.804661819,2021-06-04,25838245.59957129,26235097.318956435,36499057.41181019,24776983.269760437
2540305.8326818184,2246677.585861818,2163107.144731818,2454592.4223671188,2223750.078356818,1734655.1449018181,2429097.1298818183,2175429.7997018183,2324209.9857819555,2190648.940831818,2365469.804661819,2021-06-07,25972463.827857703,26371375.575168017,35953062.32707812,24847943.86976044
2541655.8326818184,2239477.585861818,2166332.144731818,2457368.9223671188,2221550.078356818,1728910.1449018181,2435307.1298818183,2162629.7997018183,2312959.9857819555,2190423.940831818,2375729.804661819,2021-06-08,25953419.349519767,26352028.080298565,36057572.317081794,24832345.36976044
2538805.8326818184,2219557.585861818,2157913.394731818,2456813.6223671185,2214537.578356818,1709305.1449018181,2435937.1298818183,2156869.7997018183,2313759.9857819555,2182773.940831818,2376119.804661819,2021-06-09,25780699.94641164,26176702.42096249,35514426.03063608,24762393.819760438
2540055.8326818184,2236837.585861818,2172650.894731818,2458109.3223671187,2220312.578356818,1734040.1449018181,2437647.1298818183,2168909.7997018183,2322009.9857819555,2193573.940831818,2385899.804661819,2021-06-10,25949544.498948842,26371023.161782414,36027268.16743207,24870047.019760437
2542055.8326818184,2225077.585861818,2174057.144731818,2457183.8223671187,2219625.078356818,1722940.1449018181,2439267.1298818183,2166469.7997018183,2331859.9857819555,2194023.940831818,2414699.804661819,2021-06-11,26051115.050084505,26482996.641500432,36024597.32904437,24887260.269760437
2515955.8326818184,2221357.585861818,2175313.394731818,2458294.4223671188,2221000.078356818,1734070.1449018181,2439177.1298818183,2148589.7997018183,2332409.9857819555,2196048.940831818,2415299.804661819,2021-06-14,26071725.957376644,26509838.794370316,35322262.607682765,24857517.11976044
2531655.8326818184,2253757.585861818,2175688.394731818,2459034.8223671187,2227737.578356818,1746160.1449018181,2439987.1298818183,2151669.7997018183,2337809.9857819555,2196723.940831818,2410169.804661819,2021-06-15,26166371.243662145,26606094.63709057,35719954.55017184,24930395.019760437
2516655.8326818184,2252917.585861818,2176344.644731818,2459405.022367119,2226225.078356818,1721485.1449018181,2440077.1298818183,2145229.7997018183,2335609.9857819555,2194473.940831818,2416559.804661819,2021-06-16,25998680.901933305,26435585.294024363,34852740.75066124,24884983.96976044
2501005.8326818184,2229397.585861818,2176644.644731818,2459034.8223671187,2224575.078356818,1686805.1449018181,2440437.1298818183,2150709.7997018183,2341859.9857819555,2194023.940831818,2434739.804661819,2021-06-17,25873119.254709594,26315471.065098975,34132636.251875594,24839233.769760437
2532055.8326818184,2226757.585861818,2179363.394731818,2461441.1223671185,2226500.078356818,1701145.1449018181,2441337.1298818183,2147989.7997018183,2345059.9857819555,2194698.940831818,2431709.804661819,2021-06-18,25859845.830413453,26301914.896866225,35089642.12177005,24888058.819760438
2539805.8326818184,2235037.585861818,2181369.644731818,2461811.3223671187,2230350.078356818,1715995.1449018181,2441607.1298818183,2157669.7997018183,2343959.9857819555,2201898.940831818,2424479.804661819,2021-06-21,25963972.134053342,26407862.107690483,35583282.38837728,24933985.269760437
2541905.8326818184,2235517.585861818,2182082.144731818,2461996.4223671188,2233237.578356818,1707415.1449018181,2442057.1298818183,2146669.7997018183,2347659.9857819555,2204598.940831818,2441759.804661819,2021-06-22,26007255.039366834,26451843.298213385,35543766.96140075,24944900.36976044
2542805.8326818184,2219077.585861818,2182532.144731818,2462366.6223671185,2233375.078356818,1706890.1449018181,2442147.1298818183,2130869.7997018183,2343709.9857819555,2207523.940831818,2421869.804661819,2021-06-23,25865781.771713592,26307952.91287284,35106657.47519675,24893168.069760438
2543705.8326818184,2235637.585861818,2182963.394731818,2462736.8223671187,2237637.578356818,1708300.1449018181,2442417.1298818183,2131989.7997018183,2346624.537781955,2209098.940831818,2473907.1111618187,2021-06-24,26036440.0840925,26482996.641500432,35330434.94628793,24975018.878260434
2543488.6588818184,2288769.0334618175,2182833.2779318183,2462666.459443519,2237578.302056818,1696811.8802618182,2442338.837601818,2129591.029461818,2346472.912781955,2209029.2518318184,2473816.323641819,2021-06-25,26151696.27767014,26600232.827776756,35620936.187810004,25013395.967356835
2548388.6588818184,2294529.0334618175,2180152.0279318183,2463036.6594435186,2238540.802056818,1719416.8802618182,2444798.837601818,2129271.029461818,2346172.912781955,2207904.2518318184,2470996.323641819,2021-06-28,26076425.244239252,26523641.651972987,35561837.47278385,25043207.417356838
2548638.6588818184,2277969.0334618175,2183170.7779318183,2462481.359443519,2236753.302056818,1730111.8802618182,2443838.837601818,2111591.029461818,2348022.912781955,2205654.2518318184,2472136.323641819,2021-06-29,25967187.435590915,26423485.767785423,35405276.72128695,25020368.367356833
2547888.6588818184,2271249.0334618175,2178464.5279318183,2461926.059443519,2232628.302056818,1728356.8802618182,2447438.837601818,2112191.029461818,2356222.912781955,2204079.2518318184,2471686.323641819,2021-06-30,25922750.319469064,26378964.21007127,35284074.14535756,25012131.817356836
2544238.6588818184,2269329.0334618175,2174470.7779318183,2461555.859443519,2232903.302056818,1718291.8802618182,2445278.837601818,2121111.029461818,2353822.912781955,2205879.2518318184,2471926.323641819,2021-07-01,25854322.10725916,26309303.830850974,35060182.78368294,24998807.867356833
2508688.6588818184,2279409.0334618175,2179645.7779318183,2462851.559443519,2238403.302056818,1721306.8802618182,2447078.837601818,2120711.029461818,2365372.912781955,2209704.2518318184,2472226.323641819,2021-07-02,25923904.530277424,26380091.932905193,34656988.13135432,25005398.567356836
2499888.6588818184,2297889.0334618175,2189602.0279318183,2463591.959443519,2242253.302056818,1734566.8802618182,2449778.837601818,2133471.029461818,2373272.912781955,2215104.2518318184,2470606.323641819,2021-07-05,26108825.590502493,26570759.32162773,34646086.11030097,25070025.217356835
2514538.6588818184,2295129.0334618175,2199408.2779318183,2464517.459443519,2242803.302056818,1746491.8802618182,2445698.837601818,2150791.029461818,2368672.912781955,2213979.2518318184,2459536.323641819,2021-07-06,26082278.74191022,26543693.973613635,34777078.57179584,25101566.967356835
2525938.6588818184,2303289.0334618175,2198077.0279318183,2465813.1594435186,2243490.802056818,1762121.8802618182,2446478.837601818,2155791.029461818,2366372.912781955,2216004.2518318184,2463316.323641819,2021-07-07,26183519.518529207,26646751.394675974,34940495.209814705,25146693.917356838
2524538.6588818184,2288649.0334618175,2192639.5279318183,2464702.559443519,2241428.302056818,1762826.8802618182,2446178.837601818,2135551.029461818,2360622.912781955,2210604.2518318184,2463256.323641819,2021-07-08,25933303.10400264,26400238.231448665,34710228.08874848,25090998.317356836
2532838.6588818184,2277129.0334618175,2194552.0279318183,2469885.359443519,2241428.302056818,1756991.8802618182,2448218.837601818,2127511.029461818,2357672.912781955,2211729.2518318184,2462236.323641819,2021-07-09,25870481.0585762,26337449.913247574,34682666.88079344,25080193.617356833
2530088.6588818184,2291529.0334618175,2197964.5279318183,2469330.059443519,2243765.802056818,1768256.8802618182,2446058.837601818,2137871.029461818,2363872.912781955,2214879.2518318184,2461036.323641819,2021-07-12,25875097.901809637,26342183.99972747,34638845.08797963,25124653.317356836
2534638.6588818184,2320929.0334618175,2200027.0279318183,2469515.1594435186,2245828.302056818,1776086.8802618182,2447678.837601818,2149831.029461818,2370222.912781955,2216679.2518318184,2462266.323641819,2021-07-13,26072550.393668327,26543177.100648094,34769447.58182417,25193703.417356838
2523088.6588818184,2322729.0334618175,2200495.7779318183,2469885.359443519,2245828.302056818,1772756.8802618182,2451638.837601818,2151191.029461818,2367222.912781955,2217579.2518318184,2469496.323641819,2021-07-14,26141143.493136566,26615175.155326203,34721817.38790879,25191912.367356833
2533988.6588818184,2330409.0334618175,2201227.0279318183,2469515.1594435186,2246240.802056818,1775756.8802618182,2454398.837601818,2151951.029461818,2367872.912781955,2217579.2518318184,2470246.323641819,2021-07-15,26256976.79211839,26739177.67860604,34780115.99131275,25219185.917356838
2528738.6588818184,2328369.0334618175,2202220.7779318183,2473217.1594435186,2246378.302056818,1763876.8802618182,2454578.837601818,2152111.029461818,2374772.912781955,2218029.2518318184,2469526.323641819,2021-07-16,26255657.69405169,26737838.507740762,34652738.36899455,25211819.167356838
2518838.6588818184,2300289.0334618175,2194627.0279318183,2473587.359443519,2246240.802056818,1730186.8802618182,2454458.837601818,2132991.029461818,2371772.912781955,2218704.2518318184,2467246.323641819,2021-07-19,25973700.48229523,26450633.34558949,34286631.81113278,25108943.117356833
2500188.6588818184,2281929.0334618175,2189208.2779318183,2471736.359443519,2244728.302056818,1689656.8802618182,2455598.837601818,2118151.029461818,2372722.912781955,2217804.2518318184,2475886.323641819,2021-07-20,25775341.110515684,26248700.475640602,33939614.48510437,25017610.867356833
2551838.6588818184,2284809.0334618175,2211164.5279318183,2474512.859443519,2246653.302056818,1703141.8802618182,2457098.837601818,2122311.029461818,2377222.912781955,2220279.2518318184,2481076.323641819,2021-07-22,26091842.20289377,26573672.605615355,34733600.464813024,25130108.617356833
2549988.6588818184,2304369.0334618175,2212064.5279318183,2475253.2594435187,2247065.802056818,1699991.8802618182,2457458.837601818,2134951.029461818,2375422.912781955,2220954.2518318184,2482846.323641819,2021-07-23,26144606.125561647,26634640.12132418,34740069.70692359,25160366.51735683
2558238.6588818184,2307249.0334618175,2212720.7779318183,2475623.459443519,2247615.802056818,1690571.8802618182,2457818.837601818,2148711.029461818,2379922.912781955,2221404.2518318184,2480656.323641819,2021-07-26,26092501.75192712,26581590.159678508,34695334.96036617,25180532.967356835
2546688.6588818184,2253249.0334618175,2213208.2779318183,2475623.459443519,2247753.302056818,1684106.8802618182,2457818.837601818,2115551.029461818,2378522.912781955,2221854.2518318184,2476396.323641819,2021-07-27,25963889.690424174,26453088.492175836,34537081.92769415,25070772.967356835
2558488.6588818184,2232969.0334618175,2213320.7779318183,2475993.6594435186,2247890.802056818,1704536.8802618182,2458238.837601818,2079911.029461818,2375972.912781955,2222079.2518318184,2483536.323641819,2021-07-28,25902798.961210273,26399227.97974328,34627024.99293749,25052938.167356838
2558918.3948818184,2219529.0334618175,2214033.2779318183,2476363.859443519,2248028.302056818,1703696.8802618182,2458358.837601818,2071071.029461818,2383972.912781955,2222529.2518318184,2488957.171641819,2021-07-29,26016653.61309205,26520681.379533947,34808082.02546352,25045458.95135684
2578727.1674818182,2199415.0428218176,2213899.107006818,2476252.4209789187,2247948.371056818,1690404.830611818,2458302.053521818,2081529.056101818,2383896.0543819554,2222349.717381818,2471901.0392418187,2021-07-30,25991260.97530813,26494743.754353773,34717186.45547725,25024624.860587236
2590877.1674818182,2227615.0428218176,2215236.607006818,2479584.2209789185,2250285.871056818,1699119.830611818,2462502.053521818,2089849.056101818,2392946.0543819554,2229099.717381818,2501511.0392418187,2021-08-02,26192588.317737747,26701680.89437818,35063148.56169313,25138626.660587233
2597127.1674818182,2262655.0428218176,2224624.107006818,2486803.1209789184,2253310.871056818,1738989.830611818,2464242.053521818,2103169.056101818,2394846.0543819554,2242824.717381818,2535531.0392418187,2021-08-03,26597551.424213693,27114521.428495914,35550345.63800682,25304123.06058723
2596377.1674818182,2287255.0428218176,2228336.607006818,2488654.1209789184,2258260.871056818,1737189.830611818,2464842.053521818,2136329.056101818,2395696.0543819554,2252949.717381818,2531541.0392418187,2021-08-04,26808689.558514364,27329740.283081926,35683515.0745638,25377431.56058723
2599577.1674818182,2281615.0428218176,2222336.607006818,2494947.5209789188,2257573.371056818,1710894.830611818,2464782.053521818,2144409.056101818,2396896.0543819554,2245524.717381818,2534751.0392418187,2021-08-05,26867719.19699905,27393715.059681207,35656868.6464919,25353307.460587237
2644327.1674818182,2269495.0428218176,2221624.107006818,2496243.2209789185,2257573.371056818,1748334.830611818,2464782.053521818,2147889.056101818,2393946.0543819554,2242824.717381818,2548431.0392418187,2021-08-06,26774722.78329692,27298915.85895477,36434944.47138318,25435470.660587233
2635427.1674818182,2296735.0428218176,2219849.107006818,2496983.6209789184,2259223.371056818,1763934.830611818,2465562.053521818,2149649.056101818,2394646.0543819554,2242824.717381818,2555811.0392418187,2021-08-09,26807782.678593513,27334497.863787528,36142535.44591662,25480646.06058723
2614327.1674818182,2305855.0428218176,2218174.107006818,2498094.2209789185,2259498.371056818,1753074.830611818,2465142.053521818,2155569.056101818,2395546.0543819554,2236524.717381818,2560791.0392418187,2021-08-10,26843810.54454017,27371195.84434136,35896904.388082564,25462596.660587233
2609927.1674818182,2306215.0428218176,2219949.107006818,2497724.0209789188,2258810.871056818,1762374.830611818,2465622.053521818,2148689.056101818,2397146.0543819554,2241474.717381818,2567541.0392418187,2021-08-11,26847355.62059442,27375342.575178586,35820060.39221309,25475473.960587237
2616927.1674818182,2301175.0428218176,2224811.607006818,2498834.6209789184,2260323.371056818,1755849.830611818,2466402.053521818,2153729.056101818,2397496.0543819554,2242149.717381818,2569851.0392418187,2021-08-12,26982810.503318354,27516484.13611145,35925824.88340492,25487549.56058723
2615527.1674818182,2308735.0428218176,2221299.107006818,2499760.1209789184,2261423.371056818,1736244.830611818,2466762.053521818,2153969.056101818,2398196.0543819554,2249799.717381818,2596191.0392418187,2021-08-13,27254379.81779958,27793410.57451605,36128597.70979226,25507907.56058723
2614577.1674818182,2313175.0428218176,2238474.107006818,2500500.5209789188,2261423.371056818,1737174.830611818,2467002.053521818,2153289.056101818,2398546.0543819554,2242374.717381818,2600151.0392418187,2021-08-16,27310359.04200503,27850501.542983275,36126130.50019674,25526687.960587237
2626627.1674818182,2310415.0428218176,2240561.607006818,2500870.7209789185,2261835.871056818,1720929.830611818,2467122.053521818,2156249.056101818,2398696.0543819554,2239674.717381818,2608461.0392418187,2021-08-17,27395358.42367781,27939391.945944488,36292995.216927715,25531443.160587233
2637227.1674818182,2307415.0428218176,2242461.607006818,2501055.8209789186,2261010.871056818,1708539.830611818,2467482.053521818,2147249.056101818,2398846.0543819554,2236524.717381818,2598441.0392418187,2021-08-18,27319922.50298858,27862471.850980826,36358137.39396037,25506253.260587234
2621677.1674818182,2284615.0428218176,2244136.607006818,2501240.9209789187,2261148.371056818,1696569.830611818,2467542.053521818,2126409.056101818,2398996.0543819554,2196474.717381818,2601171.0392418187,2021-08-20,27124778.432746608,27663381.782342445,35904119.250770815,25399980.860587236
2599677.1674818182,2277415.0428218176,2245161.607006818,2501426.0209789188,2262798.371056818,1707954.830611818,2467662.053521818,2138089.056101818,2398796.0543819554,2215599.717381818,2605341.0392418187,2021-08-23,27200544.127952512,27741523.577042855,35850484.67452796,25419920.960587237
2636877.1674818182,2301535.0428218176,2245486.607006818,2501611.1209789184,2263348.371056818,1727694.830611818,2467782.053521818,2129849.056101818,2399346.0543819554,2244849.717381818,2605611.0392418187,2021-08-24,27411847.14951152,27957071.35078876,36344058.508744635,25523991.06058723
2668027.1674818182,2286055.0428218176,2246036.607006818,2501796.2209789185,2263760.871056818,1728339.830611818,2468022.053521818,2126089.056101818,2399296.0543819554,2243949.717381818,2605821.0392418187,2021-08-25,27428418.3189744,27973904.963507596,36645479.027100906,25537193.660587233
2683277.1674818182,2304055.0428218176,2246286.607006818,2501981.3209789186,2264448.371056818,1723479.830611818,2468022.053521818,2127649.056101818,2399496.0543819554,2224411.7458818182,2603899.6374418186,2021-08-26,27432128.282286987,27977722.77518493,36582789.92620142,25547006.887287233
2713422.1133818184,2318495.316661818,2246170.487606818,2501981.3209789186,2264376.889706818,1709887.780961818,2467945.809641818,2140415.202021818,2399414.9284819555,2231949.0404818184,2603835.2742818184,2021-08-27,27544746.279731233,28092609.53889058,36888153.736892894,25597894.164207235
2724772.1133818184,2365175.316661818,2257120.487606818,2501981.3209789186,2270701.889706818,1727317.780961818,2466505.809641818,2156335.202021818,2406714.9284819555,2268174.0404818184,2604585.2742818184,2021-08-30,27917144.1526856,28472417.19166472,37389389.037080064,25749384.164207235
2762222.1133818184,2370815.316661818,2264082.987606818,2501981.3209789186,2271939.389706818,1712977.780961818,2469865.809641818,2167295.202021818,2406664.9284819555,2279649.0404818184,2609085.2742818184,2021-08-31,28248814.872830704,28810628.317825187,38376607.19756265,25816579.164207235
2750772.1133818184,2379695.316661818,2263870.487606818,2501981.3209789186,2272489.389706818,1719922.780961818,2461465.809641818,2162735.202021818,2407214.9284819555,2289549.0404818184,2606715.2742818184,2021-09-01,28156560.45179109,28716545.6909828,38149647.60070343,25816411.664207235
2753622.1133818184,2383895.316661818,2264445.487606818,2501981.3209789186,2273589.389706818,1733452.780961818,2464525.809641818,2176535.202021818,2408314.9284819555,2287749.0404818184,2610075.2742818184,2021-09-02,28416917.432705387,28984955.47256873,38421681.45172369,25858186.664207235
2754272.1133818184,2384375.316661818,2265432.987606818,2501981.3209789186,2273864.389706818,1725787.780961818,2468125.809641818,2183775.202021818,2411264.9284819555,2294949.0404818184,2611095.2742818184,2021-09-03,28564409.085287936,29135388.99976858,38512507.29246567,25874924.164207235
2756422.1133818184,2386655.316661818,2265132.987606818,2501981.3209789186,2274139.389706818,1712077.780961818,2474605.809641818,2176615.202021818,2411264.9284819555,2295399.0404818184,2611665.2742818184,2021-09-06,28653777.97930665,29226570.089736197,38700251.37294492,25865959.164207235
2747672.1133818184,2373815.316661818,2265182.987606818,2501981.3209789186,2274139.389706818,1723012.780961818,2470825.809641818,2174335.202021818,2411614.9284819555,2290224.0404818184,2611455.2742818184,2021-09-07,28627890.679747723,29200115.59159048,38430600.72538643,25844259.164207235
2747472.1133818184,2386055.316661818,2266107.987606818,2501981.3209789186,2274414.389706818,1720897.780961818,2468365.809641818,2189255.202021818,2411664.9284819555,2295174.0404818184,2610645.2742818184,2021-09-08,28613710.37553073,29198036.35261544,38425807.86832929,25872034.164207235
2743472.1133818184,2382455.316661818,2266645.487606818,2501981.3209789186,2274964.389706818,1720597.780961818,2468785.809641818,2195335.202021818,2411864.9284819555,2302149.0404818184,2611215.2742818184,2021-09-09,28639680.118718825,29224573.08055113,38392689.22329003,25879466.664207235
2740722.1133818184,2382695.316661818,2267382.987606818,2501981.3209789186,2273451.889706818,1717117.780961818,2469805.809641818,2202655.202021818,2412414.9284819555,2307549.0404818184,2611755.2742818184,2021-09-13,28616678.3461808,29201114.096183013,38281242.532026485,25887531.664207235
2728972.1133818184,2391695.316661818,2267182.987606818,2501981.3209789186,2274414.389706818,1764082.780961818,2468905.809641818,2215735.202021818,2413164.9284819555,2309799.0404818184,2613255.2742818184,2021-09-14,28657405.498990066,29242687.128570974,38244494.09388768,25949189.164207235
2731022.1133818184,2384255.316661818,2268320.487606818,2501981.3209789186,2275101.889706818,1784272.780961818,2476165.809641818,2217255.202021818,2413414.9284819555,2328924.0404818184,2613345.2742818184,2021-09-15,28887340.78074117,29477288.719365,38623829.66582517,25994059.164207235
2720622.1133818184,2390855.316661818,2268532.987606818,2501981.3209789186,2275651.889706818,1862812.780961818,2474785.809641818,2221175.202021818,2413664.9284819555,2338824.0404818184,2614395.2742818184,2021-09-16,29068799.20854116,29662481.95349788,38823863.742731296,26083301.664207235
2707122.1133818184,2404415.316661818,2266695.487606818,2501981.3209789186,2275651.889706818,1867297.780961818,2473285.809641818,2227375.202021818,2413614.9284819555,2343999.0404818184,2611965.2742818184,2021-09-17,28995671.70946865,29587852.54554062,38594618.61337377,26093404.164207235
2663172.1133818184,2393015.316661818,2267082.987606818,2501981.3209789186,2273864.389706818,1825312.780961818,2470765.809641818,2230655.202021818,2413314.9284819555,2321724.0404818184,2614425.2742818184,2021-09-20,28685271.44564904,29271126.88878891,37876628.942621626,25975314.164207235
2689822.1133818184,2396975.316661818,2269820.487606818,2501981.3209789186,2275376.889706818,1875277.780961818,2478865.809641818,2219095.202021818,2414314.9284819555,2328024.0404818184,2615235.2742818184,2021-09-21,28957500.309163608,29548875.625093244,38421310.45598316,26064789.164207235
2687422.1133818184,2388335.316661818,2270220.487606818,2501981.3209789186,2274414.389706818,1881022.780961818,2479765.809641818,2225935.202021818,2414714.9284819555,2328699.0404818184,2613795.2742818184,2021-09-22,28932190.115008865,29523020.229703046,38342906.19209163,26066306.664207235
2719272.1133818184,2413295.316661818,2271057.987606818,2501981.3209789186,2276751.889706818,1911352.780961818,2481565.809641818,2222135.202021818,2415314.9284819555,2348949.0404818184,2613975.2742818184,2021-09-23,29387773.609794304,29987935.715099618,39062561.26703331,26175651.664207235
2709172.1133818184,2405255.316661818,2272232.987606818,2501981.3209789186,2277301.889706818,1908487.780961818,2482105.809641818,2226695.202021818,2415614.9284819555,2342874.0404818184,2615685.2742818184,2021-09-24,29437652.00544128,30038824.20798029,38938144.01289275,26157406.664207235
2764122.1133818184,2407415.316661818,2272757.987606818,2501855.9878757186,2277851.889706818,1897987.780961818,2481445.809641818,2222135.202021818,2415714.9284819555,2349624.0404818184,2615775.2742818184,2021-09-27,29440784.863349684,30042054.664014958,39438594.948188886,26206686.331104036
2738872.1133818184,2404295.316661818,2272957.987606818,2487899.5878757183,2277989.389706818,1882537.780961818,2481025.809641818,2229735.2020218177,2415714.9284819555,2356824.0404818184,2615775.2742818184,2021-09-28,29265179.933220662,29862875.95166298,38737051.9958014,26163627.431104034
2743222.1133818184,2399255.316661818,2273007.987606818,2482052.9878757186,2277989.389706818,1870702.780961818,2481625.809641818,2224775.202021818,2416114.9284819555,2360199.0404818184,2615445.2742818184,2021-09-29,29203676.985860918,29800064.139236186,38687235.02776486,26144390.831104036
2728622.1133818184,2368895.316661818,2273270.487606818,2475357.6878757183,2278401.889706818,1858402.780961818,2483365.809641818,2222774.938021818,2416264.9284819555,2357465.912856818,2615775.2742818184,2021-09-30,29050084.504719898,29643334.159546938,38374929.04423551,26078597.139479034
2719034.6413818183,2372585.9449018175,2273051.478781818,2472151.4878757186,2278257.178056818,1848893.734581818,2483202.099081818,2222671.313861818,2416146.7606819556,2357309.4229068183,2615609.0032218182,2021-10-01,28908116.575291645,29498468.76383957,38081888.84120621,26058913.065334037
2764184.6413818183,2397905.9449018175,2294676.478781818,2482335.8878757185,2289807.178056818,1866668.734581818,2491902.099081818,2227991.313861818,2427196.7606819556,2374184.4229068183,2627909.0032218182,2021-10-04,29170617.090564325,29766385.16668566,38952451.4930416,26244762.465334035
2767634.6413818183,2406785.9449018175,2297701.478781818,2499781.3878757185,2289669.678056818,1905698.734581818,2498982.099081818,2228351.313861818,2435696.7606819556,2377559.4229068183,2639849.0032218182,2021-10-05,29386701.842615113,29986831.48649141,39254719.858679496,26347710.465334035
2740884.6413818183,2401505.9449018175,2295338.978781818,2497989.6878757183,2280182.178056818,1878068.734581818,2494242.099081818,2219511.313861818,2430896.7606819556,2368784.4229068183,2633579.0032218182,2021-10-06,29096005.606166784,29690216.886944614,38568839.77441286,26240983.765334036
2773034.6413818183,2396945.9449018175,2300926.478781818,2499404.1878757183,2292144.678056818,1907603.734581818,2503482.099081818,2219231.313861818,2435346.7606819556,2371934.4229068183,2644469.0032218182,2021-10-07,29334020.363576405,29933123.68652594,39115421.60138556,26344523.265334036
2786534.6413818183,2408465.9449018175,2304238.978781818,2504590.6878757183,2294619.678056818,1918103.734581818,2511342.099081818,2218311.313861818,2439496.7606819556,2374859.4229068183,2648909.0032218182,2021-10-08,29506904.653942868,30109471.344680265,39575738.464513384,26409472.265334036
2781834.6413818183,2419625.9449018175,2312626.478781818,2502704.6878757183,2303694.678056818,1917488.734581818,2503242.099081818,2227591.313861818,2439646.7606819556,2381159.4229068183,2630249.0032218182,2021-10-11,29590584.93754895,30194896.34934974,39373325.236012615,26419863.765334036
2792234.6413818183,2436305.9449018175,2314576.478781818,2498838.3878757185,2301494.678056818,1922153.734581818,2496762.099081818,2231191.313861818,2439846.7606819556,2385659.4229068183,2626829.0032218182,2021-10-12,29666433.076384023,30272321.57016609,39587053.31671787,26445892.465334035
2802184.6413818183,2433665.9449018175,2317626.478781818,2501195.8878757185,2302594.678056818,1926803.734581818,2499222.099081818,2236231.313861818,2439596.7606819556,2386559.4229068183,2627159.0032218182,2021-10-13,29946411.641040437,30557987.86053358,39850990.03113517,26472839.965334035
2832534.6413818183,2442545.9449018175,2316251.478781818,2499026.9878757186,2306994.678056818,1942733.734581818,2509602.099081818,2236911.313861818,2439696.7606819556,2388134.4229068183,2620949.0032218182,2021-10-14,30237932.313780453,30858291.05351633,40574834.22845939,26535381.065334037
2829834.6413818183,2456945.9449018175,2317163.978781818,2494594.8878757185,2309332.178056818,1953443.734581818,2521422.099081818,2238551.313861818,2440696.7606819556,2389709.4229068183,2634599.0032218182,2021-10-18,30466301.166577354,31091330.27830085,40669769.71115009,26586293.965334035
2813534.6413818183,2440865.9449018175,2307413.978781818,2495066.3878757185,2309744.678056818,1936133.734581818,2522442.099081818,2241391.313861818,2440546.7606819556,2389484.4229068183,2632379.0032218182,2021-10-19,30370171.894966815,30993241.885975476,40258554.7989571,26529002.965334035
2825784.6413818183,2442785.9449018175,2310963.978781818,2516849.6878757183,2310157.178056818,1940333.734581818,2522022.099081818,2239111.313861818,2440046.7606819556,2391059.4229068183,2625959.0032218182,2021-10-20,30119295.9314069,30737237.05556267,40480535.7291742,26565073.765334036
2834934.6413818183,2449985.9449018175,2313601.478781818,2513077.6878757183,2311119.678056818,1931813.734581818,2521302.099081818,2242831.313861818,2439196.7606819556,2392409.4229068183,2609609.0032218182,2021-10-21,29973370.707778558,30592524.372322395,40369725.153026134,26559881.765334036
2819434.6413818183,2464145.9449018175,2316288.978781818,2518075.5878757183,2312769.678056818,1948373.734581818,2522262.099081818,2244671.313861818,2438696.7606819556,2393984.4229068183,2599259.0032218182,2021-10-22,29869161.9605095,30486119.02409685,39928241.63222468,26577962.165334035
2821134.6413818183,2489465.9449018175,2303576.478781818,2519018.5878757183,2313457.178056818,1934633.734581818,2522322.099081818,2245111.313861818,2441796.7606819556,2395559.4229068183,2596199.0032218182,2021-10-25,29886475.1226349,30503774.934715424,40069765.76969054,26582275.165334035
2832084.6413818183,2485145.9449018175,2319376.478781818,2525148.0878757183,2313594.678056818,1913468.734581818,2523222.099081818,2245311.313861818,2442996.7606819556,2395784.4229068183,2592329.0032218182,2021-10-26,30122263.90205697,30772795.566169728,40369515.92484382,26588462.165334035
2852984.6413818183,2450945.9449018175,2327551.478781818,2530240.2878757184,2313732.178056818,1904543.734581818,2523942.099081818,2245711.313861818,2443496.7606819556,2396009.4229068183,2596409.0032218182,2021-10-27,30027536.172142297,30675964.11491966,40318870.23016517,26585566.865334038
2706884.6413818183,2385905.9449018175,2330288.978781818,2531654.7878757184,2313732.178056818,1954403.734581818,2524242.099081818,2246111.313861818,2443846.7606819556,2396234.4229068183,2548120.4072218183,2021-10-28,29444329.939403933,30080820.136430975,38456739.204936296,26381425.269334037
2731743.4139818186,2346549.757221818,2330108.7615318177,2512265.2117957184,2313620.326156818,1911354.2273118182,2524080.488131818,2245971.637861818,2443723.0451319558,2395994.9727568184,2533681.6309418185,2021-10-29,29138299.187930252,29768158.980726518,38271251.43073684,26289093.472824037
2750093.4139818186,2370069.757221818,2343546.2615318177,2541121.0117957187,2320770.326156818,1995309.2273118182,2546280.488131818,2262411.637861818,2449010.5451319558,2420969.9727568184,2573671.6309418185,2021-11-01,29563708.31444,30202766.914961476,38978641.840800524,26573254.272824038
2771343.4139818186,2378829.757221818,2346496.2615318177,2543761.4117957186,2321870.326156818,1985574.2273118182,2546505.488131818,2263971.637861818,2439373.0451319558,2425469.9727568184,2579971.6309418185,2021-11-02,29496599.200296797,30137817.127995364,39181659.45788995,26603167.172824036
2781593.4139818186,2370669.757221818,2351946.2615318177,2534142.8117957185,2312382.826156818,1955349.2273118182,2549505.488131818,2253771.637861818,2435698.0451319558,2441894.9727568184,2584861.6309418185,2021-11-03,29398079.06344037,30037203.106406525,39126505.95671011,26571816.07282404
2786993.4139818186,2377989.757221818,2353421.2615318177,2537726.2117957184,2309907.826156818,1968414.2273118182,2551830.488131818,2258811.637861818,2441848.0451319558,2444819.9727568184,2595061.6309418185,2021-11-04,29542520.301743682,30184793.83229587,39258475.6810805,26626824.472824037
2816643.4139818186,2374269.757221818,2364283.7615318177,2549796.611795719,2313070.326156818,1826844.2273118182,2558580.488131818,2271411.637861818,2448298.0451319558,2447519.9727568184,2592511.6309418185,2021-11-08,29792736.71627025,30440399.26087166,39861653.20160536,26563229.87282404
2821643.4139818186,2363349.757221818,2362896.2615318177,2553757.2117957184,2319945.326156818,1837074.2273118182,2559480.488131818,2270371.637861818,2451523.0451319558,2450894.9727568184,2595631.6309418185,2021-11-09,29752669.11249433,30399507.56102919,40429323.9564221,26586567.972824037
2824093.4139818186,2374989.757221818,2362871.2615318177,2562810.0117957187,2316095.326156818,1795659.2273118182,2560230.488131818,2267131.637861818,2459698.0451319558,2450444.9727568184,2587051.6309418185,2021-11-10,29708067.109114144,30353917.016045384,40572613.87077053,26561075.772824038
2826093.4139818186,2351949.757221818,2357333.7615318177,2562055.611795719,2311695.326156818,1797699.2273118182,2560680.488131818,2264171.637861818,2461160.5451319558,2447969.9727568184,2591131.6309418185,2021-11-11,29471289.00614205,30118798.552285813,40389957.54776034,26531941.37282404
2826643.4139818186,2350629.757221818,2368083.7615318177,2566016.2117957184,2321595.326156818,1803774.2273118182,2562330.488131818,2270731.637861818,2468623.0451319558,2452919.9727568184,2610241.6309418185,2021-11-12,29849128.158621542,30504926.15177505,41051072.345864,26601589.472824037
2822343.4139818186,2346909.757221818,2369108.7615318177,2567147.8117957185,2320632.826156818,1810014.2273118182,2562930.488131818,2274891.637861818,2469598.0451319558,2452919.9727568184,2626741.6309418185,2021-11-15,29860175.60493013,30516191.633001402,41363454.945403636,26623238.57282404
2828993.4139818186,2332029.757221818,2370108.7615318177,2566959.2117957184,2314857.826156818,1785744.2273118182,2562780.488131818,2274811.637861818,2462698.0451319558,2447519.9727568184,2631931.6309418185,2021-11-16,29678387.402613465,30330446.284564417,40828177.219908,26578434.972824037
2833043.4139818186,2300349.757221818,2371783.7615318177,2566204.8117957185,2313620.326156818,1801779.2273118182,2562780.488131818,2270131.637861818,2451973.0451319558,2452244.9727568184,2619751.6309418185,2021-11-17,29512593.264355496,30160947.19320359,40624586.6636441,26543663.07282404
2834943.4139818186,2286309.757221818,2370946.2615318177,2566204.8117957185,2318295.326156818,1771569.2273118182,2562480.488131818,2271611.637861818,2460598.0451319558,2455619.9727568184,2597641.6309418185,2021-11-18,29291891.669071272,29935437.867758054,40322808.32100871,26496220.57282404
2836743.4139818186,2239149.757221818,2345246.2615318177,2569222.4117957186,2301382.826156818,1770114.2273118182,2562780.488131818,2243211.637861818,2403448.0451319558,2443244.9727568184,2589091.6309418185,2021-11-22,28717671.79191228,29356352.19253988,39687532.9470205,26303635.672824036
2836193.4139818186,2237829.757221818,2357483.7615318177,2569222.4117957186,2305920.326156818,1739724.2273118182,2562780.488131818,2255731.637861818,2414023.0451319558,2455394.9727568184,2594041.6309418185,2021-11-23,28860793.932148892,29502662.483128212,40034530.36670314,26328345.672824036
2837093.4139818186,2236989.757221818,2370783.7615318177,2569222.4117957186,2324620.326156818,1726899.2273118182,2562930.488131818,2273411.637861818,2393285.5451319558,2457194.9727568184,2582671.6309418185,2021-11-24,28715198.483037222,29353897.04595353,40319640.70761889,26335103.172824036
2835681.575981818,2224629.757221818,2375983.7615318177,2569222.4117957186,2312661.9846568173,1713579.2273118182,2564505.488131818,2279971.637861818,2473048.0451319558,2459219.9727568184,2584591.6309418185,2021-11-25,28915041.840141803,29558167.591360234,40571066.407324806,26393095.493324038
2835180.442731818,2180993.718181818,2375743.415206818,2569059.7336293184,2233247.8396318182,1644547.9458118181,2564371.018481818,2279818.442421818,2472858.8661319558,2458959.0144068184,2585085.694321818,2021-11-26,28074446.597139206,28698819.297687113,39020230.34682165,26199866.13095764
2838630.442731818,2158913.718181818,2388843.415206818,2572077.3336293185,2224997.839631818,1637017.9458118181,2567971.018481818,2291378.442421818,2482558.8661319558,2450859.0144068184,2611245.694321818,2021-11-29,28119790.59318191,28745173.40500639,39102344.99402606,26224493.730957635
2841630.442731818,2168873.718181818,2399318.415206818,2566796.5336293187,2216335.339631818,1620412.9458118181,2574796.018481818,2278018.442421818,2470258.8661319558,2441859.0144068184,2622495.694321818,2021-11-30,28003132.857908405,28625987.197996415,38986877.0803359,26200795.430957638
2866980.442731818,2219513.718181818,2405693.415206818,2561987.2336293184,2249472.8396318182,1682857.9458118181,2578846.018481818,2275978.442421818,2492708.8661319558,2475384.0144068184,2642925.694321818,2021-12-01,28306030.75147368,28935558.863020442,39595704.093680866,26452348.63095764
2900505.442731818,2213633.718181818,2416293.415206818,2571040.0336293187,2236547.839631818,1697272.9458118181,2586421.018481818,2281938.442421818,2496958.8661319558,2481009.0144068184,2668515.694321818,2021-12-02,28693103.59042005,29331260.35948515,40160386.00804781,26550136.430957638
2890155.442731818,2207633.718181818,2409830.915206818,2556895.0336293187,2221835.3396318173,1697872.9458118181,2584396.018481818,2260618.442421818,2474908.8661319558,2476284.0144068184,2667225.694321818,2021-12-03,28355167.15445814,28985801.264694177,39651739.14630298,26447656.430957638
2847780.442731818,2187593.718181818,2400730.915206818,2532754.2336293184,2205747.8396318173,1659637.9458118181,2573821.018481818,2253178.442421818,2463258.8661319558,2465259.0144068184,2630505.694321818,2021-12-06,27886145.348118223,28506378.09492372,38624369.36107291,26220268.13095764
2882655.442731818,2238713.718181818,2416168.415206818,2540298.2336293184,2270510.339631818,1672567.9458118181,2582971.018481818,2276778.442421818,2477108.8661319558,2490909.0144068184,2652495.694321818,2021-12-07,28322189.70279072,28952145.786369357,39335032.273696996,26501177.13095764
2909430.442731818,2259593.718181818,2428143.415206818,2561138.5336293187,2319185.339631818,1694047.9458118181,2590171.018481818,2272658.442421818,2492058.8661319558,2511159.0144068184,2665875.694321818,2021-12-08,28805391.813347623,29446041.39917512,40151568.145082876,26703462.430957638
2914380.442731818,2254793.718181818,2430418.415206818,2559629.7336293184,2323310.339631818,1695817.9458118181,2591296.018481818,2272578.442421818,2503308.8661319558,2510934.0144068184,2656575.694321818,2021-12-09,28883053.712024402,29525463.629176542,40259637.63600674,26713043.63095764
2926155.442731818,2244713.718181818,2431668.415206818,2558120.9336293186,2331697.839631818,1694467.9458118181,2591671.018481818,2264178.442421818,2505908.8661319558,2514759.0144068184,2669625.694321818,2021-12-10,28873902.469186693,29516077.68600673,40424061.57569015,26732967.330957636
2920305.442731818,2267033.718181818,2425643.415206818,2548879.5336293187,2321385.339631818,1689277.9458118181,2590996.018481818,2254018.442421818,2492208.8661319558,2512734.0144068184,2659005.694321818,2021-12-13,28638031.246135455,29275003.43603051,39970229.00035609,26681488.430957638
2920905.442731818,2283233.718181818,2418505.915206818,2532094.1336293183,2334585.339631818,1697647.9458118181,2591896.018481818,2232178.442421818,2480808.8661319558,2513184.0144068184,2667105.694321818,2021-12-14,28566552.61964632,29201901.152744185,39873979.99298905,26672145.53095764
2907405.442731818,2282273.718181818,2398893.415206818,2523512.8336293185,2319322.839631818,1689277.9458118181,2590321.018481818,2249578.442421818,2480658.8661319558,2510934.0144068184,2647035.694321818,2021-12-15,28395894.307267405,29027468.27398496,39451532.92971094,26599214.230957635
2917530.442731818,2280353.718181818,2418155.915206818,2519080.7336293184,2292510.339631818,1677562.9458118181,2593021.018481818,2235298.442421818,2495108.8661319558,2510034.0144068184,2653185.694321818,2021-12-16,28440413.867018428,29072941.34784023,39608858.13672101,26591842.13095764
2876130.442731818,2247233.718181818,2408043.415206818,2490224.9336293186,2260610.3396318173,1623427.9458118181,2594071.018481818,2202538.442421818,2469358.8661319558,2490909.0144068184,2654775.694321818,2021-12-17,28006430.603075147,28629323.378046762,38780903.981687866,26317323.830957636
2827155.442731818,2218553.718181818,2377343.415206818,2474099.6336293183,2212485.3396318182,1579912.9458118181,2593471.018481818,2159778.442421818,2429108.8661319558,2441409.0144068184,2647215.694321818,2021-12-20,27394698.874644462,28003954.07818643,37741312.87131243,25960533.53095764
2835705.442731818,2201993.718181818,2373968.415206818,2489753.4336293186,2241360.339631818,1593232.9458118181,2595271.018481818,2155258.442421818,2463208.8661319558,2439159.0144068184,2668545.694321818,2021-12-21,27652994.764829546,28267993.933790922,38109799.395667315,26057457.330957636
2910630.442731818,2212673.718181818,2405130.915206818,2522664.1336293183,2276147.8396318173,1610692.9458118181,2595796.018481818,2174338.442421818,2493358.8661319558,2472459.0144068184,2678115.694321818,2021-12-22,27957376.643719856,28588502.16088141,38824001.497705996,26352008.03095764
2928705.442731818,2234873.718181818,2421418.415206818,2513422.7336293184,2272297.8396318173,1609957.9458118181,2595796.018481818,2185778.442421818,2494258.8661319558,2491134.0144068184,2685975.694321818,2021-12-23,28150542.066861782,28786006.36928459,39171444.8094644,26433619.13095764
2949555.442731818,2209073.718181818,2418955.915206818,2508990.6336293183,2261572.839631818,1598017.9458118181,2596396.018481818,2166698.442421818,2501058.8661319558,2478309.0144068184,2689095.694321818,2021-12-24,28037017.18949668,28669956.64140646,39225222.85900858,26377724.53095764
2967855.442731818,2220713.718181818,2426293.415206818,2504747.1336293183,2286185.339631818,1590847.9458118181,2596396.018481818,2184938.442421818,2503558.8661319558,2487984.0144068184,2698515.694321818,2021-12-27,28173049.1776248,28809042.457589988,39578824.81670739,26468036.03095764
2971380.442731818,2228993.718181818,2431730.915206818,2516628.9336293186,2285772.8396318173,1587817.9458118181,2596546.018481818,2186058.442421818,2515108.8661319558,2502609.0144068184,2702955.694321818,2021-12-28,28415433.447380353,29056859.550344016,39881242.525295876,26525602.830957636
2971605.442731818,2217233.718181818,2436980.915206818,2516628.9336293186,2285772.8396318182,1608637.9458118181,2596771.018481818,2181778.442421818,2519108.8661319558,2482134.0144068184,2705505.694321818,2021-12-29,28383033.10111711,29023709.197871894,39564489.254185155,26522157.830957636
2975055.442731818,2213393.718181818,2439230.915206818,2512816.8773363186,2285910.3396318182,1627117.9458118181,2596846.018481818,2168341.7712218184,2517982.4001319557,2466435.5745318187,2702024.626121818,2021-12-30,28367121.48068758,29007439.44657002,39376802.98361557,26505155.629389644
2974891.7833818183,2236571.0499418178,2439122.114569318,2521161.6525863186,2298045.3762318175,1630390.5050618183,2596746.422841818,2200948.190261818,2526906.3801319557,2505651.0119818184,2701924.211121818,2021-12-31,28614617.255451586,29260542.74010805,39681276.17099692,26632358.698112138
2979166.7833818183,2269571.0499418178,2451197.114569318,2535781.6525863186,2350020.3762318175,1659325.5050618183,2600226.422841818,2218828.190261818,2556856.3801319557,2540301.0119818184,2710999.211121818,2022-01-03,29062533.49272435,29718586.164485425,40259117.00281379,26872273.698112138
2980141.7833818183,2289731.0499418178,2455340.864569318,2545908.052586319,2362395.3762318175,1650160.5050618183,2600286.422841818,2237068.190261818,2595256.3801319557,2568201.0119818184,2715724.211121818,2022-01-04,29358588.565068636,30021321.00982881,40624525.904813424,27000213.848112136
2976691.7833818183,2306891.0499418178,2457515.864569318,2550479.8525863187,2384945.3762318175,1649350.5050618183,2581386.422841818,2267268.190261818,2599356.3801319557,2582151.0119818184,2714336.711121818,2022-01-05,29556453.275073167,30223653.281614717,40833580.722548656,27070373.14811214
2968816.7833818183,2308691.0499418178,2457778.364569318,2566199.252586318,2378345.3762318175,1670380.5050618183,2566086.422841818,2254748.190261818,2562806.3801319557,2575851.0119818184,2710174.211121818,2022-01-06,29260727.977245558,29921282.59676978,40699568.55922097,27019877.54811214
2974291.7833818183,2309651.0499418178,2458434.614569318,2558061.552586319,2391820.3762318175,1670770.5050618183,2563626.422841818,2261788.190261818,2581306.3801319557,2576076.0119818184,2713774.211121818,2022-01-07,29370872.66581475,30033913.914807588,40627986.125328794,27059601.098112136
2992816.7833818183,2318891.0499418178,2459353.364569318,2558058.052586319,2407907.8762318175,1669810.5050618183,2580906.422841818,2278028.190261818,2582306.3801319557,2587776.0119818184,2715049.211121818,2022-01-10,29685147.780205283,30355267.934023518,41394116.27701191,27150903.848112136
3000691.7833818183,2320211.0499418178,2459747.114569318,2557081.552586319,2411620.3762318175,1666375.5050618183,2586786.422841818,2274348.190261818,2596606.3801319557,2581476.0119818184,2717524.211121818,2022-01-11,29771631.1472031,30443688.452470597,42138446.87266858,27172468.598112136
2999116.7833818183,2326451.0499418178,2460440.864569318,2597509.552586319,2418082.8762318175,1694605.5050618183,2592606.422841818,2281228.190261818,2632256.3801319557,2599476.0119818184,2714149.211121818,2022-01-12,30029844.59375902,30707751.802300792,42391174.0007327,27315922.848112136
3003466.7833818183,2319491.0499418178,2461003.364569318,2600907.1525863186,2419045.3762318175,1677715.5050618183,2608146.422841818,2272308.190261818,2640106.3801319557,2590251.0119818184,2719811.711121818,2022-01-13,30104785.852673236,30784331.230991706,42627058.342536025,27312252.948112138
3008716.7833818183,2306291.0499418178,2460759.614569318,2585673.9525863184,2417257.8762318175,1669435.5050618183,2613726.422841818,2278428.190261818,2636106.3801319557,2595876.0119818184,2722586.711121818,2022-01-14,30101405.663877323,30780924.568264235,42788875.10325439,27294858.498112135
3011266.7833818183,2298731.0499418178,2461959.614569318,2598624.4525863184,2414507.8762318175,1670200.5050618183,2615106.422841818,2279868.190261818,2648406.3801319557,2599476.0119818184,2723261.711121818,2022-01-17,30187724.143616803,30869145.385792807,42976201.17235485,27321408.998112135
3012241.7833818183,2312771.0499418178,2461228.364569318,2578493.9525863184,2421520.3762318175,1644910.5050618183,2615346.422841818,2287308.190261818,2642106.3801319557,2599026.0119818184,2723261.711121818,2022-01-18,29866111.546230264,30540308.455689304,42463443.444732,27298214.748112135
3012916.7833818183,2314091.0499418178,2462165.864569318,2561875.552586319,2409007.8762318175,1637275.5050618183,2612526.422841818,2278588.190261818,2642156.3801319557,2605776.0119818184,2724086.711121818,2022-01-19,29578135.9495445,30248592.40220235,42199206.27968381,27260466.348112136
3013366.7833818183,2316131.0499418178,2462559.614569318,2582041.752586318,2412307.8762318175,1618105.5050618183,2604726.422841818,2274348.190261818,2619106.3801319557,2614776.0119818184,2723111.711121818,2022-01-20,29279030.46292098,29946903.049902916,42067670.46520786,27240581.29811214
3012616.7833818183,2308691.0499418178,2462465.864569318,2548123.8525863187,2413270.3762318175,1590655.5050618183,2582886.422841818,2279388.190261818,2626756.3801319557,2611176.0119818184,2723899.211121818,2022-01-21,29048435.632136527,29711643.620789103,41411408.204040155,27159929.64811214
3011041.7833818183,2297651.0499418178,2457890.864569318,2538128.752586318,2416707.8762318175,1587055.5050618183,2538666.422841818,2239468.190261818,2559906.3801319557,2605776.0119818184,2722924.211121818,2022-01-24,28276680.819489673,28922237.637044758,39877633.65410209,26975217.04811214
3014341.7833818183,2340491.0499418178,2462315.864569318,2578908.9525863184,2429220.3762318175,1626745.5050618183,2522646.422841818,2260588.190261818,2560556.3801319557,2611176.0119818184,2723824.211121818,2022-01-25,28489138.051857043,29139594.46617008,40452456.79120648,27130814.748112135
3015916.7833818183,2333416.3975418177,2464078.364569318,2572513.3525863187,2428479.870481818,1631455.5050618183,2471057.826841818,2290108.190261818,2526856.3801319557,2608705.8013568185,2724424.211121818,2022-01-27,28212457.23236737,28856559.529081743,39859813.676511884,27067012.683337137
3015666.0670318184,2333267.0257818177,2463842.947206818,2588562.511126318,2428322.484356818,1649963.1481518182,2480083.5570418183,2297241.698341818,2524469.6060319557,2608444.8430068186,2724332.7578718183,2022-01-28,28198936.477183726,28842733.17725336,39944916.49357087,27114196.645949636
3031191.0670318184,2344787.0257818177,2484186.697206818,2616066.011126318,2440284.984356818,1612763.1481518182,2532763.5570418183,2273521.698341818,2566669.6060319557,2631844.8430068186,2733257.7578718183,2022-01-31,28591203.264767714,29243991.058097698,40473924.745274216,27267336.395949636
3052791.0670318184,2354147.0257818177,2497180.447206818,2608933.511126318,2455959.984356818,1672148.1481518182,2570203.5570418183,2294081.698341818,2564919.6060319557,2632519.8430068186,2739407.7578718183,2022-02-01,28981986.06702667,29643710.067158245,40995844.33095476,27442292.645949636
3063291.0670318184,2362427.0257818177,2513417.947206818,2612848.011126318,2460222.484356818,1732163.1481518182,2585323.5570418183,2333721.698341818,2570169.6060319557,2647144.8430068186,2741357.7578718183,2022-02-02,29316954.532338515,29986326.360638715,41693926.950488314,27622087.145949636
3060741.0670318184,2361827.0257818177,2507286.697206818,2607148.1111263186,2459397.484356818,1716803.1481518182,2541163.5570418183,2315401.698341818,2549569.6060319557,2646244.8430068186,2740307.7578718183,2022-02-03,28954532.338513542,29622929.42452069,41145654.05076564,27505890.995949633
3063516.0670318184,2363027.0257818177,2511167.947206818,2605078.4111263184,2460909.984356818,1711703.1481518182,2544403.5570418183,2299721.698341818,2534019.6060319557,2640844.8430068186,2740420.2578718183,2022-02-04,28882146.83210355,29548852.130867537,41070800.39189869,27474812.545949634
3057591.0670318184,2360027.0257818177,2497855.447206818,2582042.711126318,2452797.484356818,1686308.1481518182,2521003.5570418183,2259321.698341818,2524569.6060319557,2650744.8430068186,2739257.7578718183,2022-02-07,28383033.10111711,29038216.882245768,40454245.14284013,27331519.345949635
3057516.0670318184,2362787.0257818177,2510774.197206818,2585096.6111263186,2458297.484356818,1692428.1481518182,2525323.5570418183,2252361.698341818,2559369.6060319557,2655694.8430068186,2738845.2578718183,2022-02-08,28470670.678923286,29127859.10042959,40441009.02645922,27398494.495949633
3070791.0670318184,2365067.0257818177,2515986.697206818,2606467.8111263188,2462697.484356818,1726508.1481518182,2546803.5570418183,2266481.698341818,2582519.6060319557,2659744.8430068186,2741170.2578718183,2022-02-09,28795581.021476567,29467162.70808542,41257891.47654072,27544238.195949636
3072366.0670318184,2367347.0257818177,2517824.197206818,2615617.011126318,2463659.984356818,1732883.1481518182,2578003.5570418183,2291401.698341818,2582769.6060319557,2665144.8430068186,2741920.2578718183,2022-02-10,29029803.37194443,29708941.78483283,41483812.73950707,27628937.395949636
3071391.0670318184,2366867.0257818177,2511767.947206818,2600161.6111263186,2458709.984356818,1744898.1481518182,2532223.5570418183,2261961.698341818,2581719.6060319557,2659294.8430068186,2737757.7578718183,2022-02-11,28648748.917927366,29318972.879440557,40891001.59925498,27526753.245949633
3043866.0670318184,2358107.0257818177,2493430.447206818,2553587.9111263184,2426397.484356818,1697828.1481518182,2488963.5570418183,2198481.698341818,2551169.6060319557,2611819.8430068186,2733257.7578718183,2022-02-14,27771631.1472031,28439031.896935534,39299853.11250521,27156909.545949634
3073266.0670318184,2366147.0257818177,2518330.447206818,2594559.511126318,2453897.484356818,1731323.1481518182,2551303.5570418183,2251041.698341818,2617469.6060319557,2659744.8430068186,2740382.7578718183,2022-02-15,28611979.059318192,29299566.649006844,40837434.582403116,27557466.145949636
3074091.0670318184,2366387.0257818177,2517580.447206818,2613226.011126318,2444684.984356818,1729988.1481518182,2546743.5570418183,2264761.698341818,2616569.6060319557,2652094.8430068186,2739970.2578718183,2022-02-16,28562100.663671214,29255796.9065153,40704770.59186099,27566097.645949636
3073866.0670318184,2364347.0257818177,2518217.947206818,2604648.211126318,2430797.484356818,1715093.1481518182,2539843.5570418183,2255321.698341818,2639619.6060319557,2647819.8430068186,2739857.7578718183,2022-02-17,28533080.506203882,29226017.97543209,40493857.596500695,27529432.345949635
3076116.0670318184,2366387.0257818177,2519980.447206818,2597253.011126318,2435059.984356818,1714598.1481518182,2522803.5570418183,2263121.698341818,2630919.6060319557,2656594.8430068186,2741395.2578718183,2022-02-18,28486417.41209448,29178277.70879612,40470782.69783073,27524229.645949636
3074766.0670318184,2368307.0257818177,2523636.697206818,2592681.9111263184,2447709.984356818,1711208.1481518182,2551483.5570418183,2264041.698341818,2615669.6060319557,2658619.8430068186,2741582.7578718183,2022-02-21,28371573.43666268,29070098.54652973,40012472.52594304,27549707.295949634
3077316.0670318184,2367827.0257818177,2522961.697206818,2572549.211126318,2447572.484356818,1695188.1481518182,2556523.5570418183,2275921.698341818,2607769.6060319557,2634094.8430068186,2739482.7578718183,2022-02-22,28182859.96949586,28876811.551640898,39605460.59118892,27497207.095949635
3081291.0670318184,2369267.0257818177,2525436.697206818,2582404.6111263186,2447847.484356818,1709108.1481518182,2567863.5570418183,2311441.698341818,2594869.6060319557,2643544.8430068186,2742070.2578718183,2022-02-23,28135125.108207263,28827896.573719595,39824401.2593821,27575144.995949633
2995598.0270318184,2344957.5401818175,2525886.697206818,2519271.1111263186,2348192.724981818,1619048.1481518182,2491123.5570418183,2238761.698341818,2477519.6060319557,2530009.3201318188,2697724.5446218182,2022-02-24,26790799.29098479,27450477.10898854,37360935.33700278,26788092.974849634
3107346.3340818183,2411361.0552218175,2525743.073769318,2552683.7942063184,2410298.8981818175,1675750.4001418182,2510768.263041818,2288100.110501818,2505564.9084319556,2576159.813781819,2786821.1046218183,2022-02-25,27467579.042829465,28143850.445156842,38674227.329127036,27350597.755982134
3130896.3340818183,2385921.0552218175,2530149.323769318,2549816.3942063185,2431748.898181818,1669705.4001418182,2532848.263041818,2278780.110501818,2554514.9084319556,2576834.813781819,2803171.1046218183,2022-02-28,27691001.27787625,28372813.42178126,39032568.26592969,27444386.605982143
3127896.3340818183,2396241.0552218175,2518918.073769318,2528422.8942063185,2376336.398181818,1656220.4001418182,2521448.263041818,2257260.110501818,2574614.9084319556,2546909.813781819,2799421.1046218183,2022-03-02,27381095.67583165,28055300.708468378,38718158.87921021,27303689.355982143
3135171.3340818183,2375121.0552218175,2511736.823769318,2525841.1942063184,2342098.8981818175,1663300.4001418182,2539928.263041818,2249620.110501818,2565114.9084319556,2523959.813781819,2799158.6046218183,2022-03-03,27203182.324085906,27873009.01121027,38572251.181493826,27231051.405982133
3107421.3340818183,2334921.0552218175,2483593.073769318,2493703.0942063187,2320786.3981818175,1649440.4001418182,2540168.263041818,2225140.110501818,2534164.9084319556,2506184.813781819,2789633.6046218183,2022-03-04,26786512.222268023,27446036.700329978,37933991.187086515,26985157.05598214
3062571.3340818183,2232681.0552218175,2412661.823769318,2530686.7942063184,2235536.398181818,1570285.4001418182,2551568.263041818,2197140.110501818,2468164.9084319556,2419334.813781819,2763008.6046218183,2022-03-07,26156313.12090358,26800344.895233374,36842651.357141,26443639.505982142
3104346.3340818183,2240121.0552218175,2431243.073769318,2545020.3942063185,2264823.898181818,1577890.4001418182,2584328.263041818,2206820.110501818,2468964.9084319556,2418884.813781819,2823871.1046218183,2022-03-08,26404138.670184262,27054258.739558287,37427711.57521378,26666314.355982143
3154221.3340818183,2250561.0552218175,2494561.823769318,2559626.3942063185,2272111.398181818,1619110.4001418182,2608388.263041818,2219420.110501818,2559014.9084319556,2469284.813781819,2837671.1046218183,2022-03-09,26951399.480605137,27614960.183160987,38422491.46977506,27043971.605982143
3199371.3340818183,2298801.0552218175,2510724.323769318,2570273.8942063185,2296723.898181818,1653895.4001418182,2615468.263041818,2230660.110501818,2582714.9084319556,2537009.813781819,2832308.6046218183,2022-03-10,27362875.6337854,28036564.0634673,39472625.928360626,27327951.605982143
3198171.3340818183,2290041.0552218175,2513424.323769318,2565754.4942063186,2302498.898181818,1650925.4001418182,2614148.263041818,2238620.110501818,2587114.9084319556,2544659.813781819,2825333.6046218183,2022-03-11,27421493.054124244,28096697.534163542,39401953.35898773,27330692.205982137
3176721.3340818183,2334201.0552218175,2522911.823769318,2574274.2942063184,2349661.398181818,1658080.4001418182,2639228.263041818,2257220.110501818,2594764.9084319556,2596859.813781819,2847683.6046218183,2022-03-14,27818624.015829176,28503535.293613214,39905497.045276806,27551607.005982142
3190071.3340818183,2309121.0552218175,2523305.573769318,2579841.4942063186,2353648.898181818,1644895.4001418182,2622908.263041818,2218020.110501818,2569364.9084319556,2600684.813781819,2832046.1046218183,2022-03-15,27475163.85671297,28151627.033865754,39318485.61636032,27443907.955982137
3192246.3340818183,2367081.0552218175,2541230.573769318,2594061.8942063185,2380736.398181818,1683115.4001418182,2637848.263041818,2238620.110501818,2593814.9084319556,2624084.813781819,2856383.6046218183,2022-03-16,27990189.20812894,28679401.320140544,40298652.99858898,27709223.355982143
3233571.3340818183,2401041.0552218175,2552068.073769318,2609489.2942063184,2413736.398181818,1687810.4001418182,2628548.263041818,2282540.110501818,2621714.9084319556,2657159.813781819,2863358.6046218183,2022-03-17,28504142.79236572,29205989.14801715,41119113.050247386,27951038.255982142
3221496.3340818183,2375601.0552218175,2552105.573769318,2590077.5942063187,2392286.398181818,1665445.4001418182,2628668.263041818,2252780.110501818,2616764.9084319556,2623859.813781819,2848808.6046218183,2022-03-21,28224741.333113484,28919653.272217024,40617573.93011337,27767894.05598214
3230046.3340818183,2388921.0552218175,2555499.323769318,2606832.8942063185,2412361.398181818,1682605.4001418182,2644448.263041818,2276300.110501818,2625964.9084319556,2638484.813781819,2875471.1046218183,2022-03-22,28551053.217362627,29253999.598248743,41261831.91724718,27936935.605982143
3228921.3340818183,2380281.0552218175,2556043.073769318,2586228.0942063187,2414836.3981818175,1687030.4001418182,2642768.263041818,2248340.110501818,2633664.9084319556,2630384.813781819,2874758.6046218183,2022-03-23,28435879.467414156,29136058.585201226,40975158.99206264,27883257.05598214
3233421.3340818183,2371521.0552218175,2557786.823769318,2589818.4942063186,2380461.398181818,1678945.4001418182,2648588.263041818,2206420.110501818,2632414.9084319556,2621384.813781819,2882446.1046218183,2022-03-24,28398120.285254955,29097304.85989806,41109693.5086173,27803208.705982137
3237696.3340818183,2371521.0552218175,2558293.073769318,2595761.4942063186,2369461.398181818,1680910.4001418182,2650808.263041818,2213660.110501818,2638314.9084319556,2638934.813781819,2880121.1046218183,2022-03-25,28283111.42256482,28979481.317979075,41352780.037191816,27835482.955982137
3227946.3340818183,2406201.0552218175,2559249.323769318,2625734.6942063184,2399848.898181818,1691410.4001418182,2653988.263041818,2216500.110501818,2638914.9084319556,2666834.813781819,2887358.6046218183,2022-03-28,28396883.63081743,29096059.665935606,41942538.98530639,27973987.40598214
3238596.3340818183,2411601.0552218175,2560636.823769318,2646185.5942063187,2414148.8981818175,1684435.4001418182,2654168.263041818,2220620.110501818,2639964.9084319556,2663909.813781819,2889308.6046218183,2022-03-29,28567212.168679666,29270950.68209611,42128907.23383494,28023575.80598214
3183021.3340818183,2433201.0552218175,2560655.573769318,2641321.8942063185,2457048.898181818,1680970.4001418182,2658368.263041818,2247540.110501818,2639964.9084319556,2672234.813781819,2890921.1046218183,2022-03-30,28852384.6819737,29563148.36721005,43045672.242292814,28065248.355982143
3240140.9330818183,2469441.0552218175,2560899.323769318,2643553.8304148987,2457186.3981818175,1691935.4001418182,2655979.667041818,2240380.110501818,2637517.6554319556,2675384.813781819,2888444.3498718184,2022-03-31,28797147.45043077,29506562.524595518,43211649.42982504,28160863.537440717
3239901.4829318183,2501448.4060218176,2560807.742494318,2643456.769669899,2473431.882606818,1731746.8839818183,2655858.3583618184,2258552.128501818,2637419.2888319558,2741097.878764819,2888346.3673468186,2022-04-01,29136320.540830206,29854042.12279727,43757255.252393514,28332067.189513717
3251826.4829318183,2518608.4060218176,2564882.742494318,2649014.269669899,2492269.382606818,1753256.8839818183,2649738.3583618184,2293232.128501818,2641069.2888319558,2752373.378764819,2892133.8673468186,2022-04-04,29767756.296632178,30501049.60453345,44147667.38386117,28458405.189513717
3260526.4829318183,2518248.4060218176,2561157.742494318,2650581.769669899,2484431.8826068174,1737056.8839818183,2639958.3583618184,2275552.128501818,2634969.2888319558,2750085.878764819,2894496.3673468186,2022-04-05,29609464.52862855,30341747.007129323,44527342.83298918,28407065.189513717
3263526.4829318183,2503608.4060218176,2559820.242494318,2652291.769669899,2486356.882606818,1731251.8839818183,2618058.3583618184,2260552.128501818,2634169.2888319558,2760021.128764819,2886621.3673468186,2022-04-06,29362545.859268725,30088714.196268413,44538307.18329561,28356277.939513717
3250551.4829318183,2534568.4060218176,2558857.742494318,2651151.769669899,2499694.3826068174,1736411.8839818183,2611998.3583618184,2251392.128501818,2623819.2888319558,2760036.128764819,2876421.3673468186,2022-04-07,29085370.37800404,29804633.76613613,43897930.250231564,28354902.939513717
3275601.4829318183,2541048.4060218176,2565032.742494318,2653146.769669899,2516056.8826068174,1752146.8839818183,2615778.3583618184,2266512.128501818,2638319.2888319558,2769247.628764819,2880246.3673468186,2022-04-08,29324127.128076177,30049290.88553261,44625318.65224674,28473136.939513717
3282201.4829318183,2531568.4060218176,2565282.742494318,2652861.769669899,2530494.382606818,1746056.8839818183,2588358.3583618184,2267792.128501818,2637119.2888319558,2770799.378764819,2881971.3673468186,2022-04-11,29143740.467455376,29864461.811898183,44543034.843681745,28454506.189513717
3284076.4829318183,2554128.4060218176,2564745.242494318,2646876.769669899,2537644.382606818,1751636.8839818183,2577198.3583618184,2280752.128501818,2625319.2888319558,2773235.378764819,2894083.8673468186,2022-04-12,28905231.048270743,29620063.12898447,44528066.538040906,28489697.189513717
3291276.4829318183,2548608.4060218176,2567932.742494318,2647019.269669899,2539844.382606818,1750271.8839818183,2584758.3583618184,2266872.128501818,2626519.2888319558,2792369.378764819,2891796.3673468186,2022-04-13,28815120.161589514,29527695.580618676,44525890.392601006,28507268.689513717
3294726.4829318183,2559048.4060218176,2567695.242494318,2642744.269669899,2527881.8826068174,1743086.8839818183,2446758.3583618184,2246872.128501818,2632119.2888319558,2771839.628764819,2863033.8673468186,2022-04-18,28317160.641411435,29017424.492495358,44221796.646341264,28295806.439513717
3290976.4829318183,2564328.4060218176,2566832.742494318,2637471.769669899,2549744.382606818,1726886.8839818183,2380098.3583618184,2213592.128501818,2649519.2888319558,2782862.378764819,2831758.8673468186,2022-04-19,27962653.035986643,28654192.01595728,43593376.95880887,28194071.689513717
3295551.4829318183,2558208.4060218176,2550007.742494318,2651436.769669899,2525681.8826068174,1737476.8839818183,2405778.3583618184,2225432.128501818,2654319.2888319558,2777667.128764819,2874171.3673468186,2022-04-20,28255987.468568366,28954753.645422798,43876241.47249441,28255731.439513717
3299376.4829318183,2571888.4060218176,2564832.742494318,2647304.269669899,2540531.882606818,1757606.8839818183,2444598.3583618184,2256712.128501818,2656819.2888319558,2800197.128764819,2897496.3673468186,2022-04-21,28678181.29354054,29388609.764435146,45067468.703647435,28437363.939513717
3300501.4829318183,2541048.4060218176,2564870.242494318,2654144.269669899,2509456.882606818,1722551.8839818183,2404458.3583618184,2231592.128501818,2657869.2888319558,2751747.878764819,2895921.3673468186,2022-04-22,28314357.558019705,29015791.643808745,44573649.814661175,28234162.189513717
3300876.4829318183,2543928.4060218176,2558032.742494318,2656709.269669899,2529944.3826068183,1706546.8839818183,2380278.3583618184,2232992.128501818,2657519.2888319558,2730580.628764819,2881446.3673468186,2022-04-25,27954903.3348448,28647425.678953756,44393477.741517276,28178854.93951372
3302226.4829318183,2535888.4060218176,2572232.742494318,2663549.269669899,2541494.382606818,1747271.8839818183,2399958.3583618184,2244312.128501818,2658569.2888319558,2779404.128764819,2883808.8673468186,2022-04-26,28361927.53204996,29064565.656375807,45683275.47376129,28328715.939513717
3303126.4829318183,2517888.4060218176,2532545.242494318,2664689.269669899,2501344.3826068183,1740176.8839818183,2369358.3583618184,2243392.128501818,2659019.2888319558,2745867.128764819,2893408.8673468186,2022-04-27,28094150.62451049,28790176.594347525,44785836.00200248,28170816.43951372
3303126.4829318183,2551848.4060218176,2535816.263744318,2664974.269669899,2530769.382606818,1756886.8839818183,2397304.8179618185,2262752.128501818,2659319.2888319558,2793113.378764819,2910133.8673468186,2022-04-28,28434890.143864132,29146677.975220643,45435432.83534296,28366045.170363717
3302856.050731818,2428911.2122618174,2521739.479369318,2664844.1272648987,2520087.3994318177,1745095.9097418182,2379207.2888418185,2282754.450741818,2659182.002631956,2742597.6007648185,2910037.1650718185,2022-04-29,28199925.80073375,28905862.1617272,44723802.14863886,28157312.686853718
3308656.050731818,2427231.2122618174,2515764.479369318,2672539.1272648987,2518712.3994318177,1792060.9097418182,2348187.2888418185,2273434.450741818,2657569.502631956,2725047.6007648185,2906962.1650718185,2022-05-02,28144771.012819983,28849276.319112673,44693129.015692785,28146165.186853718
3282056.050731818,2381391.2122618174,2454776.979369318,2655581.6272648987,2478562.3994318177,1745560.9097418182,2341347.2888418185,2274594.450741818,2637844.502631956,2681397.6007648185,2898712.1650718185,2022-05-04,27499237.39643019,28187608.44053553,43433189.152532265,27831825.186853718
3286406.050731818,2371551.2122618174,2449939.479369318,2655866.6272648987,2493274.8994318177,1696210.9097418182,2401107.2888418185,2293154.450741818,2621982.002631956,2685897.6007648185,2908387.1650718185,2022-05-05,27507564.202976216,28196101.603128497,43468376.72595751,27863777.686853718
3286356.050731818,2303151.2122618174,2376276.979369318,2645036.6272648987,2469074.8994318177,1670575.9097418182,2351007.2888418185,2279194.450741818,2613094.502631956,2704797.6007648185,2886637.1650718185,2022-05-06,27060060.183849294,27737470.823108453,42920684.62289964,27585202.686853718
3266306.050731818,2280471.2122618174,2385876.979369318,2650594.1272648987,2445974.8994318177,1639870.9097418182,2383527.2888418185,2274594.450741818,2559094.502631956,2670372.6007648185,2891549.6650718185,2022-05-09,26879673.523228493,27552512.531232636,42350029.466264576,27448232.686853718
3206156.050731818,2271231.2122618174,2359401.979369318,2659571.6272648987,2448862.3994318177,1665130.9097418182,2363427.2888418185,2296194.450741818,2537869.502631956,2668122.6007648185,2891624.6650718185,2022-05-10,26777773.197576158,27448080.69796646,41599510.685979515,27367592.686853718
3196306.050731818,2301351.2122618174,2329476.979369318,2662706.6272648987,2456837.399431818,1680610.9097418182,2331867.2888418185,2304274.450741818,2515482.002631956,2674647.6007648185,2885474.6650718185,2022-05-11,26657487.942619234,27324783.001457818,41605276.88447802,27339035.186853718
3154406.050731818,2247231.2122618174,2276551.979369318,2639621.6272648987,2407474.8994318177,1616380.9097418182,2310567.2888418185,2269834.450741818,2486382.002631956,2612772.6007648185,2879887.1650718185,2022-05-12,26065377.797930665,26744087.97177874,40436114.65968247,26901110.186853718
3153656.050731818,2214951.2122618174,2257939.479369318,2609126.6272648987,2357837.3994318177,1619320.9097418182,2306067.2888418185,2284954.450741818,2501344.502631956,2534247.6007648185,2885474.6650718185,2022-05-13,26022754.44165052,26700341.723512907,40268504.529800065,26724920.186853718
3199556.050731818,2222391.2122618174,2290626.979369318,2615966.6272648987,2374199.8994318177,1635670.9097418182,2288127.2888418185,2309474.450741818,2503032.002631956,2581722.6007648185,2875012.1650718185,2022-05-16,26121934.127540294,26802071.720822815,40815368.04008172,26895780.186853718
3270806.050731818,2261031.2122618174,2338564.479369318,2640334.1272648987,2448037.3994318177,1657345.9097418182,2323707.2888418185,2329594.450741818,2578219.502631956,2637297.6007648185,2907149.6650718185,2022-05-17,26809513.99480605,27507579.824568618,42079395.64311953,27392087.686853718
3271156.050731818,2271831.2122618174,2333051.979369318,2626084.1272648987,2440749.8994318177,1656730.9097418182,2312547.2888418185,2336874.450741818,2582082.002631956,2595897.6007648185,2906287.1650718185,2022-05-18,26778185.415722,27475404.482463323,41942908.266215004,27333292.686853718
3214756.050731818,2249751.2122618174,2306339.479369318,2578061.6272648987,2394412.3994318177,1612495.9097418182,2214207.2888418185,2290394.450741818,2536707.002631956,2549097.6007648185,2801474.6650718185,2022-05-19,26067686.219547383,26746402.15301085,40613736.93532483,26747697.686853718
3312056.050731818,2304831.2122618174,2322189.479369318,2624944.1272648987,2447487.3994318177,1648615.9097418182,2248047.2888418185,2326314.450741818,2632782.002631956,2616597.6007648185,2832862.1650718185,2022-05-20,26820808.772002142,27519209.466293424,42081820.45034148,27316727.686853718
3276606.050731818,2310591.2122618174,2328464.479369318,2618531.6272648987,2451887.3994318177,1655830.9097418182,2264187.2888418185,2344754.450741818,2624682.002631956,2610297.6007648185,2851799.6650718185,2022-05-23,26735974.2775877,27432116.371598773,41773253.07054238,27337632.686853718
3270106.050731818,2283591.2122618174,2329814.479369318,2603426.6272648987,2444049.8994318177,1650445.9097418182,2231367.2888418185,2363234.450741818,2635932.002631956,2615247.6007648185,2833837.1650718185,2022-05-24,26588317.737746816,27280613.857129265,41578083.71482162,27261052.686853718
3194056.050731818,2285991.2122618174,2337076.979369318,2627794.1272648987,2458487.3994318177,1644970.9097418182,2194707.2888418185,2381954.450741818,2635932.002631956,2611647.6007648185,2754337.1650718185,2022-05-25,26424502.246588893,27131871.914180294,40831800.05504146,27126955.186853718
3159183.519731818,2329911.2122618174,2334801.979369318,2647327.4025398986,2500149.8994318177,1650115.9097418182,2210967.2888418185,2384391.038741818,2620694.3091319557,2678247.6007648185,2798988.2225718186,2022-05-26,26662517.003998514,27397391.906004302,40871229.82268202,27314778.383128725
3192707.298831818,2341935.0989018176,2378677.3049443183,2620868.8147848984,2531099.4342068178,1683448.6226218182,2255818.7726818183,2384270.549421818,2611574.0502569554,2678349.1412648186,2824612.156121819,2022-05-27,26963106.47594707,27706282.238482837,41407304.363975175,27503361.244038716
3249557.298831818,2355975.0989018176,2408689.8049443183,2655638.8147848984,2552824.4342068178,1696633.6226218182,2333818.7726818183,2377250.549421818,2657136.550256956,2702199.1412648186,2886712.156121819,2022-05-30,27472525.660579577,28229780.575679015,42579994.87774266,27876436.244038716
3247357.298831818,2339415.0989018176,2402227.3049443183,2657348.814784899,2560799.4342068178,1690348.6226218182,2325418.7726818183,2351750.549421818,2643524.0502569554,2680149.1412648186,2883262.156121819,2022-05-31,27345809.802547507,28143850.445156842,42408494.22774685,27781601.244038716
3240907.298831818,2343495.0989018176,2384939.8049443183,2650793.8147848984,2564511.9342068178,1687528.6226218182,2295538.7726818183,2366630.549421818,2646561.5502569554,2682174.1412648186,2878499.656121819,2022-06-01,27243909.476895172,28039007.462940797,42182793.41121179,27741581.244038716
3270507.298831818,2356455.0989018176,2396877.3049443183,2655353.814784899,2557636.9342068178,1704778.6226218182,2330878.7726818183,2366390.549421818,2688974.050256956,2689149.1412648186,2906249.656121819,2022-06-02,27417453.316294983,28217610.566762954,42927023.95386146,27923251.244038716
3264657.298831818,2327775.0989018176,2390502.3049443183,2633551.3147848984,2549249.4342068178,1682623.6226218182,2347198.7726818183,2367110.549421818,2704049.0502569554,2669799.1412648186,2910562.156121819,2022-06-03,27345397.584401667,28143392.307755563,42731135.67596546,27847078.744038716
3279007.298831818,2317815.0989018176,2389564.8049443183,2625571.314784899,2556536.9342068178,1686613.6226218182,2357038.7726818183,2372930.549421818,2701461.550256956,2670024.1412648186,2911049.656121819,2022-06-06,27321076.71379694,28118406.19871651,42995603.51593426,27867613.744038716
3284807.298831818,2304255.0989018176,2355102.3049443183,2631698.8147848984,2533436.9342068178,1680958.6226218182,2329138.7726818183,2369690.549421818,2704611.5502569554,2669124.1412648186,2883749.656121819,2022-06-07,27068469.434024487,27858395.602820717,42783543.57104193,27746573.744038716
3263107.298831818,2287935.0989018176,2373714.8049443183,2574413.8147848984,2522161.9342068178,1670218.6226218182,2321398.7726818183,2367890.549421818,2691261.550256956,2701974.1412648186,2904337.156121819,2022-06-08,26969372.19176388,27756454.157479446,42277872.23398293,27678413.744038716
3287657.298831818,2294655.0989018176,2360302.3049443183,2610323.8147848984,2531511.9342068178,1677328.6226218182,2339578.7726818183,2378330.549421818,2719311.5502569554,2686224.1412648186,2915362.156121819,2022-06-09,27170287.316047654,27967338.327422578,42802017.64825557,27800586.244038716
3278107.298831818,2293335.0989018176,2303139.8049443183,2603198.8147848984,2501124.4342068178,1669123.6226218182,2293918.7726818183,2339330.549421818,2688936.5502569554,2665974.1412648186,2887424.656121819,2022-06-10,26714703.82126221,27498334.846753042,42154917.737959765,27523613.744038716
3209357.298831818,2266215.0989018176,2226202.3049443183,2598781.3147848984,2416424.4342068178,1612453.6226218182,2231218.7726818183,2295770.549421818,2671761.5502569554,2598024.1412648186,2811712.156121819,2022-06-13,26009975.679129396,26772985.86939795,40391913.77618943,26937921.244038716
3279507.298831818,2270055.0989018176,2230702.3049443183,2627138.8147848984,2408174.4342068178,1587043.6226218182,2250658.7726818183,2299730.549421818,2652261.5502569554,2608374.1412648186,2806349.656121819,2022-06-14,25940228.368852798,26701152.274299785,41319583.20500183,27019996.244038716
3280807.298831818,2269815.0989018176,2258827.3049443183,2628563.8147848984,2413261.9342068178,1585963.6226218182,2228638.7726818183,2290430.549421818,2636211.550256956,2622324.1412648186,2804474.656121819,2022-06-15,25874355.90914712,26655914.142701577,41206461.065821424,27019318.744038716
3221157.298831818,2233335.0989018176,2207977.3049443183,2552326.314784899,2390161.9342068178,1545568.6226218182,2198938.7726818183,2234570.549421818,2616486.5502569554,2580249.1412648186,2762024.656121819,2022-06-16,25327672.204130426,26092663.575609706,39827692.463332444,26542796.24403872
3233507.2988318186,2234175.0989018176,2241977.3049443183,2522971.3147848984,2413399.4342068178,1542328.6226218182,2187298.7726818183,2232290.549421818,2637599.0502569554,2578899.1412648186,2725049.656121819,2022-06-17,25217032.853786223,25978704.833819468,39933603.34999031,26549496.244038716
3230507.298831818,2218335.0989018176,2254902.3049443183,2516416.3147848984,2411611.934206818,1514908.6226218182,2219338.7726818183,2240810.549421818,2609436.550256956,2551449.1412648186,2744099.656121819,2022-06-20,25310441.485634197,26077545.04136746,39760294.92039293,26511816.244038716
3292707.298831818,2238015.0989018176,2274689.8049443183,2555176.3147848984,2439524.4342068178,1532623.6226218182,2262358.7726818183,2244170.549421818,2638236.5502569554,2623449.1412648186,2816362.156121819,2022-06-21,25786388.55682427,26567881.27897866,40872009.022956215,26917313.744038716
3242057.2988318177,2215095.0989018176,2247414.8049443183,2522828.8147848984,2413949.4342068178,1507228.6226218182,2247298.7726818183,2231810.549421818,2584161.5502569554,2609949.1412648186,2824762.156121819,2022-06-22,25414567.789274085,26184854.917282708,39981639.04689704,26646556.244038716
3264057.298831818,2221455.0989018176,2249377.3049443183,2571991.314784899,2448599.4342068178,1515988.6226218182,2265538.7726818183,2248610.549421818,2554874.0502569554,2627499.1412648186,2882174.656121819,2022-06-23,25650933.674100336,26428313.831168145,40370230.19829866,26850166.24403872
3307407.298831818,2232615.0989018176,2284714.8049443183,2603483.814784899,2487924.434206818,1541758.6226218182,2251858.7726818183,2265290.549421818,2581611.550256956,2640324.1412648186,2873662.156121819,2022-06-24,25886062.904489055,26670586.2866554,40996397.21492344,27070651.24403872
3331557.298831818,2239935.0989018176,2298102.3049443183,2639963.814784899,2498786.9342068178,1562203.6226218182,2292058.7726818183,2259050.549421818,2577111.5502569554,2672049.1412648186,2891512.156121819,2022-06-27,26105033.18356074,26896213.08322947,41387687.10818005,27262331.24403872
3352057.298831818,2252655.0989018176,2281889.8049443183,2632268.8147848984,2479536.9342068178,1553968.6226218182,2298778.7726818183,2231750.549421818,2603624.0502569554,2685999.1412648186,2896387.156121819,2022-06-28,26134960.220948927,26927014.01313093,41560329.93691981,27268916.244038716
3359607.298831818,2212455.0989018176,2266077.3049443183,2651506.3147848984,2458774.4342068178,1544608.6226218182,2278558.7726818183,2199890.549421818,2643074.0502569554,2663049.1412648186,2878874.656121819,2022-06-29,26050702.83193866,26840214.596257605,41544723.91328403,27156476.244038716
3362807.298831818,2239575.0989018176,2243064.8049443183,2643668.814784899,2471286.934206818,1527268.6226218182,2277118.7726818183,2219677.009021818,2655299.0502569554,2693874.1412648186,2862637.156121819,2022-06-30,26019621.583742116,26817401.703096423,41345866.538006455,27196277.70363872
3403865.2028318183,2256699.2085018177,2293399.864194318,2610822.051779899,2462140.922281818,1542688.6226218182,2298091.2807218186,2227581.379661818,2515031.0720319552,2698029.5225148187,2898486.5553218187,2022-07-01,25973123.37689105,26769532.218219068,41603264.328031935,27206835.68246372
3422265.2028318183,2281899.2085018177,2300487.364194318,2636472.051779899,2503115.922281818,1572448.6226218182,2308471.2807218186,2232681.379661818,2520581.0720319552,2726829.5225148187,2855174.0553218187,2022-07-04,26110474.463085864,26917569.33439684,41990503.374492586,27360425.68246372
3419465.2028318183,2268579.2085018177,2308312.364194318,2644309.551779899,2501878.422281818,1562908.6226218182,2294071.2807218186,2227401.379661818,2536368.5720319557,2725254.5225148187,2845236.5553218187,2022-07-05,26070077.084793273,26875890.577993196,41828184.85860556,27333785.68246372
3439415.2028318183,2291019.2085018177,2371049.864194318,2668249.551779899,2515628.422281818,1577908.6226218182,2313151.2807218186,2269101.379661818,2521668.5720319557,2751129.5225148187,2876136.5553218187,2022-07-06,26365142.833587535,27180117.306668956,42377206.52630286,27594458.18246372
3442965.2028318183,2293779.2085018177,2357549.864194318,2649012.0517798983,2544640.922281818,1607248.6226218182,2321611.2807218186,2301501.379661818,2504568.5720319557,2766204.5225148187,2892261.5553218187,2022-07-07,26601096.50026794,27424351.530002713,42519384.77556649,27681343.18246372
3457115.2028318183,2318979.2085018177,2360712.364194318,2671242.051779899,2562790.922281818,1592368.6226218182,2340511.2807218186,2309901.379661818,2507381.0720319557,2771604.5225148187,2879099.0553218187,2022-07-08,26745702.62582959,27574714.574525446,42797517.89445655,27771705.68246372
3494715.2028318183,2343579.2085018177,2357774.864194318,2582892.0517798983,2577640.922281818,1604068.6226218182,2291131.2807218186,2310261.379661818,2531606.0720319557,2774754.5225148187,2780624.0553218187,2022-07-11,26738117.811946083,27568288.903794672,43191274.938723855,27649048.18246372
3494515.2028318183,2335899.2085018177,2361162.364194318,2590302.051779899,2568428.422281818,1590508.6226218182,2249911.2807218186,2289981.379661818,2529581.0720319552,2767329.5225148187,2759699.0553218187,2022-07-12,26478090.605548456,27300172.800030075,42935603.49119602,27537318.18246372
3494165.2028318183,2344539.2085018177,2362474.864194318,2536294.551779899,2561278.422281818,1556908.6226218182,2257051.2807218186,2312121.379661818,2498193.572031956,2774754.5225148187,2726024.0553218187,2022-07-13,26326971.433282495,27144605.784513313,42672439.1654613,27423805.68246372
3516965.2028318183,2318619.2085018177,2350724.864194318,2530309.551779899,2565128.422281818,1559128.6226218182,2238331.2807218186,2335881.379661818,2512856.0720319557,2759229.5225148187,2702661.5553218187,2022-07-14,26280803.0009481,27105899.04766156,42807525.857365996,27389835.68246372
3497415.2028318183,2305059.2085018177,2371749.864194318,2560377.0517798983,2562653.422281818,1552108.6226218182,2240371.2807218186,2350641.379661818,2516531.072031956,2761479.5225148187,2699924.0553218187,2022-07-15,26463085.86503978,27293852.853314977,43049472.75960895,27418310.68246372
3533365.2028318183,2356299.2085018177,2408012.364194318,2591727.0517798983,2587540.922281818,1595308.6226218182,2311591.2807218186,2383101.379661818,2532056.0720319557,2790954.5225148187,2751449.0553218187,2022-07-18,26841172.348406777,27683857.000045814,43822247.130855456,27841405.68246372
3542115.2028318183,2390019.2085018177,2409724.864194318,2620369.551779899,2593315.922281818,1615768.6226218182,2304631.2807218186,2386041.379661818,2543456.0720319557,2809629.5225148187,2759624.0553218187,2022-07-19,26943484.892204955,27793492.804306023,44218600.93281252,27974695.68246372
3529065.2028318183,2400699.2085018177,2411887.364194318,2614669.551779899,2595928.422281818,1629208.6226218182,2342251.2807218186,2386101.379661818,2592356.0720319557,2824929.5225148187,2827124.0553218187,2022-07-20,27240776.618986767,28100127.691116717,44531729.53252411,28154220.68246372
3553165.2028318183,2418819.2085018177,2459499.864194318,2636614.551779899,2598403.422281818,1711768.6226218182,2363371.2807218186,2368521.379661818,2580768.572031956,2828754.5225148187,2836874.0553218187,2022-07-21,27379941.46502329,28261403.803480197,45141017.18060291,28356560.68246372
3549965.2028318183,2440299.2085018177,2457649.864194318,2638182.051779899,2595240.922281818,1704959.7992018182,2331331.2807218186,2379081.379661818,2592881.0720319557,2827179.5225148187,2832824.0553218187,2022-07-22,27568242.714044273,28455689.302961566,45240759.11037494,28349594.35904372
3549865.2028318183,2435859.2085018177,2450087.364194318,2637612.051779899,2606378.422281818,1728164.7992018182,2328091.2807218186,2377341.379661818,2532618.5720319557,2832354.5225148187,2829786.5553218187,2022-07-25,27422399.934045095,28305208.7873103,45526995.79285915,28308159.35904372
3556615.2028318183,2409579.2085018177,2459199.864194318,2653714.551779899,2598815.922281818,1727759.7992018182,2265271.2807218186,2351661.379661818,2533706.0720319557,2834379.5225148187,2791986.5553218187,2022-07-26,27179768.333402038,28054760.34127712,45345922.37698794,28182689.35904372
3556315.2028318183,2439099.2085018177,2492274.864194318,2628492.051779899,2598265.922281818,1749644.7992018182,2289031.2807218186,2345061.379661818,2532056.0720319552,2835954.5225148187,2846811.5553218187,2022-07-27,27440207.757945504,28327469.566167377,45528364.26086283,28313006.85904372
3554230.3108318183,2459379.2085018177,2617220.885444318,2606119.551779899,2600636.162906818,1794449.7992018182,2344831.2807218186,2399252.783661818,2560668.5720319557,2828014.1557648187,2900736.5553218187,2022-07-28,27914753.28743971,28817288.93081303,46232958.336985745,28665539.266168717
3554090.1227318184,2456540.3017018177,2617097.489956818,2637639.977214899,2600562.803856818,1825004.7992018182,2383562.7645618184,2399143.765381818,2599833.0895069554,2827864.579164819,2931691.3893468184,2022-07-29,28291768.00362752,29206494.273869842,46653982.37784189,28833031.08262622
3544090.1227318184,2470220.3017018177,2620997.489956818,2679107.477214899,2604825.303856818,1821299.7992018182,2385122.7645618184,2410303.765381818,2638758.089506956,2833489.579164819,2929816.3893468184,2022-08-01,28591533.03928439,29518814.76330155,47648391.704870984,28938031.082626224
3550890.1227318184,2469740.3017018177,2626903.739956818,2665997.4772148984,2601525.303856818,1852109.7992018182,2376362.7645618184,2411983.765381818,2646258.089506956,2840239.579164819,2926816.3893468184,2022-08-02,28600436.951234594,29529680.84269089,47924956.27171609,28968827.33262622
3557790.1227318184,2469620.3017018177,2626866.239956818,2681529.977214899,2603587.803856818,1842134.7992018182,2403302.7645618184,2409823.765381818,2658745.589506956,2837539.579164819,2953703.8893468184,2022-08-03,28670843.81054454,29605520.20327204,48232898.08223604,29044644.832626224
3561640.1227318184,2453300.3017018177,2627147.489956818,2684807.4772148984,2601800.303856818,1833224.7992018182,2443082.7645618184,2408203.765381818,2641008.089506956,2831014.579164819,2960678.8893468184,2022-08-04,28660703.244156808,29594983.043042596,48279211.00410609,29045908.58262622
3574540.1227318184,2468900.3017018177,2629416.239956818,2701479.977214899,2607437.803856818,1817309.7992018182,2463422.7645618184,2409763.765381818,2621058.089506956,2832364.579164819,2971066.3893468184,2022-08-05,28686260.76919906,29621437.541188315,48156739.92237085,29096759.832626224
3581440.1227318184,2503820.3017018177,2633053.739956818,2703902.477214899,2608812.803856818,1834034.7992018182,2467322.7645618184,2412823.765381818,2643670.589506956,2837764.579164819,2978866.3893468184,2022-08-08,28896656.910837214,29853231.57201039,48987324.25144991,29205512.332626224
3580840.1227318184,2491340.3017018177,2628666.239956818,2731119.977214899,2610875.303856818,1849289.7992018182,2447342.7645618184,2411263.765381818,2653758.089506956,2833489.579164819,2970428.8893468184,2022-08-10,28912568.531266745,29875163.43170757,49180034.250890315,29208414.832626224
3582340.1227318184,2530340.3017018177,2636128.739956818,2724564.9772148984,2611837.803856818,1878404.7992018182,2468402.7645618184,2417683.765381818,2661595.589506956,2849464.579164819,3008378.8893468184,2022-08-11,29117440.94975061,30097348.324215617,49600925.38513762,29369142.33262622
3584490.1227318184,2535860.3017018177,2637909.989956818,2726844.977214899,2612937.803856818,1880669.7992018182,2437562.7645618184,2417143.765381818,2684133.089506956,2854189.579164819,3001816.3893468184,2022-08-12,29181994.311389588,30165211.39516936,49886947.0039327,29373558.582626224
3587940.1227318184,2542940.3017018177,2639916.239956818,2718864.977214899,2613487.803856818,1885964.7992018182,2440562.7645618184,2419423.765381818,2695008.089506956,2854864.579164819,2997653.8893468184,2022-08-16,29391566.016736057,30381839.90329777,50759229.41917503,29396627.332626224
3588140.1227318184,2554820.3017018177,2642278.739956818,2750784.977214899,2613625.303856818,1890764.7992018182,2452262.7645618184,2418763.765381818,2702245.589506956,2856214.579164819,3001741.3893468184,2022-08-17,29587781.85415722,30584630.31248495,51275186.30964597,29471642.332626224
3586190.1227318184,2546180.3017018177,2643197.489956818,2762754.977214899,2614037.803856818,1909934.7992018182,2424122.7645618184,2420683.765381818,2706258.089506956,2860039.579164819,2994653.8893468184,2022-08-18,29607980.543303516,30621610.22374726,52475562.9688437,29468053.582626224
3586340.1227318184,2536100.3017018177,2641397.489956818,2769452.4772148984,2614312.803856818,1860944.7992018182,2441342.7645618184,2421043.765381818,2690920.589506956,2854189.579164819,3000803.8893468184,2022-08-19,29281421.328166865,30290400.376847383,51960755.237385586,29416848.58262622
3588240.1227318184,2509940.3017018177,2639597.489956818,2770164.977214899,2614862.803856818,1853849.7992018182,2415842.7645618184,2421163.765381818,2691108.089506956,2851489.579164819,2986066.3893468184,2022-08-22,28839935.69396925,29833637.38777102,50949428.53425256,29342326.082626224
3588240.1227318184,2522780.3017018177,2644378.739956818,2774012.477214899,2615137.803856818,1870739.7992018182,2376002.7645618184,2423383.765381818,2716983.089506956,2862289.579164819,2937503.8893468184,2022-08-23,28983057.834205862,29981709.745287355,50940025.65055215,29331452.332626224
3588040.1227318184,2531780.3017018177,2645859.989956818,2776149.977214899,2614862.803856818,1907849.7992018182,2370242.7645618184,2423803.765381818,2716608.089506956,2863639.579164819,2917403.8893468184,2022-08-24,29028319.3866194,30028568.978459317,51783881.225976944,29356241.082626224
3588240.1227318184,2517380.3017018177,2646328.739956818,2762053.2524898984,2615137.803856818,1893689.7992018182,2347142.7645618184,2424163.765381818,2719570.589506956,2864764.579164819,2889878.8893468184,2022-08-25,28892287.398491282,29887791.57802491,51089135.946552545,29268350.607901223
3587952.1084318184,2521004.5980218174,2646167.064994318,2761898.6231698985,2615043.790106818,1869388.252591818,2351191.1758018183,2424072.9778618184,2708919.7439819556,2864657.250814819,2892756.9661468184,2022-08-26,28952388.80415516,29950016.034809045,51650419.60200213,29243052.55192372
3589302.1084318184,2491244.5980218174,2637410.814994318,2752208.6231698985,2605693.790106818,1860193.252591818,2279971.1758018183,2411652.9778618184,2699994.7439819556,2855207.250814819,2840519.4661468184,2022-08-29,28546766.148645863,29530362.17523638,51141514.64067674,29023398.80192372
3608302.1084318184,2536004.5980218174,2665423.314994318,2763988.6231698985,2621781.290106818,1909228.252591818,2317411.1758018183,2429712.9778618184,2729769.7439819556,2871182.250814819,2890056.9661468184,2022-08-30,29282822.86986273,30291798.28327693,52298614.04517183,29342861.30192372
3614352.1084318184,2523044.5980218174,2656685.814994318,2772728.6231698985,2617793.790106818,1912303.252591818,2283091.1758018183,2426952.9778618184,2679557.2439819556,2872532.250814819,2838606.9661468184,2022-09-01,28925841.955562882,29922527.79073224,52295122.81955859,29197648.80192372
3631502.1084318184,2537324.5980218174,2658148.314994318,2771968.6231698985,2617381.290106818,1902673.252591818,2269711.1758018183,2430792.9778618184,2660657.2439819556,2874557.250814819,2839394.4661468184,2022-09-02,28920318.23240859,29916853.93522407,53224331.59527114,29194111.30192372
3630702.1084318184,2548964.5980218174,2660398.314994318,2780328.6231698985,2622056.290106818,1911058.252591818,2279851.1758018183,2433072.9778618184,2688482.243981956,2877032.250814819,2842094.4661468184,2022-09-05,29128653.283317532,30132319.47918001,53337813.03691951,29274041.30192372
3639852.1084318184,2537084.5980218174,2657473.314994318,2791158.6231698985,2623156.290106818,1912963.252591818,2272771.1758018183,2430492.9778618184,2708507.2439819556,2878382.250814819,2839019.4661468184,2022-09-06,29111834.782967146,30114910.257931355,54054957.9966947,29290861.30192372
3642952.1084318184,2549684.5980218174,2661860.814994318,2790968.6231698985,2622881.290106818,1893988.252591818,2275711.1758018183,2430072.9778618184,2698794.7439819556,2877482.250814819,2854806.9661468184,2022-09-07,29060389.958365966,30061719.330931444,54271204.45965676,29299203.80192372
3643802.1084318184,2589404.5980218174,2667935.814994318,2794198.6231698985,2627693.790106818,1912768.252591818,2297671.1758018183,2433972.9778618184,2701719.7439819556,2880632.250814819,2869281.9661468184,2022-09-08,29347870.89327672,30359073.998588,54605081.21552692,29419081.30192372
3645802.1084318184,2599364.5980218174,2664635.814994318,2794008.6231698985,2630306.290106818,1941178.252591818,2340391.1758018183,2435352.9778618184,2690919.743981956,2883107.250814819,2899881.9661468184,2022-09-09,29404921.88466136,30418114.98778888,54679369.724918224,29524948.80192372
3648652.1084318184,2620964.5980218174,2672154.564994318,2795338.6231698985,2630856.290106818,1942213.252591818,2369791.1758018183,2435112.9778618184,2712069.743981956,2884007.250814819,2916869.4661468184,2022-09-12,29574755.760748588,30593816.55473626,55013754.87771405,29628030.05192372
3653252.1084318184,2626124.5980218174,2677310.814994318,2796858.6231698985,2632506.290106818,1964338.252591818,2380531.1758018183,2436732.9778618184,2727069.7439819556,2885132.250814819,2910381.9661468184,2022-09-13,29795210.025145307,30821851.50944527,55950120.78729193,29690238.80192372
3655052.1084318184,2622884.5980218174,2679035.814994318,2797048.6231698985,2631681.290106818,1993108.252591818,2297071.1758018183,2437752.9778618184,2705807.2439819556,2884907.250814819,2836206.9661468184,2022-09-14,29685889.772867803,30708738.55978047,56027174.64170841,29540556.30192372
3656502.1084318184,2605724.5980218174,2677910.814994318,2797048.6231698985,2631818.790106818,1982413.252591818,2246011.1758018183,2436492.9778618184,2687507.2439819556,2885132.250814819,2825481.9661468184,2022-09-15,29477554.72195886,30493226.027373124,57149547.541384146,29432043.80192372
3653652.1084318184,2606804.5980218174,2667992.064994318,2795908.6231698985,2630718.790106818,1996813.252591818,2179231.1758018183,2433612.9778618184,2641607.2439819556,2884907.250814819,2756144.4661468184,2022-09-16,28906137.9281916,29902193.538383104,56382836.67154673,29247392.55192372
3658402.1084318184,2621444.5980218174,2677348.314994318,2797428.6231698985,2631268.790106818,1996333.252591818,2195431.1758018183,2437992.9778618184,2645807.2439819556,2886257.250814819,2773356.9661468184,2022-09-19,29056844.88231172,30058077.725946907,57179922.07491253,29321071.30192372
3660852.1084318184,2640644.5980218174,2681923.314994318,2798568.6231698985,2633056.290106818,2019718.252591818,2193511.1758018183,2441172.9778618184,2647044.7439819556,2887157.250814819,2782619.4661468184,2022-09-20,29376726.163485717,30388923.41234833,57889727.67026341,29386268.80192372
3656602.1084318184,2634524.5980218174,2682523.314994318,2798378.6231698985,2633193.790106818,2002048.252591818,2180011.1758018183,2440152.9778618184,2652444.7439819556,2887607.250814819,2753706.9661468184,2022-09-21,29215301.537573684,30221949.95025098,56169032.40256487,29321193.80192372
3662252.1084318184,2618804.5980218174,2684135.814994318,2798758.6231698985,2634431.290106818,2003563.252591818,2168851.1758018183,2440452.9778618184,2635007.2439819556,2888282.250814819,2758731.9661468184,2022-09-22,29069293.87031617,30070964.30874702,56609283.02041835,29293271.30192372
3661902.1084318184,2589884.5980218174,2684342.064994318,2798568.6231698985,2633193.790106818,1988743.252591818,2166031.1758018183,2439132.9778618184,2600357.2439819556,2888057.250814819,2740056.9661468184,2022-09-23,28570592.357475575,29555054.606454097,55760279.55907176,29190270.05192372
3662902.1084318184,2535044.5980218174,2683517.064994318,2798568.6231698985,2631268.790106818,1966288.252591818,2183791.1758018183,2437092.9778618184,2554044.7439819556,2887832.250814819,2749656.9661468184,2022-09-26,28057710.540417988,29024496.25443307,54610969.38639885,29090007.55192372
3663502.1084318184,2523764.5980218174,2685204.564994318,2799328.6231698985,2631681.290106818,1982683.252591818,2199751.1758018183,2433732.9778618184,2568557.2439819556,2888507.250814819,2767356.9661468184,2022-09-27,28043035.574425988,29009295.49040085,54394337.94687999,29144070.05192372
3664802.1084318184,2473604.5980218174,2685748.314994318,2799898.6231698985,2633331.290106818,1963903.252591818,2201251.1758018183,2435772.9778618184,2520894.7439819556,2888282.250814819,2781344.4661468184,2022-09-28,27797683.334020365,28755546.105655883,54067584.463315025,29048833.80192372
3665402.1084318184,2479964.5980218174,2686610.814994318,2800278.6231698985,2635668.790106818,1967503.252591818,2206051.1758018183,2423869.3262618184,2515682.243981956,2889182.250814819,2752881.9661468184,2022-09-29,27730903.994393833,28686426.093626842,53337146.400158405,29023095.15032372
3664942.3699318185,2513905.058581818,2686498.685706818,2800190.8058298985,2635596.369906818,2018894.7514018184,2223783.6838418185,2488372.0962618184,2554970.7950319555,2889086.4447148186,2758269.4929968184,2022-09-30,28186405.045550104,29157602.79017425,53820803.7549665,29234510.554206215
3517592.3699318185,2496505.058581818,2674798.685706818,2806080.8058298985,2628858.869906818,1995629.7514018184,2200323.6838418185,2460352.0962618184,2549420.7950319555,2875361.4447148186,2744206.9929968184,2022-10-03,27845088.42079228,28804531.566254307,51141912.83648105,28949130.554206215
3584642.3699318185,2532145.058581818,2696792.435706818,2810830.8058298985,2640821.369906818,2044949.7514018184,2242983.6838418185,2494912.0962618184,2581145.7950319555,2893136.4447148186,2820744.4929968184,2022-10-04,28483119.66692774,29464566.596144833,52470973.788660206,29343104.304206215
3621042.3699318185,2554705.058581818,2693792.435706818,2805890.8058298985,2644396.369906818,2031974.7514018184,2273943.6838418185,2492632.0962618184,2589170.7950319555,2897411.4447148186,2829744.4929968184,2022-10-06,28577929.840471577,29562608.000018798,52899261.70112318,29434704.304206215
3626442.3699318185,2557105.058581818,2694261.185706818,2811210.8058298985,2645496.369906818,2044184.7514018184,2269383.6838418185,2500132.0962618184,2596745.7950319555,2897186.4447148186,2804094.4929968184,2022-10-07,28549651.675666764,29533404.6774654,52781934.94469302,29446243.054206215
3624142.3699318185,2579065.058581818,2693904.935706818,2811590.8058298985,2645633.869906818,2042444.7514018184,2283063.6838418185,2490112.0962618184,2578933.295031956,2897411.4447148186,2843244.4929968184,2022-10-10,28428212.20990148,29407745.811273236,52580715.575258926,29489546.80420622
3639442.3699318185,2586385.058581818,2688429.935706818,2807600.8058298985,2643571.369906818,2004974.7514018184,2236443.6838418185,2471992.0962618184,2544095.7950319555,2894486.4447148186,2810656.9929968184,2022-10-11,28003709.963312585,28968615.238589738,52401083.09897355,29328079.304206215
3625292.3699318185,2601025.058581818,2692292.435706818,2810450.8058298985,2643983.869906818,2028464.7514018184,2242323.6838418185,2495032.0962618184,2557408.2950319555,2900336.4447148186,2834244.4929968184,2022-10-12,28234634.56861371,29207528.01980094,52204626.498712346,29430854.304206215
3637792.3699318185,2598505.058581818,2688204.935706818,2809880.8058298985,2639858.869906818,2025944.7514018184,2231823.6838418185,2486992.0962618184,2562920.795031956,2894036.4447148186,2836756.9929968184,2022-10-13,28054495.238880415,29021183.568608426,52063694.65168307,29412716.80420622
3635192.3699318185,2593585.058581818,2697617.435706818,2810260.8058298985,2646321.369906818,2025104.7514018184,2297283.6838418185,2516092.0962618184,2554895.7950319555,2902361.4447148186,2834769.4929968184,2022-10-14,28337029.55604106,29313451.736399487,52139230.539596856,29513484.304206215
3654942.3699318185,2602945.058581818,2704067.435706818,2812730.8058298985,2648246.369906818,2041904.7514018184,2316303.6838418185,2538292.0962618184,2583583.2950319555,2906411.4447148186,2850706.9929968184,2022-10-17,28544952.388804156,29531713.093214516,52530721.49497792,29660134.304206215
3709492.3699318185,2601625.058581818,2707311.185706818,2816340.8058298985,2648933.869906818,2059514.7514018184,2332743.6838418185,2540512.0962618184,2614783.2950319555,2907986.4447148186,2875569.4929968184,2022-10-18,28833752.421781607,29830489.161526326,53471347.57926433,29814813.054206215
3712342.3699318185,2605345.058581818,2707686.185706818,2817290.8058298985,2648658.869906818,2058149.7514018184,2310963.6838418185,2551432.0962618184,2645345.7950319555,2908211.4447148186,2858919.4929968184,2022-10-19,28875468.898140896,29877724.302309602,53372582.14805609,29824345.554206215
3758392.3699318185,2605465.058581818,2709598.685706818,2817860.8058298985,2649208.869906818,2016674.7514018184,2329563.6838418185,2547652.0962618184,2650445.7950319555,2909111.4447148186,2885394.4929968184,2022-10-20,28960715.610701185,29965874.637161054,54026702.39164898,29879368.054206215
3761692.3699318185,2620345.058581818,2709917.435706818,2818430.8058298985,2649346.369906818,2000474.7514018184,2329083.6838418185,2570212.0962618184,2630345.7950319555,2909561.4447148186,2870956.9929968184,2022-10-21,28981079.187105816,29986960.704732794,53835155.67764141,29870366.804206215
3766642.3699318185,2618065.058581818,2711117.435706818,2818810.8058298985,2649621.369906818,2006054.7514018184,2349903.6838418185,2579872.0962618184,2638183.2950319555,2909561.4447148186,2889556.9929968184,2022-10-24,29235747.557607487,30250518.928710297,54053762.99129197,29937389.304206215
3775492.3699318185,2619745.058581818,2711773.685706818,2818620.8058298985,2649758.869906818,1997594.7514018184,2360223.6838418185,2556292.0962618184,2609983.295031956,2910236.4447148186,2889969.4929968184,2022-10-25,29113071.437404674,30123520.891652856,53870771.54453209,29899690.55420622
3792692.3699318185,2610265.684181818,2712429.935706818,2819000.8058298985,2649896.369906818,2004239.7514018184,2377323.6838418185,2579988.6670618183,2617445.7950319555,2910236.4447148186,2886631.9929968184,2022-10-27,29245970.567624386,30284327.119502205,54165779.97149205,29960151.500606213
3792481.5120318183,2610144.990021818,2712309.548806818,2818900.8261148985,2649777.476631818,2009551.6268018181,2364456.1918818187,2579917.3393418184,2673606.774256956,2910065.359914819,2890975.0249218186,2022-10-28,29328166.865905438,30369481.940576058,54128343.50078488,30012186.67072622
3800331.5120318183,2614224.990021818,2726634.548806818,2827165.8261148985,2651839.976631818,2006131.6268018181,2393916.1918818187,2584057.3393418184,2691381.774256956,2915015.359914819,2912087.5249218186,2022-10-31,29699822.746197287,30756713.768673506,54581326.11523917,30122786.67072622
3825031.5120318183,2592144.990021818,2731190.798806818,2832580.8261148985,2652252.476631818,2015746.6268018181,2436036.1918818187,2585737.3393418184,2680281.774256956,2919515.359914819,2953600.0249218186,2022-11-01,29919452.57430232,30990023.17705366,56474253.91129005,30224117.92072622
3827481.5120318183,2586504.990021818,2729540.798806818,2822463.3261148985,2650602.476631818,2004211.6268018181,2412756.1918818187,2586097.3393418184,2691006.774256956,2917490.359914819,2944262.5249218186,2022-11-02,29816315.594212458,30883171.43853969,56285862.52633929,30172417.92072622
3828731.5120318183,2589144.990021818,2729597.048806818,2830158.3261148985,2655964.976631818,2014216.6268018181,2385816.1918818187,2586937.3393418184,2697944.274256956,2928965.359914819,2922475.0249218186,2022-11-03,29766602.08582382,30831742.57846778,56392106.35639815,30169951.67072622
3837681.5120318183,2594424.990021818,2733309.548806818,2830728.3261148985,2656514.976631818,2020306.6268018181,2365656.1918818187,2588317.3393418184,2716619.274256956,2936165.359914819,2930050.0249218186,2022-11-04,29872871.923822086,30941777.784565,58395346.44637363,30209774.17072622
3839781.5120318183,2602824.990021818,2733647.048806818,2835003.3261148985,2664214.976631818,2012206.6268018181,2357916.1918818187,2588137.3393418184,2726406.774256956,2947190.359914819,2943062.5249218186,2022-11-07,30014097.860587824,31088076.328040477,59560714.463467225,30250391.67072622
3840681.5120318183,2604264.990021818,2732934.548806818,2834860.8261148985,2662014.976631818,2017081.6268018181,2362536.1918818187,2589277.3393418184,2728431.774256956,2948090.359914819,2931212.5249218186,2022-11-09,29938579.496269427,31014233.976644397,59809947.48456432,30251386.67072622
3841231.5120318183,2566224.990021818,2726578.298806818,2836570.8261148985,2663252.476631818,1996141.6268018181,2351436.1918818187,2589937.3393418184,2713506.774256956,2948090.359914819,2924650.0249218186,2022-11-10,29726204.707531225,30794245.794239923,59517479.37083805,30157620.42072622
3842281.5120318183,2583504.990021818,2732615.798806818,2837568.3261148985,2661739.976631818,2011096.6268018181,2433036.1918818187,2589937.3393418184,2737844.274256956,2948315.359914819,2991550.0249218186,2022-11-11,30256317.24308504,31343364.584569227,59987155.42888362,30369490.42072622
3843681.5120318183,2585784.990021818,2733215.798806818,2837568.3261148985,2654727.476631818,2025691.6268018181,2451396.1918818187,2591017.3393418184,2736869.274256956,2948315.359914819,3006925.0249218186,2022-11-14,30222432.911496766,31308322.94692772,60056512.77630548,30415192.92072622
3844781.5120318183,2598744.990021818,2735653.298806818,2839420.8261148985,2668752.476631818,2026606.6268018181,2461896.1918818187,2591557.3393418184,2733344.274256956,2949890.359914819,3007862.5249218186,2022-11-15,30344861.70081207,31435097.78884095,60497814.11504449,30458510.42072622
3844131.5120318183,2595024.990021818,2727159.548806818,2839563.3261148985,2670402.476631818,2018851.6268018181,2472516.1918818187,2591617.3393418184,2727681.774256956,2950340.359914819,3018137.5249218186,2022-11-16,30355167.15445814,31445787.661537487,59733971.929830685,30455426.67072622
3844681.5120318183,2603064.990021818,2731190.798806818,2839848.3261148985,2673427.476631818,2022451.6268018181,2454096.1918818187,2592517.3393418184,2734281.774256956,2951465.359914819,3018662.5249218186,2022-11-17,30246753.78210149,31333450.02132101,60212254.2464361,30465687.92072622
3846081.5120318183,2607624.990021818,2732090.798806818,2840560.8261148985,2675902.476631818,2004181.6268018181,2461476.1918818187,2593477.3393418184,2738406.774256956,2952140.359914819,3019187.5249218186,2022-11-18,30186982.150954284,31271530.989471063,60166677.005133286,30471130.42072622
3846631.5120318183,2624304.990021818,2727590.798806818,2840988.3261148985,2676039.976631818,2017051.6268018181,2431476.1918818187,2593777.3393418184,2709494.274256956,2952590.359914819,2985137.5249218186,2022-11-21,29943443.67039037,31019308.729397032,59867299.76812245,30405082.92072622
3847331.5120318183,2626104.990021818,2733609.548806818,2841130.8261148985,2676864.976631818,2051686.6268018181,2451576.1918818187,2593837.3393418184,2721006.774256956,2952815.359914819,3009175.0249218186,2022-11-22,30082361.185539387,31163210.86185043,60243543.567242526,30505139.17072622
3847331.5120318183,2635344.990021818,2739590.798806818,2841130.8261148985,2677552.476631818,2060056.6268018181,2449416.1918818187,2593777.3393418184,2715869.274256956,2953040.359914819,3005462.5249218186,2022-11-23,30120367.69858609,31202551.94279626,59319508.37095971,30518572.92072622
3847331.5120318183,2638584.990021818,2740659.548806818,2841273.3261148985,2677689.976631818,2062711.6268018181,2505456.1918818187,2593897.3393418184,2732481.774256956,2953265.359914819,3056991.6726718186,2022-11-24,30477925.71829012,31572997.146626294,59720251.17294285,30650343.31847622
3846967.3655318185,2638533.1221018177,2740553.6927443184,2841204.9685748983,2677615.6787318178,2076485.806651818,2512434.1562818186,2593827.0358218183,2761266.857306956,2953165.7130648186,3056921.830041819,2022-11-25,30525165.9178037,31621923.871660445,59597609.18486032,30698976.226853717
3850567.3655318185,2639973.1221018177,2744322.4427443184,2836217.4685748983,2680778.1787318178,2087990.806651818,2498574.1562818186,2594367.0358218183,2798991.857306956,2955190.7130648186,3057956.830041819,2022-11-28,30607609.546972256,31707337.12921707,59601343.03765762,30744929.976853717
3849417.3655318185,2640453.1221018177,2741772.4427443184,2834222.4685748983,2682840.6787318178,2072150.806651818,2505774.1562818186,2594967.0358218183,2802966.8573069554,2956090.7130648186,3058271.830041819,2022-11-29,30698792.20083268,31801760.4223322,59543903.463677794,30738927.476853717
3870517.3655318185,2641653.1221018177,2742653.6927443184,2840777.4685748983,2684353.1787318178,2059760.806651818,2512434.1562818186,2597487.0358218183,2810504.357306956,2951815.7130648186,3058181.830041819,2022-11-30,30930129.02427965,32041436.765878864,59940093.99015139,30770138.726853717
3878467.3655318185,2641893.1221018177,2744359.9427443184,2844339.9685748983,2682840.6787318178,2067080.806651818,2537694.1562818186,2597127.0358218183,2806416.857306956,2957215.7130648186,3063536.830041819,2022-12-01,31019415.474669196,32133921.785373203,60031083.84891085,30820972.476853717
3880617.3655318185,2642613.1221018177,2738941.1927443184,2844197.4685748983,2679403.1787318178,2071715.806651818,2516034.1562818186,2597487.0358218183,2807391.857306956,2959465.7130648186,3062726.830041819,2022-12-02,30827486.705964796,31935043.16476618,59953110.42001113,30800593.726853717
3879017.3655318185,2643453.1221018177,2738509.9427443184,2843769.9685748983,2683115.6787318178,2088455.806651818,2518734.1562818186,2598447.0358218183,2792954.3573069554,2964415.7130648186,3062186.830041819,2022-12-05,30835648.625252485,31943501.086020585,60020493.434083596,30813059.976853717
3900867.3655318185,2643813.1221018177,2741659.9427443184,2838924.9685748983,2679128.1787318178,2077925.806651818,2487474.1562818186,2599167.0358218183,2800266.8573069554,2963515.7130648186,3060611.830041819,2022-12-06,30739519.353641946,31843920.810362834,60611105.55965051,30793354.976853717
3898367.3655318185,2644293.1221018177,2736353.6927443184,2840207.4685748983,2679128.1787318178,2058545.806651818,2479134.1562818186,2595567.0358218183,2780091.857306956,2961715.7130648186,3059981.830041819,2022-12-07,30603899.58365967,31703472.32908832,60216742.89512922,30733386.226853717
3911867.3655318185,2644773.1221018177,2737853.6927443184,2841204.9685748983,2683803.1787318178,2085485.806651818,2496834.1562818186,2592627.0358218183,2780429.357306956,2965990.7130648186,3058226.830041819,2022-12-08,30684447.00935735,31786876.830347024,60544759.05886328,30799096.226853717
3909817.3655318185,2645253.1221018177,2733766.1927443184,2843342.4685748983,2683803.1787318178,2096855.806651818,2436714.1562818186,2590707.0358218183,2760854.357306956,2967565.7130648186,3047741.830041819,2022-12-09,30498536.62558226,31594271.168003686,60104756.54241983,30716421.226853717
3919667.3655318185,2645373.1221018177,2736241.1927443184,2840634.9685748983,2685453.1787318178,2101595.806651818,2410494.1562818186,2586147.0358218183,2765204.357306956,2967565.7130648186,3048056.830041819,2022-12-12,30499443.50550311,31595281.41970907,60155840.13036215,30706433.726853717
3925317.3655318185,2645613.1221018177,2747678.6927443184,2844909.9685748983,2686415.6787318178,2124545.806651818,2440434.1562818186,2587047.0358218183,2772441.857306956,2968465.7130648186,3056696.830041819,2022-12-13,30682221.0313698,31784574.39622777,60778344.04287225,30799566.226853717
3927567.3655318185,2643693.1221018177,2750641.1927443184,2841062.4685748983,2681328.1787318178,2139770.806651818,2449314.1562818186,2590287.0358218183,2767116.857306956,2970040.7130648186,3062456.830041819,2022-12-14,30768457.06748011,31873911.189477406,60796275.9887228,30823278.726853717
3924967.3655318185,2643813.1221018177,2749309.9427443184,2839209.9685748983,2674865.6787318178,2133860.806651818,2402694.1562818186,2585547.0358218183,2745254.357306956,2969140.7130648186,3052871.830041819,2022-12-15,30363823.735520836,31454727.214418877,60352327.79730976,30721534.976853717
3922017.3655318185,2645613.1221018177,2747734.9427443184,2839494.9685748983,2673353.1787318178,2126705.806651818,2380914.1562818186,2580327.0358218183,2736479.357306956,2963515.7130648186,3038876.830041819,2022-12-16,30123253.225606993,31205570.95079957,59578985.32066874,30655032.476853717
3935767.3655318185,2645853.1221018177,2757616.1927443184,2848472.4685748983,2681190.6787318178,2124860.806651818,2363274.1562818186,2592147.0358218183,2761566.857306956,2970265.7130648186,3031946.830041819,2022-12-19,30372974.978358548,31464265.870055787,60456103.3546807,30712961.226853717
3937717.3655318185,2645853.1221018177,2757072.4427443184,2845764.9685748983,2684490.6787318178,2130845.806651818,2363154.1562818186,2588487.0358218183,2778029.357306956,2970490.7130648186,3046886.830041819,2022-12-20,30315017.107053053,31404155.893585254,61177900.82882993,30748792.476853717
3903717.3655318185,2645733.1221018177,2745822.4427443184,2832939.9685748983,2667990.6787318178,2105915.806651818,2366154.1562818186,2568207.0358218183,2752529.357306956,2961715.7130648186,3054986.830041819,2022-12-21,30007997.03202935,31086114.56019397,58751862.94192093,30605712.476853717
3913767.3655318185,2645853.1221018177,2746478.6927443184,2835077.4685748983,2669778.1787318178,2083490.806651818,2381154.1562818186,2576187.0358218183,2748516.857306956,2963740.7130648186,3055301.830041819,2022-12-22,29889690.424172472,30963556.93179509,58442687.74329582,30619346.226853717
3806467.3655318185,2645853.1221018177,2731159.9427443184,2831229.9685748983,2653003.1787318178,2046755.806651818,2351274.1562818186,2575287.0358218183,2693016.8573069554,2934040.7130648186,3049181.830041819,2022-12-23,29361144.31757286,30416035.748813838,56181785.593733825,30317269.976853717
3878967.3655318185,2646813.1221018177,2748128.6927443184,2835789.9685748983,2678165.6787318178,2103455.806651818,2357754.1562818186,2573307.0358218183,2710041.857306956,2969365.7130648186,3058811.830041819,2022-12-26,29703780.04039738,30770998.257903166,57154655.272581115,30560601.226853717
3921367.3655318185,2646813.1221018177,2759547.4427443184,2842059.9685748983,2686278.1787318178,2111930.806651818,2372694.1562818186,2580507.0358218183,2725829.3573069554,2972740.7130648186,3064256.830041819,2022-12-27,29897852.343460158,30972026.600162346,57751319.32615082,30684024.976853717
3939067.3655318185,2646693.1221018177,2761216.1927443184,2830517.4685748983,2688340.6787318178,2126675.806651818,2367114.1562818186,2581587.0358218183,2725791.8573069554,2974540.7130648186,3066911.830041819,2022-12-28,29881693.392143123,30955286.964346338,57892011.152111694,30708456.226853717
3946717.3655318185,2646813.1221018177,2764647.4427443184,2854314.9685748983,2692465.6787318178,2147570.806651818,2376114.1562818186,2579688.551021818,2724966.857306956,2975440.7130648186,3070466.830041819,2022-12-29,29994641.164104044,31072311.702591296,58236224.72765395,30779206.492053717
3946530.9177318183,2646736.6733818175,2764554.0691193184,2854231.5296898982,2692373.252491818,2134246.494701818,2364866.2546418183,2589812.511981818,2727823.5765819554,2975359.5018148185,3070373.179029319,2022-12-30,29853332.78370914,30925883.940874435,58498183.23502959,30766907.961166218
3945780.9177318183,2650936.6733818175,2764497.8191193184,2861784.0296898982,2701333.252491818,2141521.494701818,2384066.2546418183,2588972.511981818,2748523.576581956,2976934.5018148185,3072254.429029319,2023-01-02,30005276.392266788,31083342.241560582,58515656.27906881,30836605.461166218
3952430.9177318183,2654896.6733818175,2768791.5691193184,2863351.5296898982,2701473.252491818,2155801.494701818,2382446.2546418183,2597072.511981818,2736411.076581956,2978959.5018148185,3078073.179029319,2023-01-03,30063151.819943115,31143299.505564023,58566129.89865321,30869707.961166218
3949780.9177318183,2654656.6733818175,2765229.0691193184,2861356.5296898982,2700773.252491818,2138386.494701818,2349266.2546418183,2586272.511981818,2711698.576581956,2975359.5018148185,3077679.429029319,2023-01-04,29750525.57813595,30819408.109971773,58290848.78081537,30770459.211166218
3953380.9177318183,2654656.6733818175,2701010.3191193184,2859504.0296898982,2687053.252491818,2131801.494701818,2325806.2546418183,2586332.511981818,2709111.076581956,2976259.5018148185,3077241.929029319,2023-01-05,29666762.8509007,30732620.440211307,57947553.85836022,30662157.961166218
3956830.9177318183,2653576.6733818175,2680835.3191193184,2855656.5296898982,2680753.252491818,2095021.494701818,2293886.2546418183,2551052.511981818,2725236.076581956,2974909.5018148185,3063329.429029319,2023-01-06,29447957.45908735,30506018.63327041,57529448.00131217,30531087.961166218
3968180.9177318183,2657296.6733818175,2686254.0691193184,2866059.0296898982,2685933.252491818,2137186.494701818,2337086.2546418183,2580272.511981818,2765623.576581956,2982334.5018148185,3079866.929029319,2023-01-09,29846572.406117316,30918882.661613844,58291687.667273484,30746094.211166218
3903380.9177318183,2657056.6733818175,2668385.3191193184,2852521.5296898982,2673333.252491818,2146021.494701818,2319506.2546418183,2562452.511981818,2741886.076581956,2969734.5018148185,3085073.179029319,2023-01-10,29538150.78939775,30599431.67468016,56280945.14451447,30579351.711166218
3907180.9177318183,2657056.6733818175,2666847.8191193184,2816611.5296898982,2680613.252491818,2130931.494701818,2321306.2546418183,2570612.511981818,2719423.576581956,2973559.5018148185,3087085.679029319,2023-01-11,29507729.09023455,30567867.182443235,56095269.797702104,30531229.211166218
3917680.9177318183,2654056.6733818175,2669004.0691193184,2799796.5296898982,2672633.252491818,2126506.494701818,2332466.2546418183,2544872.511981818,2680348.576581956,2973334.5018148185,3087260.679029319,2023-01-12,29445896.368358135,30503810.176053982,56017119.28232813,30457960.461166218
3955480.9177318183,2655496.6733818175,2693472.8191193184,2818179.0296898982,2691953.252491818,2155366.494701818,2360306.2546418183,2546612.511981818,2678286.076581956,2982334.5018148185,3088879.429029319,2023-01-13,29608145.43056185,30671946.602323815,56846090.046804965,30626367.961166218
3920380.9177318183,2648656.6733818175,2702004.0691193184,2806494.0296898982,2684253.252491818,2160961.494701818,2386706.2546418183,2551832.511981818,2661523.576581956,2985259.5018148185,3088879.429029319,2023-01-16,29506327.548538685,30566445.781787984,56046318.8221001,30596951.711166218
3936580.9177318183,2651536.6733818175,2697729.0691193184,2826444.0296898982,2684393.252491818,2152711.494701818,2403446.2546418183,2567552.511981818,2687623.576581956,2980084.5018148185,3089579.429029319,2023-01-17,29767591.409373842,30837122.756154608,56279785.76795141,30677681.711166218
3912630.9177318183,2655136.6733818175,2707160.3191193184,2849101.5296898982,2689573.252491818,2144341.494701818,2410766.2546418183,2569172.511981818,2685073.5765819554,2980084.5018148185,3090541.929029319,2023-01-18,29952347.582340576,31028483.22453549,56023147.43287864,30693582.961166218
3842680.9177318183,2658376.6733818175,2706860.3191193184,2842404.0296898982,2686773.252491818,2120506.494701818,2402846.2546418183,2531912.511981818,2683386.076581956,2980309.5018148185,3090629.429029319,2023-01-19,29857537.408796735,30934341.862128835,54860498.07073338,30546685.461166218
3844780.9177318183,2659336.6733818175,2656441.5691193184,2826729.0296898982,2695033.252491818,2123911.494701818,2386826.2546418183,2526932.511981818,2661448.576581956,2987959.5018148185,3090716.929029319,2023-01-20,29725297.82761037,30797335.28492035,54667168.34916936,30460116.711166218
3826930.9177318183,2659336.6733818175,2661710.3191193184,2848389.0296898982,2704553.252491818,2127286.494701818,2413826.2546418183,2552492.511981818,2652898.576581956,2991109.5018148185,3090891.929029319,2023-01-23,29875180.345438804,30952632.116841484,54707828.26643665,30529425.461166218
3836230.9177318183,2661136.6733818175,2656479.0691193184,2853234.0296898982,2710013.252491818,2136676.494701818,2418506.2546418183,2524532.511981818,2642323.5765819554,2991559.5018148185,3090891.929029319,2023-01-24,29874768.127292965,30952796.576421432,54660095.1175664,30521584.211166218
3779415.6577318185,2662216.6733818175,2631013.9803693183,2859449.954639898,2696846.897691818,2069431.494701818,2407886.2546418183,2512232.511981818,2617423.576581956,2938648.1983148186,3090891.929029319,2023-01-25,29501545.81804691,30566140.356853794,53819062.801596105,30265457.129066218
3151786.7358318185,2662064.0241818177,2617680.983006818,2853679.164624898,2590101.237211818,2021669.026311818,2379239.7868818184,2468126.919781818,2583484.1014819555,2809162.0292148185,3090819.338129319,2023-01-27,29027330.063069377,30074817.361762915,48318733.50411086,29227813.34665872
3269636.7358318185,2663744.0241818177,2701343.483006818,2842991.664624898,2607321.237211818,1992449.026311818,2402939.7868818184,2483246.919781818,2600396.6014819555,2802862.0292148185,3095675.588129319,2023-01-30,29100869.780287728,30150950.4001654,49512551.97948235,29462607.09665872
3353236.7358318185,2669144.0241818177,2666974.733006818,2842564.164624898,2629861.237211818,1986479.026311818,2396759.7868818184,2489546.919781818,2596384.1014819555,2866087.0292148185,3085656.838129319,2023-01-31,29122634.898388226,30173563.592408076,50122198.99657197,29582694.59665872
2542636.7358318185,2651264.0241818177,2650624.733006818,2842279.164624898,2672841.237211818,1939139.026311818,2417699.7868818184,2507486.919781818,2586746.6014819555,2758762.0292148185,3094319.338129319,2023-02-01,29047034.09044066,30095210.349676315,43416237.2949069,28663799.59665872
1977786.7358318185,2666624.0241818177,2619799.733006818,2862086.664624898,2698461.237211818,1979459.026311818,2456579.7868818184,2524886.919781818,2577559.1014819555,2763037.0292148185,3097906.838129319,2023-02-02,29037305.742198773,30085119.57973529,39182903.492275,28224187.09665872
1998536.7358318185,2679944.0241818177,2713455.983006818,2898424.164624898,2715541.237211818,2011019.026311818,2475479.7868818184,2545466.919781818,2579246.6014819555,2832112.0292148185,3098781.838129319,2023-02-03,29439053.547137145,30501378.52369334,39795205.15916544,28548008.34665872
1988786.7358318185,2681504.0241818177,2738787.233006818,2892011.664624898,2692441.237211818,2039444.026311818,2440199.7868818184,2512406.919781818,2566759.1014819555,2846737.0292148185,3099481.838129319,2023-02-06,29291561.8945546,30348513.344132848,39572092.12290395,28498559.59665872
2217286.7358318185,2683424.0241818177,2755343.483006818,2884031.664624898,2690901.237211818,2056394.026311818,2431319.7868818184,2544746.919781818,2562859.1014819555,2856637.0292148185,3100444.338129319,2023-02-07,29220495.486211304,30274882.440768123,41420705.397088856,28783388.34665872
2577386.7358318185,2680904.0241818177,2788268.483006818,2863369.164624898,2708401.237211818,2061044.026311818,2465099.7868818184,2535266.919781818,2597471.6014819555,2870812.0292148185,3102106.838129319,2023-02-08,29468156.148233645,30534669.841519702,44460069.71410621,29250130.84665872
2339986.7358318185,2681024.0241818177,2800737.233006818,2841139.164624898,2713161.237211818,2082329.026311818,2496899.7868818184,2542466.919781818,2600771.601481956,2876662.0292148185,3102631.838129319,2023-02-09,29504019.126921967,30571790.71813625,42722247.56892794,29077809.59665872
2263436.7358318185,2681264.0241818177,2798430.983006818,2856101.664624898,2697901.237211818,2081459.026311818,2486939.7868818184,2544566.919781818,2586484.1014819555,2887912.0292148185,3102019.338129319,2023-02-10,29443093.284966405,30508696.97500097,42056775.44180255,28986515.84665872
2136186.7358318185,2677424.0241818177,2793462.233006818,2847409.164624898,2691181.237211818,2077964.026311818,2437739.7868818184,2546546.919781818,2576846.6014819555,2820637.0292148185,3102106.838129319,2023-02-13,29301949.791829836,30362410.178638346,40713630.258197844,28707504.59665872
2169086.7358318185,2687864.0241818177,2806193.483006818,2866646.664624898,2731081.237211818,2077904.026311818,2468699.7868818184,2544146.919781818,2618059.1014819555,2836162.0292148185,3103725.588129319,2023-02-14,29564038.088956676,30634038.66914609,41271231.32738078,28909569.59665872
2198886.7358318185,2689304.0241818177,2809455.983006818,2895146.664624898,2745221.237211818,2070194.026311818,2473379.7868818184,2561846.919781818,2658034.1014819555,2842912.0292148185,3104075.588129319,2023-02-15,29705841.131126594,30801435.027306166,41671569.471161045,29048457.09665872
2216436.7358318185,2688704.0241818177,2802818.483006818,2893579.164624898,2742561.237211818,2069144.026311818,2479019.7868818184,2564546.919781818,2656871.601481956,2833912.0292148185,3103988.088129319,2023-02-16,29738818.582794014,30835607.378596526,41798632.441578,29051582.09665872
2143236.7358318185,2683424.0241818177,2811312.233006818,2872489.164624898,2726601.237211818,2029754.026311818,2457419.7868818184,2533646.919781818,2664596.6014819555,2793412.0292148185,3104513.088129319,2023-02-17,29587699.410528053,30678900.893132992,40925837.1580826,28820405.84665872
2042286.7358318185,2678384.0241818177,2811293.483006818,2878901.664624898,2698601.237211818,2023994.026311818,2467919.7868818184,2508446.919781818,2645509.1014819555,2767762.0292148185,3105081.838129319,2023-02-20,29423471.701224286,30508649.986549556,39976004.77621756,28628180.84665872
1991886.7358318185,2677784.0241818177,2814105.983006818,2879614.164624898,2705321.237211818,2015339.026311818,2452439.7868818184,2500406.919781818,2660471.6014819555,2760112.0292148185,3105125.588129319,2023-02-21,29393956.881981947,30477978.274889495,39522210.12409849,28562607.09665872
1825786.7358318185,2657864.0241818177,2804749.733006818,2860519.164624898,2663881.237211818,2004629.026311818,2431079.7868818184,2465186.919781818,2619184.1014819555,2728162.0292148185,3105125.588129319,2023-02-22,28944803.99027165,30012310.974270295,37806056.64205633,28166168.34665872
1803836.7358318185,2684160.150181818,2812022.144256818,2834584.164624898,2665561.237211818,1984094.026311818,2417939.7868818184,2473286.919781818,2610746.6014819555,2749537.0292148185,3105169.338129319,2023-02-23,28873820.025557525,29938656.576679867,37608655.24095836,28140938.133908723
1739752.8938318184,2700995.5078618177,2811934.9158318182,2817857.415439898,2665352.708971818,1988300.0075718183,2417852.294921818,2461424.884181818,2622863.3996069552,2749716.9210148184,3105106.903879319,2023-02-24,28798878.766643308,29861243.102976367,37096791.31010375,28081157.85311372
1617652.8938318184,2706995.5078618177,2811897.4158318182,2808024.915439898,2705112.708971818,1993010.0075718183,2368412.294921818,2494244.884181818,2611463.3996069557,2779191.9210148184,3096663.153879319,2023-02-27,28678346.180798877,29736289.063555405,36074382.04280163,27992669.10311372
1787952.8938318184,2686955.5078618177,2804247.4158318182,2779809.915439898,2702592.708971818,1988945.0075718183,2342492.294921818,2498504.884181818,2578013.399606956,2758266.9210148184,3090625.653879319,2023-02-28,28532008.73902469,29584481.124151714,37151186.359082974,28018406.60311372
1988352.8938318184,2728955.5078618177,2809403.6658318182,2802182.415439898,2707492.708971818,2014580.0075718183,2352692.294921818,2516084.884181818,2594138.3996069557,2819466.9210148184,3103050.653879319,2023-03-01,28774310.565151077,29835787.109423183,39061575.477815814,28436400.35311372
2029402.8938318184,2691515.5078618177,2800591.1658318182,2774679.915439898,2703432.708971818,2016725.0075718183,2324072.294921818,2490824.884181818,2580788.399606956,2807091.9210148184,3093688.153879319,2023-03-02,28561606.001896203,29615235.065601755,39102535.98380679,28312812.85311372
2299752.8938318184,2708195.5078618177,2804303.6658318182,2841939.915439898,2734792.708971818,2042840.0075718183,2332652.294921818,2523824.884181818,2625113.3996069557,2909691.9210148184,3099288.153879319,2023-03-03,29010841.337235667,30080996.34312377,41730803.39353235,28922395.35311372
2398702.8938318184,2723435.5078618177,2808766.1658318182,2847782.415439898,2735772.708971818,2036780.0075718183,2366432.294921818,2525024.884181818,2642550.8996069552,2913291.9210148184,3106769.403879319,2023-03-06,29203924.31674842,30281237.62882178,42689749.29722898,29105309.10311372
2455752.8938318184,2727395.5078618177,2795566.1658318182,2848494.915439898,2746832.708971818,2081630.0075718183,2348852.294921818,2513504.884181818,2649225.8996069557,2926116.9210148184,3107031.903879319,2023-03-08,29274743.394204214,30354680.57838085,43171251.024138555,29200404.10311372
2372402.8938318184,2739395.5078618177,2781972.4158318182,2865309.915439898,2710712.708971818,2080655.0075718183,2334032.294921818,2486984.884181818,2605800.8996069557,2907216.9210148184,3098938.153879319,2023-03-09,29003009.192464653,30072890.83525497,42230229.78299655,28983421.60311372
2317052.8938318184,2710595.5078618177,2777341.1658318182,2867874.915439898,2679772.708971818,2061005.0075718183,2323412.294921818,2467064.884181818,2578500.8996069552,2865816.9210148184,3096444.403879319,2023-03-10,28711653.406982977,29770813.82823137,41497387.034225844,28744881.60311372
2295502.8938318184,2667155.5078618177,2767497.4158318182,2845359.915439898,2641272.708971818,1970435.0075718183,2279732.294921818,2436644.884181818,2550038.3996069557,2791566.9210148184,3084763.153879319,2023-03-13,28285254.956923205,29328640.753318854,40758696.93567413,28329969.10311372
2159552.8938318184,2669195.5078618177,2752253.6658318182,2862602.415439898,2646872.708971818,1975295.0075718183,2261732.294921818,2406284.884181818,2543700.8996069552,2771541.9210148184,3068138.153879319,2023-03-14,28102230.10016901,29138842.650947466,39531753.123417616,28117170.35311372
2260202.8938318184,2650115.5078618177,2752666.1658318182,2822132.415439898,2635532.708971818,1953110.0075718183,2261432.294921818,2427524.884181818,2514675.899606956,2737116.9210148184,3062844.403879319,2023-03-15,27984912.815862153,29017248.285802558,40106100.08579174,28077354.10311372
2265552.8938318184,2665475.5078618177,2752516.1658318182,2793062.415439898,2630632.708971818,1921655.0075718183,2242892.294921818,2424944.884181818,2506463.3996069557,2768166.9210148184,3052344.403879319,2023-03-16,28007090.152108494,29040648.53460641,40049328.63752279,28023706.60311372
2298402.8938318184,2681915.5078618177,2759547.4158318182,2825124.915439898,2665072.708971818,1925300.0075718183,2262752.294921818,2460464.884181818,2504513.3996069557,2792241.9210148184,3065425.653879319,2023-03-17,28195803.61927532,29236331.94051732,40511317.710664794,28240761.60311372
2227852.8938318184,2682995.5078618177,2703934.9158318182,2818569.915439898,2666752.708971818,1903955.0075718183,2242412.294921818,2468324.884181818,2488388.3996069557,2745441.9210148184,3036988.153879319,2023-03-20,28011706.995341934,29045441.356650572,39691768.65498753,27985616.60311372
2248402.8938318184,2724875.5078618177,2755066.1658318182,2824982.415439898,2710712.708971818,1928885.0075718183,2226872.294921818,2477324.884181818,2539725.8996069552,2757816.9210148184,3012619.403879319,2023-03-21,28208087.720021434,29249101.0521889,40091842.843080975,28207284.10311372
2238852.8938318184,2711675.5078618177,2785909.9158318182,2824554.915439898,2731852.708971818,1938935.0075718183,2225252.294921818,2475404.884181818,2545088.3996069557,2757141.9210148184,3025088.153879319,2023-03-22,28281297.662723113,29324963.90699576,40119293.83456016,28259756.60311372
2217952.8938318184,2711195.5078618177,2790334.9158318182,2844647.415439898,2720792.708971818,1923770.0075718183,2207672.294921818,2445344.884181818,2523488.399606956,2717991.9210148184,3022550.653879319,2023-03-23,28157632.21897028,29196732.42308872,39786400.09676776,28125741.60311372
2164502.8938318184,2690795.5078618177,2739916.1658318182,2841654.915439898,2713372.708971818,1913510.0075718183,2214992.294921818,2460224.884181818,2490150.899606956,2684691.9210148184,3021238.153879319,2023-03-24,27940228.368852798,28971352.315884564,39171172.68830856,27935050.35311372
2146952.8938318184,2675315.5078618177,2722159.9158318182,2839802.415439898,2703432.708971818,1917560.0075718183,2224952.294921818,2476004.884181818,2515988.399606956,2706741.9210148184,3032219.403879319,2023-03-27,28007255.039366834,29040871.729750622,39088248.300096706,27961130.35311372
2024952.8938318184,2673275.5078618177,2699303.6658318182,2802182.415439898,2720512.708971818,1945520.0075718183,2211272.294921818,2468624.884181818,2523900.8996069557,2697516.9210148184,3021500.653879319,2023-03-28,27951193.371532217,28982676.53267518,38073245.98503814,27788562.85311372
2164552.8938318184,2697755.5078618177,2725199.253956818,2788359.915439898,2710152.708971818,1970750.0075718183,2218472.294921818,2495324.884181818,2513925.8996069552,2735541.9210148184,3038187.888098069,2023-03-29,28163897.93478709,29203240.323609468,39316842.01964678,28058223.17545747
2176870.7588318186,2735831.6849018177,2721941.547194318,2803688.368829898,2783524.435731818,1983730.583681818,2271727.4658818184,2509443.258261818,2586157.630206956,2768126.4217148186,3096686.676060569,2023-03-31,28624015.829176802,29680325.8179221,39889557.89703891,28437728.83129747
2144020.7588318186,2749271.6849018177,2751510.297194318,2836748.368829898,2800324.435731818,1996645.583681818,2251507.4658818184,2524983.258261818,2586720.1302069556,2782526.4217148186,3094324.176060569,2023-04-03,28687167.649119914,29745862.960530877,39755478.391847014,28518582.581297465
2124570.7588318186,2741711.6849018177,2769022.797194318,2844870.868829898,2803684.435731818,1984090.583681818,2266567.4658818184,2532723.258261818,2582857.6302069556,2766326.4217148186,3116592.926060569,2023-04-05,28949338.389875922,30017726.39329569,39650235.19572945,28533018.831297465
2180620.7588318186,2726711.6849018177,2814585.297194318,2853563.368829898,2784084.435731818,2001670.583681818,2264587.4658818184,2539803.258261818,2595007.6302069556,2787926.4217148186,3108149.176060569,2023-04-06,29018755.92563585,30089700.953748096,40167346.58828555,28656710.081297465
2223820.7588318186,2719151.6849018177,2793154.047194318,2862825.868829898,2772044.435731818,1987780.583681818,2271667.4658818184,2542803.258261818,2582820.1302069556,2782526.4217148186,3135274.176060569,2023-04-10,29059812.852961786,30132202.008051474,40448117.91329348,28673868.831297465
2229770.7588318186,2731031.6849018177,2796304.047194318,2873655.868829898,2802704.435731818,1993435.583681818,2245747.4658818184,2611863.258261818,2590807.6302069556,2808176.4217148186,3106574.176060569,2023-04-11,29221814.584278,30300232.710305627,40635389.453283325,28790071.331297465
2273870.7588318186,2727311.6849018177,2804329.047194318,2868668.368829898,2819644.435731818,1994545.583681818,2272267.4658818184,2614443.258261818,2599282.6302069556,2791076.4217148186,3127967.926060569,2023-04-12,29370378.00403974,30454260.8540386,41062888.84059187,28893407.581297465
2297370.7588318186,2755391.6849018177,2817679.047194318,2860403.368829898,2836724.435731818,2032900.583681818,2225227.4658818184,2626923.258261818,2606107.6302069556,2812676.4217148186,3100536.676060569,2023-04-13,29396100.41634033,30484215.991814613,41296507.89397583,28971941.331297465
2305370.7588318186,2755751.6849018177,2835154.047194318,2841593.368829898,2835464.435731818,2049745.583681818,2068267.4658818184,2634243.258261818,2614957.6302069556,2861276.4217148186,3063130.426060569,2023-04-17,29196339.502864916,30277090.89798455,41148888.87557678,28864955.081297465
2277570.7588318186,2756351.6849018177,2826960.297194318,2843160.868829898,2830844.435731818,2072215.583681818,2069647.4658818184,2634723.258261818,2594595.1302069556,2870051.4217148186,3057486.676060569,2023-04-18,29119337.153221484,30197234.024807554,40891856.66102247,28833607.581297465
2280470.7588318186,2779511.6849018177,2835341.547194318,2857125.868829898,2826504.435731818,2045815.583681818,2037187.4658818184,2637183.258261818,2603407.6302069556,2845976.4217148186,3023274.176060569,2023-04-19,29051073.82826992,30126434.175640482,40796826.530162886,28771798.831297465
2269520.7588318186,2772071.6849018177,2828254.047194318,2877788.368829898,2830704.435731818,2053720.583681818,2026627.4658818184,2636943.258261818,2599020.130206956,2866676.4217148186,3036836.676060569,2023-04-20,29060472.401995137,30136231.26776017,40740699.41349045,28798163.83129747
2229620.7588318186,2763911.6849018177,2839485.297194318,2859833.368829898,2812224.435731818,2043295.583681818,2031367.4658818184,2637783.258261818,2601307.6302069556,2859476.4217148186,3085530.426060569,2023-04-21,29059812.852961786,30136959.588757075,40417980.77205313,28763836.331297465
2228570.7588318186,2802671.6849018177,2841266.547194318,2846295.868829898,2866264.435731818,2027785.583681818,2030107.4658818184,2643243.258261818,2608357.6302069556,2911001.4217148186,3098480.426060569,2023-04-24,29256605.79578713,30340983.444793858,40569855.13299471,28904045.081297465
2271220.7588318186,2795471.6849018177,2868829.047194318,2881208.368829898,2877884.435731818,2052115.583681818,2028427.4658818184,2643003.258261818,2621895.130206956,2942951.4217148186,3099880.426060569,2023-04-25,29299229.152067274,30385187.83046097,41109025.10773176,29082887.58129747
2274520.7588318186,2816231.6849018177,2868322.797194318,2884058.368829898,2880404.435731818,2071600.583681818,2031547.4658818184,2647023.258261818,2611545.1302069556,2963876.4217148186,3119480.426060569,2023-04-26,29372356.651139785,30461085.92660639,41203370.86864452,29168611.331297465
2279670.7588318186,2808431.6849018177,2882441.9096943177,2921678.368829898,2875241.673731818,2080525.583681818,2054047.4658818184,2640984.7734618178,2622757.630206956,2957576.4217148186,3111036.676060569,2023-04-27,29539634.774722785,30634567.289224494,41434565.75245229,29234392.946997467
2351570.7588318186,2757026.0015418176,2882377.699669318,2958087.363924898,2875189.832511818,2090128.8586418182,2061822.8041818184,2640933.1445818176,2655313.434744456,3018433.8612648183,3138365.739029319,2023-04-28,29786883.218599282,30898336.96123335,42239276.06200774,29429249.498923715
2346470.7588318186,2781626.0015418176,2882190.199669318,2935287.363924898,2877009.832511818,2089108.8586418182,2091762.8041818184,2640933.1445818176,2670800.934744456,3005608.8612648183,3138540.739029319,2023-05-02,29923162.537614904,31039748.705761842,42238106.4930062,29459339.498923715
2265620.7588318186,2757506.0015418176,2879433.949669318,2907499.863924898,2876169.832511818,2084443.8586418182,2081502.8041818184,2642553.1445818176,2655163.434744456,2989858.8612648183,3106865.739029319,2023-05-03,29827857.702296056,30940885.003988147,41410650.65635073,29246618.248923715
2337870.7588318186,2772266.0015418176,2887102.699669318,2936997.363924898,2877569.832511818,2072023.8586418182,2086542.8041818184,2644773.1445818176,2676125.934744456,3025183.8612648183,3142521.989029319,2023-05-04,30101488.10750649,31224730.491863362,42245190.2576977,29458978.248923715
2346920.7588318186,2771186.0015418176,2887440.199669318,2932722.363924898,2876729.832511818,2001703.8586418182,2069742.8041818184,2638413.1445818176,2671813.434744456,3011008.8612648183,3151578.239029319,2023-05-05,29793478.70893277,30905220.76936541,42163556.71277415,29359259.498923715
2314120.7588318186,2802266.0015418176,2890665.199669318,2949822.363924898,2878409.832511818,2063293.8586418182,2077542.8041818184,2643813.1445818176,2694275.934744456,3035308.8612648183,3167896.989029319,2023-05-08,30115668.411723483,31239437.877155744,42331059.36150774,29517415.748923715
2322720.7588318186,2824466.0015418176,2890365.199669318,2949964.863924898,2878689.832511818,2079223.8586418182,2083662.8041818184,2644473.1445818176,2700050.934744456,2999083.8612648183,3188415.739029319,2023-05-09,30118224.16422771,31242057.48332204,42372685.43974617,29561116.998923715
2318770.7588318186,2827946.0015418176,2890777.699669318,2956662.363924898,2878829.832511818,2111083.858641818,2074722.8041818184,2645193.1445818176,2712200.934744456,2995708.8612648183,3191609.489029319,2023-05-10,30199266.2517004,31326155.06423909,42443606.49553851,29603505.748923715
2411270.7588318186,2841386.0015418176,2891171.449669318,2936569.863924898,2879669.832511818,2125138.858641818,2066142.8041818184,2644833.1445818176,2700238.434744456,3001108.8612648183,3190034.489029319,2023-05-11,30169421.657941382,31295213.168983396,43166413.622626,29687564.498923715
2391320.7588318186,2871266.0015418176,2891452.699669318,2945689.863924898,2880369.832511818,2144053.858641818,2053062.8041818184,2646273.1445818176,2704250.934744456,3018208.8612648183,3186403.239029319,2023-05-12,30198771.58992539,31325638.191273537,43130064.93355492,29732351.998923715
2342670.7588318186,2883386.0015418176,2891996.449669318,2956519.863924898,2880649.832511818,2154748.858641818,2068842.8041818184,2646813.1445818176,2708150.934744456,3031033.8612648183,3172315.739029319,2023-05-15,30337359.33055773,31469364.117034137,42857552.75261619,29737128.248923715
2315770.7588318186,2889386.0015418176,2892296.449669318,2931582.363924898,2880649.832511818,2156233.858641818,2075802.8041818184,2646633.1445818176,2681563.434744456,3044083.8612648183,3176515.739029319,2023-05-16,30152108.495815985,31340909.43798288,42618163.661819935,29690518.248923715
2326120.7588318186,2885666.0015418176,2892521.449669318,2948254.863924898,2880929.832511818,2166253.858641818,2055102.8041818184,2645133.1445818176,2670838.434744456,3041608.8612648183,3135828.239029319,2023-05-17,29979389.09270786,31161354.818019602,42534318.30386101,29648258.248923715
2316620.7588318186,2885186.0015418176,2892877.699669318,2968489.863924898,2881909.832511818,2169103.858641818,2054022.8041818184,2647053.1445818176,2667125.934744456,3011683.8612648183,3129090.739029319,2023-05-18,29893977.492889237,31072593.633299775,42484128.78376207,29623164.498923715
2382670.7588318186,2907026.0015418176,2893177.699669318,2987299.863924898,2882749.832511818,2177188.858641818,2081502.8041818184,2647953.1445818176,2673238.4347444554,3022708.8612648183,3150528.239029319,2023-05-19,30015087.184137847,31200449.209595513,43188982.835661836,29806044.498923715
2752720.7588318186,2896586.0015418176,2893421.449669318,2977467.363924898,2883169.832511818,2177578.858641818,2110182.8041818184,2648013.1445818176,2683250.934744456,3034858.8612648183,3213703.239029319,2023-05-22,30198112.04089204,31390670.208029624,46187059.389982305,30270953.248923715
3060320.7588318186,2895386.0015418176,2893515.199669318,2972764.863924898,2882749.832511818,2183008.858641818,2118882.8041818184,2648133.1445818176,2683025.934744456,3055108.8612648183,3214796.989029319,2023-05-23,30253514.15969331,31448313.290800955,48629374.57923114,30607693.248923715
2902220.7588318186,2900786.0015418176,2893815.199669318,2977182.363924898,2883029.832511818,2186293.858641818,2117022.8041818184,2648433.1445818176,2672300.934744456,3062758.8612648183,3221534.489029319,2023-05-24,30150294.73597428,31340968.17354715,47354532.75114861,30465378.248923715
2964070.7588318186,2909786.0015418176,2893852.699669318,3038172.363924898,2883169.832511818,2181628.3220548183,2124042.8041818184,2648853.1445818176,2672188.4347444554,3058258.8612648183,3213178.239029319,2023-05-25,30209241.930829797,31402217.619964454,47951622.96479771,30587201.462336715
2970970.7588318186,2923873.9880218175,2893778.8016318176,3024578.483937398,2883119.973131818,2181507.8950148183,2139762.8041818184,2648783.6791418176,2722045.749169456,3079548.1518148184,3244076.222248069,2023-05-26,30503071.025186528,31707654.301264107,48258674.23821443,30712046.50712547
2960670.7588318186,2929993.9880218175,2894753.8016318176,3033555.983937398,2882979.973131818,2186997.8950148183,2136102.8041818184,2649863.6791418176,2731983.249169456,3116898.1518148184,3237644.972248069,2023-05-29,30666804.072715282,31877928.70207325,48288124.89135779,30761445.25712547
2923070.7588318186,2946433.9880218175,2898672.5516318176,3027000.983937398,2883819.973131818,2189337.8950148183,2147442.8041818184,2649443.6791418176,2732133.2491694554,3109473.1518148184,3234538.722248069,2023-05-30,30724844.387649946,31938261.873687997,48079566.27521147,30741367.75712547
2919970.7588318186,2898793.9880218175,2898485.0516318176,3103665.983937398,2883679.973131818,2190237.8950148183,2140782.8041818184,2650943.6791418176,2698045.749169456,3103173.1518148184,3212882.472248069,2023-05-31,30560864.009233687,31784680.12024345,48034783.74058047,30700661.50712547
2918770.7588318186,2911633.9880218175,2900041.3016318176,3053505.983937398,2881439.973131818,2191767.8950148183,2142222.8041818184,2645423.6791418176,2694370.749169456,3117798.1518148184,3243551.222248069,2023-06-01,30483944.103219423,31704694.028825067,47883825.85327313,30700526.50712547
2871670.7588318186,2926273.9880218175,2901147.5516318176,3077160.983937398,2883259.973131818,2196357.8950148183,2138622.8041818184,2649023.6791418176,2688595.7491694554,3139173.1518148184,3228676.222248069,2023-06-02,30560369.347458676,31812203.60565882,47583262.01151143,30699962.75712547
2860570.7588318186,2971993.9880218175,2901935.0516318176,3073028.483937398,2885079.973131818,2199327.8950148183,2145222.8041818184,2647883.6791418176,2704758.249169456,3140073.1518148184,3215551.222248069,2023-06-05,30658889.4843151,31914708.912417054,47617767.36099862,30745425.25712547
2860270.7588318186,2994793.9880218175,2903247.5516318176,3060060.983937398,2885079.973131818,2201487.8950148183,2114622.8041818184,2653343.6791418176,2706445.749169456,3133323.1518148184,3169351.222248069,2023-06-06,30667381.178119462,31923601.47684703,47582046.55816482,30682027.75712547
2866170.7588318186,3008713.9880218175,2903360.0516318176,3096683.483937398,2884099.973131818,2201307.8950148183,2126562.8041818184,2651423.6791418176,2719420.749169456,3148848.1518148184,3205707.472248069,2023-06-07,30877447.545240942,32142273.982611924,47773518.11156854,30812299.00712547
2855770.7588318186,2987953.9880218175,2902666.3016318176,3076305.983937398,2884379.973131818,2200137.8950148183,2119182.8041818184,2627843.6791418176,2721408.249169456,3145923.1518148184,3173551.222248069,2023-06-08,30725998.598458305,31984557.245443,47470576.56539675,30695124.00712547
2877770.7588318186,3011113.9880218175,2902947.5516318176,3071460.983937398,2883959.973131818,2201847.8950148183,2098962.8041818184,2640623.6791418176,2709220.7491694554,3106998.1518148184,3150494.972248069,2023-06-09,30608681.314151447,31866228.577671323,47559899.74994602,30655401.50712547
2911420.7588318186,3013033.9880218175,2904053.8016318176,3079155.983937398,2884239.973131818,2202837.8950148183,2130162.8041818184,2644043.6791418176,2711545.749169456,3108348.1518148184,3183176.222248069,2023-06-12,30671503.359577887,31931648.249151565,47954432.68050353,30772019.00712547
2889170.7588318186,3025273.9880218175,2904803.8016318176,3073598.483937398,2885079.973131818,2203737.8950148183,2145642.8041818184,2637623.6791418176,2737533.249169456,3098898.1518148184,3180769.972248069,2023-06-13,30860546.60126139,32128459.3778964,47894935.46507188,30782132.75712547
2883770.7588318186,3015193.9880218175,2904222.5516318176,3057210.983937398,2884239.973131818,2203287.8950148183,2140302.8041818184,2642303.6791418176,2759170.749169456,3100473.1518148184,3187157.472248069,2023-06-14,30926089.28645039,32196627.873784322,47792836.73826942,30777334.00712547
2912270.7588318186,3018433.9880218175,2904241.3016318176,3062340.983937398,2880459.973131818,2201397.8950148183,2123982.8041818184,2629763.6791418176,2760408.249169456,3056598.1518148184,3178144.972248069,2023-06-15,30814295.725297827,32089881.859286036,47818119.35878515,30728042.75712547
2936220.7588318186,3025633.9880218175,2905047.5516318176,3084570.983937398,2885359.973131818,2204817.8950148183,2129802.8041818184,2642783.6791418176,2777320.749169456,3078423.1518148184,3142838.722248069,2023-06-16,31041675.254544705,32327396.734067686,48189214.51378967,30812820.25712547
2828020.7588318186,3003193.9880218175,2905910.0516318176,3059348.483937398,2883539.973131818,2205087.8950148183,2132622.8041818184,2628023.6791418176,2760820.749169456,3067848.1518148184,3174776.222248069,2023-06-19,30925347.293787874,32213954.865242995,47239891.553547755,30649192.75712547
2841420.7588318186,3020113.9880218175,2906228.8016318176,3068325.983937398,2885359.973131818,2205807.8950148183,2143902.8041818184,2639303.6791418176,2765545.749169456,3061998.1518148184,3189957.472248069,2023-06-20,31026340.739519354,32319138.51373179,47382231.21657196,30727965.25712547
2832570.7588318186,3007513.9880218175,2906116.3016318176,3089985.983937398,2886059.973131818,2205447.8950148183,2139042.8041818184,2641043.6791418176,2770945.749169456,3057273.1518148184,3216863.722248069,2023-06-21,31092542.973741703,32388129.307519447,47303416.4762485,30752864.00712547
2823870.7588318186,3012553.9880218175,2905778.8016318176,3100388.483937398,2887739.973131818,2206167.8950148183,2117682.8041818184,2638643.6791418176,2750658.249169456,3042648.1518148184,3200194.972248069,2023-06-22,30951399.480605137,32241090.69593421,47038963.432790145,30686327.75712547
2660170.7588318186,3003193.9880218175,2906172.5516318176,3129600.983937398,2888579.973131818,2207157.8950148183,2097822.8041818184,2639183.6791418176,2736070.749169456,3005748.1518148184,3180726.222248069,2023-06-23,30777031.20491364,32059503.825447302,45670948.26982959,30454427.75712547
2722220.7588318186,3011473.9880218175,2907110.0516318176,3126323.483937398,2889419.973131818,2207967.8950148183,2104242.8041818184,2638283.6791418176,2722195.749169456,3017223.1518148184,3158019.972248069,2023-06-26,30819407.23030628,32103578.992873028,46151956.83684175,30504481.50712547
2711070.7588318186,3039913.9880218175,2907691.3016318176,3161948.483937398,2890399.973131818,2208507.8950148183,2114802.8041818184,2655383.6791418176,2723283.2491694554,3057948.1518148184,3164976.222248069,2023-06-27,31027494.950327713,32320360.213468537,46287709.74244909,30635926.50712547
2828620.7588318186,3038430.7812218177,2907991.3016318176,3179582.815612398,2890539.973131818,2208867.8950148183,2131842.8041818184,2661743.6791418176,2748220.749169456,3075048.1518148184,3180901.222248069,2023-06-28,31282575.538975224,32586068.1590982,47412312.839120895,30851790.132000472
2814670.7588318186,3038367.367471818,2907920.3232693174,3179504.0779923983,2890481.195471818,2208808.7280648183,2182422.8041818184,2661696.2970618177,2763717.7120194556,3088685.8498148182,3256701.744441819,2023-06-30,31640298.44593759,32961987.517517883,47660390.39801641,30992976.858621713
2812120.7588318186,3037429.867471818,2913076.5732693174,3180264.0779923983,2893561.195471818,2210083.7280648183,2180262.8041818184,2661756.2970618177,2795592.7120194556,3126935.8498148182,3235876.744441819,2023-07-03,31860422.935817637,33191349.89597932,47855812.20187701,31046960.608621713
2814320.7588318186,3028367.367471818,2917539.0732693174,3174944.0779923983,2892861.195471818,2207983.7280648183,2194002.8041818184,2662776.2970618177,2785992.7120194556,3138635.8498148182,3257314.244441819,2023-07-04,31969990.518982645,33305426.10889809,48064174.542359054,31074738.108621713
2825770.7588318186,3024461.117471818,2918101.5732693174,3177604.0779923983,2894961.195471818,2211433.7280648183,2196582.8041818184,2663256.2970618177,2784305.2120194556,3141785.8498148182,3266282.994441819,2023-07-05,31985654.808524672,33321813.331328493,48252833.75949292,31104545.608621713
2829520.7588318186,3035398.617471818,2916376.5732693174,3179124.0779923983,2895801.195471818,2211958.7280648183,2192502.8041818184,2663736.2970618177,2811680.2120194556,3147860.8498148182,3270001.744441819,2023-07-06,32148563.41976174,33491476.882269263,48376566.39166455,31153961.858621713
2807420.7588318186,3035711.117471818,2918364.0732693174,3181974.0779923983,2894961.195471818,2208808.7280648183,2176062.8041818184,2664876.2970618177,2809467.7120194556,3146735.8498148182,3271926.744441819,2023-07-07,31875675.007213816,33208418.45095522,47994031.06025727,31116309.358621713
2838070.7588318186,3029304.867471818,2917539.0732693174,3185394.0779923983,2894261.195471818,2211058.7280648183,2174802.8041818184,2665296.2970618177,2841342.712019456,3150110.8498148182,3239114.244441819,2023-07-10,31915412.836473063,33249803.52953753,48325618.24554546,31146295.608621713
2850720.7588318186,3021023.617471818,2915626.5732693174,3188054.0779923983,2894121.195471818,2213008.7280648183,2198142.8041818184,2665476.2970618177,2850267.7120194556,3141560.8498148182,3240164.244441819,2023-07-11,32053093.69718455,33396360.50949578,48451415.98804818,31178166.858621713
2815720.7588318186,3020867.367471818,2916245.3232693174,3189574.0779923983,2894541.195471818,2211283.7280648183,2179782.8041818184,2666376.2970618177,2847380.2120194556,3145160.8498148182,3235876.744441819,2023-07-12,31962240.8178408,33301749.262574993,48116486.55858168,31122809.358621713
2789870.7588318186,3031023.617471818,2917239.0732693174,3190524.0779923983,2897621.195471818,2212933.7280648183,2217942.8041818184,2666976.2970618177,2849255.2120194556,3141335.8498148182,3297914.244441819,2023-07-13,32010800.11542108,33353953.43209523,48065531.04038012,31212636.858621713
2803920.7588318186,3031648.617471818,2918457.8232693174,3191094.0779923983,2898181.195471818,2213608.7280648183,2290962.8041818184,2667156.2970618177,2853717.7120194556,3138860.8498148182,3356976.744441819,2023-07-14,32259367.65736428,33618592.39045524,48468661.32979345,31364585.608621713
2836370.7588318186,3038054.867471818,2918682.8232693174,3191094.0779923983,2898321.195471818,2214358.7280648183,2287362.8041818184,2667336.2970618177,2857505.2120194556,3181835.8498148182,3355489.244441819,2023-07-17,32501669.483490665,33871084.83412489,48941488.596589565,31446411.858621713
2844720.7588318186,3036648.617471818,2917276.5732693174,3189954.0779923983,2898461.195471818,2212483.7280648183,2350062.8041818184,2667396.2970618177,2859342.7120194556,3166310.8498148182,3349014.244441819,2023-07-18,32563996.867142092,33936058.11531671,49076250.01843649,31491671.858621713
2851570.7588318186,3039773.617471818,2919320.3232693174,3189384.0779923983,2898321.195471818,2216908.7280648183,2349762.8041818184,2667696.2970618177,2855783.108769456,3191510.8498148182,3350632.994441819,2023-07-19,32702337.27688693,34080195.19002717,49290081.7697743,31530664.755371716
2847570.7588318186,3044304.867471818,2919920.3232693174,3192044.0779923983,2899301.195471818,2217433.7280648183,2319222.8041818184,2667996.2970618177,2855746.060569456,3214235.8498148182,3355401.744441819,2023-07-20,32943072.67405911,34338819.62660627,49531588.54009235,31533177.70717172
2844120.7588318186,3041179.867471818,2921082.8232693174,3192614.0779923983,2899161.195471818,2218108.7280648183,2177742.8041818184,2667636.2970618177,2846646.060569456,3221885.8498148182,3333876.744441819,2023-07-21,32556989.158662762,33938031.63027607,49058030.751780815,31364055.20717172
2846020.7588318186,3041961.117471818,2921289.0732693174,3193564.0779923983,2900001.195471818,2218708.7280648183,2183742.8041818184,2668056.2970618177,2845296.060569456,3220760.8498148182,3355707.994441819,2023-07-24,32437198.56548085,33813195.061983645,49009550.469633445,31395108.95717172
2894470.7588318186,3035554.867471818,2921307.8232693174,3194134.0779923983,2900281.195471818,2218858.7280648183,2181342.8041818184,2668296.2970618177,2850046.060569456,3221210.8498148182,3359601.744441819,2023-07-25,32450801.764293663,33827397.32142333,49266886.847733274,31445105.20717172
2898570.7588318186,3040867.367471818,2920876.5732693174,3194704.0779923983,2900421.195471818,2218858.7280648183,2198442.8041818184,2668296.2970618177,2858396.060569456,3225935.8498148182,3359120.494441819,2023-07-26,32611896.615689024,33995322.2996618,49435226.35390515,31484490.20717172
2856220.7588318186,3049617.367471818,2921307.8232693174,3195084.0779923983,2900421.195471818,2218858.7280648183,2203602.8041818184,2668416.2970618177,2859546.060569456,3226031.0048148185,3365079.266816819,2023-07-27,32416670.101817884,33795292.461995155,48955518.1070241,31464185.384546716
2891020.7588318186,3049517.457784318,2921225.4316318175,3194981.806022398,2900352.5086118183,2218774.6111648185,2188422.8041818184,2668362.120101818,2859487.247519456,3225917.4257398187,3365008.907779319,2023-07-28,32393833.21653819,33776109.42670565,49211355.56740017,31483071.07936922
2920020.7588318186,3054829.957784318,2919162.9316318175,3193556.806022398,2900912.5086118183,2222899.6111648185,2206662.8041818184,2664402.120101818,2863037.247519456,3229292.4257398187,3370915.157779319,2023-07-31,32571499.23739643,33961408.38485421,49543818.96273041,31545692.32936922
2908920.7588318186,3057798.707784318,2918244.1816318175,3194554.306022398,2901472.5086118183,2217274.6111648185,2218062.8041818184,2664102.120101818,2860587.247519456,3223667.4257398187,3373058.907779319,2023-08-01,32538109.567583166,33926578.19524407,49367446.03212275,31537743.57936922
2901370.7588318186,3050767.457784318,2911737.9316318175,3188141.806022398,2897972.5086118183,2210149.6111648185,2208042.8041818184,2657862.120101818,2856437.247519456,3205442.4257398187,3370521.407779319,2023-08-02,32196792.942825343,33584772.45255048,48981110.010333516,31458446.07936922
2960420.7588318186,3044204.957784318,2908062.9316318175,3187856.806022398,2883832.5086118183,2206099.6111648185,2216982.8041818184,2657082.120101818,2854987.247519456,3190817.4257398187,3369427.657779319,2023-08-03,31957871.305494867,33342159.330790475,49180237.860063165,31479774.82936922
2969620.7588318186,3058892.457784318,2912469.1816318175,3203959.306022398,2892232.5086118183,2221324.6111648185,2233842.8041818184,2662062.120101818,2861037.247519456,3163142.4257398187,3372402.657779319,2023-08-04,32181046.20965415,33575891.63523335,49491099.46167442,31550986.07936922
2978320.7588318186,3057798.707784318,2911719.1816318175,3207949.306022398,2895872.5086118183,2223949.6111648185,2251422.8041818184,2662302.120101818,2863387.247519456,3156617.4257398187,3373671.407779319,2023-08-07,32313450.67809885,33713978.94682435,49615458.10131624,31583011.07936922
2902370.7588318186,3059673.707784318,2916087.9316318175,3206524.306022398,2899792.5086118183,2224024.6111648185,2248062.8041818184,2660502.120101818,2862187.247519456,3170567.4257398187,3373671.407779319,2023-08-08,32269837.998268683,33668494.12585622,49021340.89965301,31523464.82936922
2934920.7588318186,3059673.707784318,2913125.4316318175,3205241.806022398,2901332.5086118183,2224174.6111648185,2253102.8041818184,2662602.120101818,2864587.247519456,3174167.4257398187,3374108.907779319,2023-08-09,32371573.43666268,33796408.43771622,49282824.05377782,31567037.32936922
2980220.7588318186,3052173.707784318,2917306.6816318175,3199399.306022398,2897132.5086118183,2227249.6111648185,2246742.8041818184,2651922.120101818,2865637.247519456,3173942.4257398187,3373496.407779319,2023-08-10,32224081.784080137,33642462.52377322,49553068.80615136,31585223.57936922
2967320.7588318186,3054361.207784318,2909825.4316318175,3202391.806022398,2890692.5086118183,2223424.6111648185,2226042.8041818184,2651442.120101818,2866387.247519456,3177317.4257398187,3373540.157779319,2023-08-11,32034791.21150913,33458655.448957033,49280864.47309983,31542746.07936922
2883820.7588318186,3058111.207784318,2907069.1816318175,3201679.306022398,2895872.5086118183,2222899.6111648185,2252082.8041818184,2654442.120101818,2866887.247519456,3137267.4257398187,3374283.907779319,2023-08-14,32045096.6651552,33473139.6391052,48628764.007068016,31454416.07936922
2872920.7588318186,3056548.707784318,2906825.4316318175,3190421.806022398,2897272.5086118183,2222899.6111648185,2282022.8041818184,2654862.120101818,2867387.247519456,3150767.4257398187,3374896.407779319,2023-08-16,32095304.835318852,33525531.76243109,48530977.88314463,31476824.82936922
2907520.7588318186,3056236.207784318,2901387.9316318175,3193556.806022398,2895172.5086118183,2222374.6111648185,2273682.8041818184,2641782.120101818,2865987.247519456,3176417.4257398187,3374940.157779319,2023-08-17,31930829.79512758,33353765.478289574,48695145.550586715,31509058.57936922
3005220.7588318186,3062486.207784318,2893456.6816318175,3194411.806022398,2897132.5086118183,2224024.6111648185,2246382.8041818184,2631702.120101818,2865937.247519456,3179792.4257398187,3371002.657779319,2023-08-18,31839976.915783834,33263488.91601167,49342736.19438538,31571549.82936922
3067570.7588318186,3066392.457784318,2919294.1816318175,3208519.306022398,2903292.5086118183,2231224.6111648185,2266302.8041818184,2644902.120101818,2865287.247519456,3183167.4257398187,3375421.407779319,2023-08-21,31977575.332866155,33419161.65554411,50063289.36056095,31731374.82936922
3125870.7588318186,3068267.457784318,2925181.6816318175,3212081.806022398,2901332.5086118183,2232574.6111648185,2264322.8041818184,2645202.120101818,2866637.247519456,3173042.4257398187,3375421.407779319,2023-08-22,31982274.61972876,33424071.948716804,50502855.21124412,31789934.82936922
2958120.7588318186,3069517.457784318,2930600.4316318175,3209516.806022398,2908052.5086118183,2233249.6111648185,2269362.8041818184,2655342.120101818,2866737.247519456,3200267.4257398187,3376077.657779319,2023-08-23,32060678.511068057,33506008.06086884,49358998.584733665,31676844.82936922
2967370.7588318186,3069361.207784318,2932719.1816318175,3209659.306022398,2909592.5086118183,2234674.6111648185,2288142.8041818184,2658162.120101818,2861837.247519456,3200942.4257398187,3376515.157779319,2023-08-24,31966198.112040892,33407238.335997973,49454801.42031121,31708977.32936922
2923570.7588318186,3069986.207784318,2933825.4316318175,3212509.306022398,2910292.5086118183,2234149.6111648185,2283942.8041818184,2658582.120101818,2861437.247519456,3179342.4257398187,3376733.907779319,2023-08-25,31766849.416711323,33198891.54243116,49063300.69226498,31644372.32936922
2900270.7588318186,3070142.457784318,2935925.4316318175,3213649.306022398,2911552.5086118183,2235199.6111648185,2278602.8041818184,2667402.120101818,2861387.247519456,3190142.4257398187,3376952.657779319,2023-08-28,31833216.53819201,33268293.485168684,48889207.257449955,31641227.32936922
2934270.7588318186,3070767.457784318,2937106.6816318175,3209516.806022398,2912112.5086118183,2235124.6111648185,2281002.8041818184,2666982.120101818,2865587.247519456,3202067.4257398187,3377433.907779319,2023-08-29,31893565.274743393,33331293.251401138,49067294.24233174,31691972.32936922
2940920.7588318186,3070923.707784318,2937519.1816318175,3214504.306022398,2911272.5086118183,2234599.6111648185,2302002.8041818184,2663982.120101818,2867337.247519456,3169892.4257398187,3377915.157779319,2023-08-30,31901479.863143574,33339633.70152701,49094858.2105117,31690869.82936922
2847070.7588318186,3071079.957784318,2937837.9316318175,3217211.806022398,2913092.5086118183,2235874.6111648185,2302362.8041818184,2649258.468501818,2869437.247519456,3142157.7368648187,3378221.407779319,2023-08-31,31747062.94571087,33178240.118034992,48174918.002423055,31563605.238894217
2877870.7588318186,3071022.0737218177,2937784.6040318175,3217165.3440823983,2913051.0720518185,2235828.7154648183,2312442.8041818184,2664025.565581818,2869366.3133944557,3178949.7317148186,3378171.6103318194,2023-09-01,32046333.31959273,33490948.262190863,48770035.44871375,31655678.593389213
2898420.7588318186,3071178.3237218177,2939547.1040318175,3217355.3440823983,2913471.0720518185,2237178.7154648183,2337942.8041818184,2651065.565581818,2870991.3133944557,3196949.7317148186,3379431.6103318194,2023-09-04,32200502.90613793,33652142.14476437,49003167.180913694,31713532.343389213
2921870.7588318186,3071647.0737218177,2940297.1040318175,3217925.3440823983,2914171.0720518185,2237778.7154648183,2354502.8041818184,2661985.565581818,2873678.8133944557,3190649.7317148186,3380586.6103318194,2023-09-05,32276515.932231337,33731576.12187865,49278095.36619673,31765093.593389213
2924320.7588318186,3064928.3237218177,2941703.3540318175,3219445.3440823983,2910531.0720518185,2237178.7154648183,2352762.8041818184,2660785.565581818,2874366.3133944557,3182999.7317148186,3380534.1103318194,2023-09-06,32336122.676120203,33793835.82000134,49253729.532580525,31749556.093389213
2937320.7588318186,3071647.0737218177,2941759.6040318175,3219825.3440823983,2913331.0720518185,2239428.7154648183,2339262.8041818184,2682265.565581818,2875241.3133944557,3211799.7317148186,3382161.6103318194,2023-09-07,32527391.89579125,33993748.186539456,49500299.66222333,31814043.593389213
2947120.7588318186,3072740.8237218177,2943109.6040318175,3221155.3440823983,2912631.0720518185,2239728.7154648183,2343342.8041818184,2686765.565581818,2876928.8133944557,3227774.7317148186,3381636.6103318194,2023-09-08,32680572.15878643,34153814.34627905,49719252.058620356,31852934.843389213
3042770.7588318186,3075865.8237218177,2942828.3540318175,3221345.3440823983,2913471.0720518185,2239728.7154648183,2351562.8041818184,2702425.565581818,2879053.8133944557,3249374.7317148186,3383001.6103318194,2023-09-11,32971433.282493096,34457806.13269774,50697526.58591814,32001428.593389213
2963520.7588318186,3075397.0737218177,2943409.6040318175,3221725.3440823983,2913471.0720518185,2238978.7154648183,2381142.8041818184,2707345.565581818,2877678.8133944557,3245099.7317148186,3382739.1103318194,2023-09-12,32966239.333855476,34452367.219446644,50179695.60547994,31950508.593389213
2946720.7588318186,3076490.8237218177,2943597.1040318175,3221535.3440823983,2913331.0720518185,2239803.7154648183,2377842.8041818184,2721385.565581818,2879303.8133944557,3258824.7317148186,3383999.1103318194,2023-09-13,33092872.74825838,34584721.9399652,50281005.52398217,31962834.843389213
2947620.7588318186,3076803.3237218177,2943897.1040318175,3221725.3440823983,2913611.0720518185,2240403.7154648183,2388162.8041818184,2720485.565581818,2879553.8133944557,3260849.7317148186,3385154.1103318194,2023-09-14,33147450.43076796,34641777.66709387,50328575.25745709,31978267.343389213
2967870.7588318186,3078365.8237218177,2944684.6040318175,3222295.3440823983,2915851.0720518185,2240178.7154648183,2393742.8041818184,2713465.565581818,2880303.8133944557,3269624.7317148186,3385416.6103318194,2023-09-15,33294612.308833834,34795570.86856978,50629607.0693306,32011799.843389213
2930270.7588318186,3078990.8237218177,2944947.1040318175,3222485.3440823983,2915851.0720518185,2240478.7154648183,2369982.8041818184,2699785.565581818,2879991.3133944557,3281999.7317148186,3385521.6103318194,2023-09-18,33197246.38278577,34693817.37703416,50235138.74039825,31950304.843389213
2898120.7588318186,3079147.0737218177,2945003.3540318175,3222485.3440823983,2916691.0720518185,2240853.7154648183,2368122.8041818184,2690065.565581818,2876803.8133944557,3273449.7317148186,3385574.1103318194,2023-09-20,32814872.830702007,34294157.10353788,49815338.5472425,31896317.343389213
2907070.7588318186,3079147.0737218177,2945190.8540318175,3223625.3440823983,2914451.0720518185,2241003.7154648183,2381922.8041818184,2652085.565581818,2878178.8133944557,3260174.7317148186,3385574.1103318194,2023-09-21,32552619.64631683,34020061.71933094,49593055.785870016,31868424.843389213
2892720.7588318186,3080084.5737218177,2945378.3540318175,3222865.3440823983,2914731.0720518185,2241828.7154648183,2375202.8041818184,2653525.565581818,2880053.8133944557,3287399.7317148186,3385206.6103318194,2023-09-22,32440331.423389256,33902708.06192608,49538557.12796411,31878997.343389213
2909920.7588318186,3080709.5737218177,2945622.1040318175,3223625.3440823983,2916971.0720518185,2241978.7154648183,2348802.8041818184,2687365.565581818,2880741.3133944557,3281774.7317148186,3385206.6103318194,2023-09-25,32440826.085164268,33903224.934891626,49739800.29082458,31902718.593389213
2885770.7588318186,3080397.0737218177,2945847.1040318175,3223055.3440823983,2917391.0720518185,2241828.7154648183,2332602.8041818184,2663545.565581818,2880991.3133944557,3292574.7317148186,3385574.1103318194,2023-09-26,32424584.690218065,33886273.85104426,49472425.2341007,31849578.593389213
2911120.7588318186,3080553.3237218177,2946109.6040318175,3223435.3440823983,2917391.0720518185,2242053.7154648183,2340222.8041818184,2664985.565581818,2881991.3133944557,3283574.7317148186,3385574.1103318194,2023-09-27,32509913.846407518,33975504.92027822,49733364.70986392,31877012.343389213
2903070.7588318186,3080709.5737218177,2946184.6040318175,3223625.3440823983,2918091.0720518185,2242128.7154648183,2307162.8041818184,2626825.565581818,2882741.3133944557,3294599.7317148186,3385574.1103318194,2023-09-28,32191846.32507523,33643073.373641595,49440701.21061602,31810713.593389213
2841720.7588318186,3080633.9946593177,2946095.1122755674,3223565.938249898,2918043.1945118187,2242071.937339818,2302362.8041818184,2629753.7644018177,2882683.650519456,3333182.967539819,3385480.0621130695,2023-09-29,32381054.454017065,33840812.52430184,49119225.3292169,31785594.18462422
2815070.7588318186,3082977.7446593177,2952713.8622755674,3225418.438249898,2914543.1945118187,2242971.937339818,2300622.8041818184,2623213.7644018177,2878183.650519456,3349157.967539819,3383336.3121130695,2023-10-03,32200420.46250876,33652001.17941013,48918430.820232466,31768210.43462422
2892770.7588318186,3050790.2446593177,2948345.1122755674,3225560.938249898,2908523.1945118187,2234496.937339818,2313042.8041818184,2617813.7644018177,2877808.650519456,3289307.967539819,3388411.3121130695,2023-10-04,32047652.417659424,33492346.168620408,49208081.659360506,31746871.68462422
2894170.7588318186,3065946.4946593177,2949638.8622755674,3226415.938249898,2914963.1945118187,2237871.937339818,2335962.8041818184,2632633.7644018177,2879808.650519456,3314057.967539819,3394711.3121130695,2023-10-05,32228451.29642607,33681286.731753506,49427727.10677317,31846181.68462422
2905920.7588318186,3066571.4946593177,2958976.3622755674,3225988.438249898,2917763.1945118187,2243871.937339818,2354262.8041818184,2643313.7644018177,2882246.150519456,3325532.967539819,3396242.5621130695,2023-10-06,32406117.31728431,33867020.33307764,49786290.16291991,31920690.434624214
2870420.7588318186,3062977.7446593177,2958057.6122755674,3227698.438249898,2914823.1945118187,2243721.937339818,2350362.8041818184,2617633.7644018177,2878246.150519456,3290882.967539819,3397073.8121130695,2023-10-09,32173378.952141475,33623737.625885,49297501.78404331,31811899.18462422
2926120.7588318186,3076415.2446593177,2959726.3622755674,3230263.438249898,2920143.1945118187,2242371.937339818,2374002.8041818184,2657833.7644018177,2881308.650519456,3318332.967539819,3398430.0621130695,2023-10-10,32466053.835689846,33929597.203247376,50045122.17388515,31984949.184624214
2916420.7588318186,3082977.7446593177,2961038.8622755674,3230975.938249898,2920703.1945118187,2242446.937339818,2373102.8041818184,2674273.7644018177,2887746.150519456,3304607.967539819,3398473.8121130695,2023-10-11,32666391.85456944,34139001.23697098,50059426.09533441,31992767.934624214
2934170.7588318186,3082977.7446593177,2960363.8622755674,3231403.438249898,2920983.1945118187,2244246.937339818,2338422.8041818184,2666833.7644018177,2888683.650519456,3295832.967539819,3396855.0621130695,2023-10-12,32637783.91524795,34109116.58187209,50010040.327384084,31960774.18462422
2882370.7588318186,3065321.4946593177,2959688.8622755674,3232115.938249898,2921263.1945118187,2247171.937339818,2297202.8041818184,2667013.7644018177,2889121.150519456,3254432.967539819,3400792.5621130695,2023-10-13,32566964.837792158,34035074.5295575,49505739.77582204,31816495.43462422
2857170.7588318186,3078758.9946593177,2959126.3622755674,3232115.938249898,2921543.1945118187,2246946.937339818,2300802.8041818184,2654473.7644018177,2889808.650519456,3252632.967539819,3399830.0621130695,2023-10-16,32535141.596933097,34001865.441521116,49220443.46165397,31793210.43462422
2856220.7588318186,3082665.2446593177,2961038.8622755674,3232685.938249898,2924343.1945118187,2246946.937339818,2310762.8041818184,2678173.7644018177,2890558.650519456,3257357.967539819,3400748.8121130695,2023-10-17,32666639.185456943,34139224.4321152,49306985.26785699,31841502.93462422
2834170.7588318186,3072040.2446593177,2960176.3622755674,3233540.938249898,2921823.1945118187,2246346.937339818,2308482.8041818184,2659933.7644018177,2889933.650519456,3241382.967539819,3401230.0621130695,2023-10-18,32435137.47475164,33897316.1371264,48835508.25080456,31769061.684624214
2830020.7588318186,3073758.9946593177,2962482.6122755674,3232970.938249898,2920703.1945118187,2249871.937339818,2300202.8041818184,2643613.7644018177,2890246.150519456,3235082.967539819,3401230.0621130695,2023-10-19,32358629.78688322,33820971.65069255,48684166.86375947,31740184.184624214
2821570.7588318186,3061727.7446593177,2962445.1122755674,3233113.438249898,2920843.1945118187,2250021.937339818,2292522.8041818184,2678713.7644018177,2889558.650519456,3199082.967539819,3403548.8121130695,2023-10-20,32223339.791417617,33684587.67046529,48583431.85759867,31713149.184624214
2736470.7588318186,3032508.9946593177,2962670.1122755674,3232970.938249898,2922383.1945118187,2250996.937339818,2270202.8041818184,2648773.7644018177,2886871.150519456,3153857.967539819,3400398.8121130695,2023-10-23,31793148.934416093,33234884.69621379,47551287.78178631,31498105.434624214
2684820.7588318186,3015477.7446593177,2963645.1122755674,3232970.938249898,2921823.1945118187,2251146.937339818,2245482.8041818184,2633953.7644018177,2888808.650519456,3168707.967539819,3400705.0621130695,2023-10-25,31529988.87011006,32985023.605823282,46878351.31844781,31407542.934624214
2631020.7588318186,3067271.1352843177,2964713.8622755674,3233683.438249898,2924903.1945118187,2251446.937339818,2232762.8041818184,2594353.7644018177,2892308.650519456,3127532.967539819,3381963.2731130696,2023-10-26,31093202.522775054,32528096.157166973,46109093.082485616,31301960.786249217
2689520.7588318186,3163058.958409318,2964617.9339630674,3233632.605644898,2924845.407771819,2251392.813464818,2257842.8041818184,2603706.210021818,2892246.7850819556,3191066.518839819,3394321.3203630694,2023-10-27,31406488.313615564,32856580.673884876,46971483.5477636,31566252.116574217
2726920.7588318186,3133527.708409318,2970599.1839630674,3234915.105644898,2928905.407771819,2254242.813464818,2253882.8041818184,2619726.210021818,2898996.7850819556,3205466.518839819,3416677.5703630694,2023-10-30,31560905.23104827,33018103.47561828,47441391.49835971,31643860.866574217
2722470.7588318186,3116340.208409318,2967936.6839630674,3231352.605644898,2926945.407771819,2252742.813464818,2243502.8041818184,2638926.210021818,2898809.2850819556,3207041.518839819,3410158.8203630694,2023-10-31,31459829.34168762,32912308.977261115,47255769.52565283,31616227.116574217
2645120.7588318186,3090246.458409318,2966849.1839630674,3237052.605644898,2926525.407771819,2251692.813464818,2226402.8041818184,2626446.210021818,2899184.2850819556,3209516.518839819,3379358.8203630694,2023-11-01,31310688.816521704,32758280.833528142,46529699.95043124,31458395.866574217
2643120.7588318186,3122902.708409318,2967130.4339630674,3239047.605644898,2929885.407771819,2255667.813464818,2245602.8041818184,2638566.210021818,2900434.2850819556,3229091.518839819,3404602.5703630694,2023-11-02,31548291.35578548,33016141.707771774,46769330.49891418,31576052.116574217
2657670.7588318186,3141496.458409318,2963680.4339630674,3239617.605644898,2931985.407771819,2255517.813464818,2268282.8041818184,2637246.210021818,2900496.7850819556,3246641.518839819,3398521.3203630694,2023-11-03,31708809.10177666,33189223.668552864,47006971.865465075,31641157.116574217
2673820.7588318186,3190090.208409318,2975342.9339630674,3239760.105644898,2933105.407771819,2256492.813464818,2285382.8041818184,2644206.210021818,2901184.2850819556,3244391.518839819,3423152.5703630694,2023-11-06,32007502.370254338,33501884.82425732,47411422.97498977,31766929.616574217
2661170.7588318186,3214933.958409318,2970317.9339630674,3239332.605644898,2932965.407771819,2257542.813464818,2286582.8041818184,2653626.210021818,2901184.2850819556,3262616.518839819,3414577.5703630694,2023-11-07,31999175.563708313,33493144.972294435,47357086.28239541,31794850.866574217
2687770.7588318186,3216496.458409318,2967599.1839630674,3239617.605644898,2932405.407771819,2257392.813464818,2270622.8041818184,2650446.210021818,2901184.2850819556,3265091.518839819,3424421.3203630694,2023-11-08,32059854.07477637,33556638.11726673,47499634.66753167,31813048.366574217
2642470.7588318186,3216496.458409318,2963792.9339630674,3239760.105644898,2932825.407771819,2257317.813464818,2251182.8041818184,2649606.210021818,2900809.2850819556,3258566.518839819,3396858.8203630694,2023-11-09,31980378.416257884,33473492.0524908,47022592.07231882,31709687.116574217
2632920.7588318186,3234152.708409318,2968255.4339630674,3239902.605644898,2933105.407771819,2257842.813464818,2244042.8041818184,2652486.210021818,2901246.7850819556,3263291.518839819,3385965.0703630694,2023-11-10,32029927.037388187,33525367.302851144,46988793.468672164,31713212.116574217
2641470.7588318186,3230402.7084093173,2960942.9339630674,3240472.605644898,2932545.407771819,2257842.813464818,2249682.8041818184,2656686.210021818,2901559.2850819556,3269141.518839819,3384958.8203630694,2023-11-13,32059936.51840554,33556743.84128241,47037041.4235139,31725705.866574217
2653220.7588318186,3256340.2084093173,2920874.1839630674,3240330.105644898,2934085.407771819,2257392.813464818,2294022.8041818184,2674926.210021818,2902059.2850819556,3278366.518839819,3445246.3203630694,2023-11-15,32442310.070489302,33957026.71175992,47408365.909809336,31856864.616574217
2633720.7588318186,3232433.9584093173,2966605.4339630674,3240472.605644898,2933945.407771819,2257617.813464818,2335302.8041818184,2679906.210021818,2901809.2850819556,3280166.518839819,3504090.0703630694,2023-11-16,32590296.384846862,34119089.88068458,47433236.27268612,31966070.866574217
2636620.7588318186,3159308.958409318,2958242.9339630674,3240187.605644898,2931005.407771819,2258067.813464818,2326482.8041818184,2671266.210021818,2902996.7850819556,3218741.518839819,3507196.3203630694,2023-11-17,32535224.040562265,34061364.56812327,47100942.08160323,31810117.116574217
2577670.7588318186,3146183.958409318,2937392.9339630674,3240472.605644898,2932265.407771819,2258817.813464818,2325342.8041818184,2678106.210021818,2902121.7850819556,3224366.518839819,3519796.3203630694,2023-11-20,32472896.656910837,33996121.10333583,46631731.3847931,31742537.116574217
2624470.7588318186,3158215.208409318,2950199.1839630674,3240472.605644898,2933385.407771819,2259042.813464818,2328222.8041818184,2678826.210021818,2902996.7850819556,3218291.518839819,3520627.5703630694,2023-11-21,32620305.865864214,34150454.67200299,47090071.89707257,31814750.866574217
2600470.7588318186,3177277.708409318,2959649.1839630674,3240757.605644898,2933805.407771819,2259117.813464818,2350782.8041818184,2660226.210021818,2902309.2850819556,3209516.518839819,3532965.0703630694,2023-11-22,32667216.290861122,34199581.09795565,46901892.533977136,31826878.366574217
2603070.7588318186,3182277.708409318,2955280.4339630674,3240900.105644898,2934085.407771819,2259567.813464818,2340522.8041818184,2655486.210021818,2902809.2850819556,3215591.518839819,3527058.8203630694,2023-11-23,32650974.89591492,34182618.26699543,46919937.349426925,31816650.866574217
2653270.7588318186,3211496.458409318,2947424.1839630674,3241185.105644898,2934365.407771819,2259642.813464818,2326302.8041818184,2662746.210021818,2902809.2850819556,3218516.518839819,3495077.5703630694,2023-11-24,32638938.12605631,34169943.132226676,47250826.48966099,31852837.116574217
2851320.7588318186,3248996.458409318,2974667.9339630674,3240900.105644898,2934365.407771819,2259792.813464818,2332662.8041818184,2662086.210021818,2902934.2850819556,3237416.518839819,3508202.5703630694,2023-11-28,32795581.021476567,34334003.3103364,48953466.28486605,32153345.866574217
2824420.7588318186,3287277.7084093182,2977949.1839630674,3241042.605644898,2934365.407771819,2259867.813464818,2352942.8041818184,2675346.210021818,2902996.7850819556,3256541.518839819,3543771.3203630694,2023-11-29,33136732.75897605,34691139.0353036,49056040.494427495,32256522.116574217
2786370.7588318186,3280471.200596818,2985055.4339630674,3241327.605644898,2934505.407771819,2260017.813464818,2347602.8041818184,2679426.210021818,2903059.2850819556,3240566.518839819,3526140.0703630694,2023-11-30,33196999.051898263,34754256.272664584,48743363.14440926,32184543.108761717
2790520.7588318186,3280396.174503068,2985000.7128818175,3241263.156737398,2934460.007531819,2259937.6779398182,2344182.8041818184,2673432.457741818,2903011.5756444554,3271964.087614819,3547112.5323380698,2023-12-01,33419184.63250752,34986825.612934984,49005221.494909704,32231281.94594672
2959020.7588318186,3284302.424503068,2989894.4628818175,3245395.656737398,2937540.007531819,2269462.6779398182,2358642.8041818184,2733552.457741818,2905761.5756444554,3333614.087614819,3547856.2823380698,2023-12-04,34109897.357681684,35709942.63884794,51008643.12123497,32565043.19594672
3387170.7588318186,3285239.924503068,2989200.7128818175,3245823.156737398,2937960.007531819,2269162.6779398182,2346162.8041818184,2742012.457741818,2905824.0756444554,3357014.087614819,3563300.0323380698,2023-12-05,34387402.613463044,36000425.24548529,54529206.114274055,33028870.69594672
3311770.7588318186,3284927.424503068,2990250.7128818175,3245823.156737398,2938380.007531819,2268712.6779398182,2370582.8041818184,2737272.457741818,2906199.0756444554,3359264.087614819,3598956.2823380698,2023-12-06,34523599.4888495,36143046.942637675,54009856.02981096,33012139.44594672
3314970.7588318186,3285552.424503068,2990231.9628818175,3236845.656737398,2938100.007531819,2269912.6779398182,2360502.8041818184,2742492.457741818,2906324.0756444554,3359939.087614819,3612825.0323380698,2023-12-07,34463333.195927285,36079917.958163835,53924870.04618529,33017696.94594672
3249970.7588318186,3287271.174503068,2989819.4628818175,3237843.156737398,2938520.007531819,2270812.6779398182,2390802.8041818184,2749332.457741818,2906324.0756444554,3367364.087614819,3621225.0323380698,2023-12-08,34575868.74974237,36197729.752969965,53550058.28643529,33009285.69594672
3283620.7588318186,3286489.924503068,2989875.7128818175,3239980.656737398,2938940.007531819,2271712.6779398182,2387622.8041818184,2754492.457741818,2906761.5756444554,3362639.087614819,3635356.2823380698,2023-12-11,34621542.520301744,36245599.23784732,53833848.50737284,33057491.94594672
3285470.7588318186,3287583.674503068,2991056.9628818175,3239268.156737398,2939500.007531819,2270887.6779398182,2372682.8041818184,2741892.457741818,2906199.0756444554,3362189.087614819,3648350.0323380698,2023-12-12,34471989.77698998,36088998.47639947,53745581.13013783,33045080.69594672
3302870.7588318186,3287427.424503068,2990925.7128818175,3241263.156737398,2939640.007531819,2272612.6779398182,2340222.8041818184,2745132.457741818,2906824.0756444554,3366464.087614819,3606087.5323380698,2023-12-13,34504884.785028234,36123487.99973687,53771371.53542833,32999470.69594672
3321870.7588318186,3289927.424503068,2992519.4628818175,3240550.656737398,2939780.007531819,2274187.6779398182,2403162.8041818184,2766612.457741818,2907699.0756444554,3373889.087614819,3646600.0323380698,2023-12-14,34927573.271775424,36565943.00535786,54446589.95992535,33156799.44594672
3419620.7588318186,3289458.674503068,2992875.7128818175,3235990.656737398,2940480.007531819,2274487.6779398182,2495502.8041818184,2764872.457741818,2907949.0756444554,3382439.087614819,3694112.5323380698,2023-12-15,35379281.91598994,37038870.02172042,55737736.20180324,33397789.44594672
3408420.7588318186,3289146.174503068,2993119.4628818175,3230575.656737398,2939780.007531819,2274562.6779398182,2478613.6833418184,2765172.457741818,2908574.0756444554,3385589.087614819,3694637.5323380698,2023-12-18,35316624.75782184,36973274.14354737,55570991.55931811,33368191.57510672
3369070.7588318186,3290083.674503068,2993756.9628818175,3235848.156737398,2940480.007531819,2275237.6779398182,2471713.6833418184,2768532.457741818,2908761.5756444554,3387164.087614819,3692537.5323380698,2023-12-19,35373428.41831897,37032773.27014953,55323190.59343442,33333186.57510672
3211670.7588318186,3287896.174503068,2993681.9628818175,3228010.656737398,2940060.007531819,2274712.6779398182,2446033.6833418184,2758812.457741818,2908699.0756444554,3393914.087614819,3682343.7823380698,2023-12-20,34873902.46918669,36509744.81746749,53643684.99165812,33125835.32510672
3227570.7588318186,3290708.674503068,2993194.4628818175,3241975.656737398,2939920.007531819,2275237.6779398182,2445613.6833418184,2777532.457741818,2909011.5756444554,3379739.087614819,3689212.5323380698,2023-12-21,35046869.203182325,36690850.05632741,53842122.802413024,33169716.57510672
3236170.7588318186,3291958.674503068,2989500.7128818175,3249385.656737398,2940340.007531819,2275237.6779398182,2477953.6833418184,2790552.457741818,2909136.5756444554,3395489.087614819,3680681.2823380698,2023-12-22,35202440.33142339,36853747.270264655,53922290.424763516,33236406.57510672
3293270.7588318186,3293989.924503068,2993775.7128818175,3251380.656737398,2940480.007531819,2275537.6779398182,2455513.6833418184,2803452.457741818,2909636.5756444554,3390539.087614819,3697218.7823380698,2023-12-26,35354054.165464364,37012439.017800406,54364857.59127827,33304795.32510672
3271170.7588318186,3294458.674503068,2993475.7128818175,3252520.656737398,2940480.007531819,2275687.6779398182,2483413.6833418184,2803512.457741818,2909699.0756444554,3397289.087614819,3707281.2823380698,2023-12-27,35705923.57475576,37380851.971106805,54547154.90338025,33328989.07510672
3237720.7588318186,3294927.424503068,2993794.4628818175,3252805.656737398,2940620.007531819,2275912.6779398182,2478133.6833418184,2799021.500741818,2909824.0756444554,3396057.627989819,3704523.4753380697,2023-12-28,35910301.33146461,37594837.37884322,54428536.686186865,33283341.351481717
3276770.7588318186,3294810.925753068,2993693.9559880677,3252730.1130648977,2940524.565831819,2275837.408539818,2454388.6370018185,2798948.850201818,2909749.5140444553,3395903.4388898187,3704413.6343318196,2023-12-29,35832309.658271156,37513147.9560611,54538156.767514095,33297771.80247922
3345020.7588318186,3293560.925753068,2994725.2059880677,3244750.1130648977,2942344.565831819,2275987.408539818,2465128.6370018185,2800568.850201818,2912499.5140444553,3397928.4388898187,3706863.6343318196,2024-01-01,35849622.82039656,37531273.7511938,55027669.35458252,33379378.05247922
3360220.7588318186,3288873.425753068,3002056.4559880677,3250450.1130648977,2931704.565831819,2269787.408539818,2446288.6370018185,2789468.850201818,2913649.5140444553,3395003.4388898187,3703188.6343318196,2024-01-02,35724143.616802014,37399941.02949348,55033776.6809233,33350691.80247922
3430820.7588318186,3294342.175753068,3001193.9559880677,3257432.6130648977,2934504.565831819,2276987.408539818,2394508.6370018185,2788688.850201818,2910849.5140444553,3400853.4388898187,3682538.6343318196,2024-01-03,35479368.48180057,37143619.027033634,55482758.35883254,33372720.55247922
3426120.7588318186,3309654.675753068,3010906.4559880677,3261850.1130648977,2939124.565831819,2284787.408539818,2421448.6370018185,2791388.850201818,2914849.5140444553,3404903.4388898187,3681094.8843318196,2024-01-04,35712271.73420174,37387500.836981796,55815085.89339722,33446129.30247922
3434420.7588318186,3313560.925753068,3011787.7059880677,3260995.1130648977,2945144.565831819,2285737.408539818,2445388.6370018185,2785088.850201818,2916949.5140444553,3407378.4388898187,3700213.6343318196,2024-01-05,35798342.88305371,37477624.686792605,56025634.76844303,33506665.55247922
3391320.7588318186,3311529.675753068,3012143.9559880677,3261280.1130648977,2938704.565831819,2284987.408539818,2433928.6370018185,2772188.850201818,2913999.5140444553,3387353.4388898187,3687088.6343318196,2024-01-08,35472195.886062905,37136159.61037176,55397970.92502403,33394525.55247922
3442420.7588318186,3309185.925753068,3012068.9559880677,3263560.1130648977,2937584.565831819,2284787.408539818,2441788.6370018185,2776148.850201818,2914949.5140444553,3386678.4388898187,3692207.3843318196,2024-01-09,35524712.47784328,37191136.09852539,55834194.27603087,33461380.55247922
3526020.7588318186,3309498.425753068,3012593.9559880677,3264415.1130648977,2946264.565831819,2286637.408539818,2430868.6370018185,2775248.850201818,2920499.5140444553,3385778.4388898187,3702401.1343318196,2024-01-10,35646481.71812523,37318580.525871255,56561899.0711554,33560226.80247922
3508720.7588318186,3314029.675753068,3012875.2059880677,3264272.6130648977,2945284.565831819,2287337.408539818,2400628.6370018185,2776748.850201818,2922149.5140444553,3384878.4388898187,3707038.6343318196,2024-01-11,35693474.58675131,37367777.43450104,56539830.961767346,33523964.30247922
3531920.7588318186,3314498.425753068,3012593.9559880677,3264985.1130648977,2950464.565831819,2287987.408539818,2542588.6370018185,2780348.850201818,2922149.5140444553,3410303.4388898187,3724101.1343318196,2024-01-12,36101323.220248155,37794761.49249418,57337147.58147162,33741941.80247922
3517320.7588318186,3314654.675753068,3006912.7059880677,3265412.6130648977,2952704.565831819,2288187.408539818,2589268.6370018185,2789348.850201818,2922549.5140444553,3417728.4388898187,3725019.8843318196,2024-01-15,36435879.467414156,38144989.915103614,57523219.49991868,33789108.05247922
3484320.7588318186,3314810.925753068,3008225.2059880677,3265697.6130648977,2953544.565831819,2288037.408539818,2565508.6370018185,2786408.850201818,2922849.5140444553,3417278.4388898187,3724582.3843318196,2024-01-16,36328455.418607526,38032570.045097165,57021437.93000636,33731264.30247922
3398870.7588318186,3290592.175753068,3009218.9559880677,3265555.1130648977,2935484.565831819,2284187.408539818,2575588.6370018185,2736128.850201818,2922349.5140444553,3397253.4388898187,3724976.1343318196,2024-01-17,35569396.92485263,37237924.849020235,55915571.15363099,33540205.55247922
3346720.7588318186,3304498.425753068,3009443.9559880677,3266125.1130648977,2936884.565831819,2273337.408539818,2579188.6370018185,2736968.850201818,2921949.5140444553,3408728.4388898187,3726069.8843318196,2024-01-18,35388515.60245682,37048514.40137301,55532157.31351027,33509915.55247922
3343470.7588318186,3312310.925753068,3013025.2059880677,3266695.1130648977,2937304.565831819,2275587.408539818,2599528.6370018185,2716808.850201818,2921949.5140444553,3412553.4388898187,3727426.1343318196,2024-01-19,35652582.54668371,37340829.55761548,55766203.144585446,33526660.55247922
3324370.7588318186,3293404.675753068,3006743.9559880677,3267122.6130648977,2959144.565831819,2189387.408539818,2579368.6370018185,2747168.850201818,2923699.5140444553,3350678.4388898187,3728169.8843318196,2024-01-23,35020075.02370255,36678362.87536431,55178635.94758257,33369259.30247922
3331270.7588318186,3306060.925753068,3012818.9559880677,3267265.1130648977,2959564.565831819,2244337.408539818,2619388.6370018185,2762888.850201818,2923999.5140444553,3418628.4388898187,3728344.8843318196,2024-01-24,35374829.96001484,37050476.16921951,55418178.79226492,33574568.05247922
3321420.7588318186,3293408.208565568,3015425.2059880677,3267407.6130648977,2960824.565831819,2260813.209539818,2611888.6370018185,2736582.837601818,2924149.5140444553,3397255.0523898187,3728782.3843318196,2024-01-25,35207716.723690175,36875444.18770477,55197727.83601424,33517957.987191714
3492470.7588318186,3352570.493253068,3015304.5267943176,3267291.7247923976,2960731.601431819,2275521.129889818,2596834.247701818,2801824.8263818184,2924098.309844455,3442904.5140148187,3728694.5293630697,2024-01-29,35842532.66828806,37540307.28097802,57006221.88512735,33858246.66229922
3518787.4321368183,3335695.4932530676,2987385.7767943176,3266294.2247923976,2962131.601431819,2269571.129889818,2590234.247701818,2804824.8263818184,2923648.309844455,3455504.5140148187,3729088.2793630697,2024-01-30,35487200.62657158,37168146.998671405,56927253.95850742,33843165.83560422
3561722.4321368183,3367101.743253068,2999198.2767943176,3270996.7247923976,2967451.601431819,2281421.129889818,2601454.247701818,2806984.8263818184,2925498.309844455,3485429.5140148187,3730619.5293630697,2024-01-31,35822911.08454594,37519796.82193609,57645125.20006695,33997878.33560422
3583257.4321368183,3410382.993253068,2986635.7767943176,3266009.2247923976,2968151.601431819,2290021.129889818,2599954.247701818,2810164.8263818184,2926098.309844455,3506129.5140148187,3735344.5293630697,2024-02-01,35776330.43406571,37471011.06225617,57721151.30840066,34082149.58560422
3594092.4321368183,3373820.493253068,3004092.0267943176,3270141.7247923976,2968151.601431819,2283821.129889818,2640574.247701818,2811064.8263818184,2928698.309844455,3519179.5140148187,3741163.2793630697,2024-02-02,36034131.66247578,37741006.70407731,58004534.255729645,34134799.58560422
3611622.4321368183,3363195.493253068,2960423.2767943176,3231524.2247923976,2968431.601431819,2288671.129889818,2634814.247701818,2799664.8263818184,2927248.309844455,3520079.5140148187,3741338.2793630697,2024-02-05,35898759.22338101,37599195.5577118,57817780.635804445,34047013.33560422
3641157.4321368183,3336789.243253068,2962392.0267943176,3264441.7247923976,2970811.601431819,2265471.129889818,2677354.247701818,2778664.8263818184,2927048.309844455,3536954.5140148187,3742257.0293630697,2024-02-06,36158786.429778636,37875734.34139225,58273346.36136581,34103342.08560422
3662082.4321368183,3385851.7432530676,2984517.0267943176,3266436.7247923976,2971231.601431819,2269471.129889818,2640154.247701818,2785024.8263818184,2928048.309844455,3568229.5140148187,3746457.0293630697,2024-02-07,36160600.189620346,37877649.12078734,58617903.54337284,34207504.58560422
3605962.4321368183,3302882.9932530685,2953748.2767943176,3271566.7247923976,2950231.601431819,2235921.129889818,2638534.247701818,2718484.8263818184,2928398.309844455,3579929.5140148187,3743832.0293630697,2024-02-08,35810132.322024815,37532401.47402772,57983650.14773532,33929492.08560422
3651122.4321368183,3346476.7432530685,2972385.7767943176,3256176.7247923976,2965491.601431819,2245321.129889818,2613574.247701818,2734624.8263818184,2928848.309844455,3587579.5140148187,3746763.2793630697,2024-02-09,35916567.04728142,37647593.66266756,58572470.468211465,34048364.58560422
3610262.4321368183,3339601.743253068,2956410.7767943176,3258171.7247923976,2959891.601431819,2209721.129889818,2626654.247701818,2698864.8263818184,2928998.309844455,3586679.5140148187,3746807.0293630697,2024-02-12,35642112.2057793,37359953.857340716,57912427.42941348,33922063.33560422
3619007.4321368183,3400382.993253068,2972273.2767943176,3254751.7247923976,2972071.601431819,2227021.129889818,2632414.247701818,2731504.8263818184,2929248.309844455,3596579.5140148187,3746807.0293630697,2024-02-13,35851848.79838411,37579730.59171382,58287022.82957919,34082062.08560422
3645732.4321368183,3455226.7432530676,2980335.7767943176,3255749.2247923976,2973331.601431819,2243721.129889818,2612494.247701818,2744944.8263818184,2928398.309844455,3593879.5140148187,3746807.0293630697,2024-02-14,36011459.66445443,37747044.72008392,58763767.05680433,34180620.83560422
3633817.4321368183,3399601.743253068,2980073.2767943176,3257316.7247923976,2972351.601431819,2239721.129889818,2624074.247701818,2734444.8263818184,2929498.309844455,3598829.5140148187,3746807.0293630697,2024-02-15,36128034.956098765,37878318.70621998,58672495.00294605,34116535.83560422
3663392.4321368183,3394914.243253068,2983035.7767943176,3258171.7247923976,2975571.601431819,2256371.129889818,2653654.247701818,2730244.8263818184,2929448.309844455,3590504.5140148187,3746807.0293630697,2024-02-16,36342305.94830784,38109184.71512664,58948948.36085114,34182115.83560422
3701022.4321368183,3386945.493253068,3003285.7767943176,3272279.2247923976,2977811.601431819,2247671.129889818,2652814.247701818,2726944.8263818184,2930148.309844455,3600854.5140148187,3746807.0293630697,2024-02-19,36476771.50748176,38250173.56359241,59419608.064935625,34246584.58560422
3674152.4321368183,3453351.7432530676,3011948.2767943176,3278264.2247923976,2978371.601431819,2267971.129889818,2636914.247701818,2762224.8263818184,2931848.309844455,3601529.5140148187,3744925.7793630697,2024-02-20,36599942.28945958,38384313.84526468,59267478.647054344,34341502.08560422
3674557.4321368183,3450539.243253068,3000585.7767943176,3281399.2247923976,2978791.601431819,2280971.129889818,2602414.247701818,2745004.8263818184,2930848.309844455,3601979.5140148187,3746807.0293630697,2024-02-21,36365967.26987922,38138940.15198415,59146497.56661311,34293898.33560422
3715667.4321368183,3482570.4932530685,3004185.7767943176,3282539.2247923976,2979351.601431819,2254871.129889818,2633554.247701818,2720584.8263818184,2931098.309844455,3602429.5140148187,3745757.0293630697,2024-02-22,36633744.17741869,38419754.884743206,59608800.94977291,34352609.58560422
3726682.4321368183,3484914.243253068,3012585.7767943176,3279974.2247923976,2979491.601431819,2246921.129889818,2628634.247701818,2720284.8263818184,2931448.309844455,3602879.5140148187,3746807.0293630697,2024-02-23,36625912.03264768,38411520.158633016,59621648.5355982,34360623.33560422
3781177.4321368183,3465539.243253068,3002404.5267943176,3276839.2247923976,2980051.601431819,2234121.129889818,2609254.247701818,2699224.8263818184,2931848.309844455,3604679.5140148187,3746807.0293630697,2024-02-26,36476441.73296508,38254813.67316948,59768944.875631444,34331947.08560422
3759552.4321368183,3452882.993253068,2980167.0267943176,3285531.7247923976,2980191.601431819,2260871.129889818,2613634.247701818,2700004.8263818184,2931848.309844455,3618854.5140148187,3746413.2793630697,2024-02-27,36602250.711076304,38386757.24473818,59670660.092901275,34329952.08560422
3677107.4321368183,3444757.993253068,2961435.7767943176,3289379.2247923976,2980051.601431819,2217171.129889818,2622934.247701818,2672404.8263818184,2931848.309844455,3605804.5140148187,3746807.0293630697,2024-02-28,36194649.40846696,37959268.060892336,58751636.70808342,34149702.08560422
3744092.4321368183,3449289.2432530676,2963357.0599193177,3293369.2247923976,2980331.601431819,2242971.129889818,2626294.247701818,2679664.8263818184,2931898.309844455,3603214.200639819,3746850.7793630697,2024-02-29,36246836.22573066,38013950.87122463,59349453.090776026,34261333.055354215
3777253.6847018185,3524536.430440568,2991739.773613068,3293265.4398998977,2980269.851011819,2294594.368039818,2603202.194141818,2725496.2103018183,2931842.327994455,3603133.268839819,3746733.9709505695,2024-03-01,36833752.42178161,38629546.57319098,60121118.15311639,34472067.519935474
3779613.6847018185,3540942.680440568,3004696.023613068,3298252.9398998977,2982789.851011819,2298744.368039818,2584962.194141818,2725556.2103018183,2934192.327994455,3605833.268839819,3749358.9709505695,2024-03-04,36943979.55397996,38745126.41655497,60190841.475749455,34504942.519935474
3777478.6847018185,3531098.930440568,2921839.773613068,3306802.9398998977,2984329.851011819,2304044.368039818,2550042.194141818,2713916.2103018183,2934842.327994455,3609883.268839819,3735752.7209505695,2024-03-05,36862690.13561977,38659830.630126886,60048076.03368501,34370031.269935474
3711218.6847018185,3582348.930440568,2918127.273613068,3309795.4398998977,2985169.851011819,2316144.368039818,2563002.194141818,2759396.2103018183,2935992.327994455,3610333.268839819,3749315.2209505695,2024-03-06,37056844.88231172,38863466.8314395,59777098.081511475,34440843.769935474
3707373.6847018185,3559536.430440568,2957877.273613068,3310650.4398998977,2984889.851011819,2324094.368039818,2562162.194141818,2750876.2103018183,2932592.327994455,3612358.268839819,3756140.2209505695,2024-03-07,37088997.89768746,38897216.286667146,59730647.399639234,34458551.269935474
3690198.6847018185,3550473.9304405674,2963389.773613068,3312217.9398998977,2985589.851011819,2312294.368039818,2544042.194141818,2732216.2103018183,2931842.327994455,3609433.268839819,3758940.2209505695,2024-03-11,36823694.29902304,38618927.183171555,59362363.42868918,34390638.76993547
3612593.6847018185,3537192.680440568,2965321.023613068,3312930.4398998977,2985589.851011819,2306844.368039818,2558922.194141818,2722556.2103018183,2935792.327994455,3606733.268839819,3762221.4709505695,2024-03-12,36828723.36040232,38624201.636842705,58715570.91228107,34306697.519935474
3401378.6847018185,3499380.1804405684,2972202.273613068,3310935.4398998977,2985169.851011819,2287194.368039818,2557122.194141818,2734016.2103018183,2921342.327994455,3600208.268839819,3759115.2209505695,2024-03-13,36271404.427222885,38039759.27816341,56589746.41875596,34028065.019935474
3583303.6847018185,3441255.180440568,2954614.773613068,3312787.9398998977,2985589.851011819,2265794.368039818,2607282.194141818,2748836.2103018183,2925992.327994455,3599533.268839819,3764715.2209505695,2024-03-14,36517003.998516016,38297338.22169857,58121965.506337434,34189705.019935474
3628773.6847018185,3407661.4304405684,2994796.023613068,3313357.9398998977,2986149.851011819,2274244.368039818,2584602.194141818,2746076.2103018183,2924242.327994455,3593908.268839819,3765415.2209505695,2024-03-15,36313698.008986354,38084621.50215031,58468557.62040605,34219227.519935474
3609583.6847018185,3454848.9304405674,2994946.023613068,3313642.9398998977,2987829.851011819,2272794.368039818,2547822.194141818,2746916.2103018183,2934042.327994455,3598858.268839819,3759027.7209505695,2024-03-18,36367039.03705841,38140526.01221935,58286184.375870734,34220312.51993547
3552243.6847018185,3424848.930440568,3025864.773613068,3315780.4398998977,2987689.851011819,2229094.368039818,2498742.194141818,2760716.2103018183,2932342.327994455,3594583.268839819,3746515.2209505695,2024-03-19,35974195.144070245,37728554.76445277,57484283.69069658,34068421.269935474
3552613.6847018185,3376255.180440568,3047858.523613068,3315780.4398998977,2987409.851011819,2237194.368039818,2491182.194141818,2778476.2103018183,2937842.327994455,3607633.268839819,3751283.9709505695,2024-03-20,36009893.235500224,37765992.81311636,57576848.57181145,34083530.019935474
3569463.6847018185,3380005.1804405674,3072627.273613068,3315780.4398998977,2989229.851011819,2279144.368039818,2491002.194141818,2787416.2103018183,2939742.327994455,3615283.268839819,3760033.9709505695,2024-03-21,36294900.86153592,38064874.60544385,57809485.96061908,34199728.76993547
3610618.6847018185,3373598.930440568,3088939.773613068,3315352.9398998977,2989929.851011819,2307794.368039818,2436102.194141818,2793956.2103018183,2939992.327994455,3617083.268839819,3750758.9709505695,2024-03-22,36434725.2566058,38211513.81519207,58149229.82432651,34224127.519935474
3613408.6847018185,3396567.680440568,3123796.023613068,3315780.4398998977,2990629.851011819,2314744.368039818,2416602.194141818,2768276.2103018183,2940242.327994455,3617983.268839819,3746252.7209505695,2024-03-26,36282946.53530648,38052352.18314219,57987548.30379443,34244283.769935474
3627043.6847018185,3435317.6804405674,3136489.773613068,3315780.4398998977,2990629.851011819,2330144.368039818,2406102.194141818,2795216.2103018183,2940642.327994455,3617983.268839819,3722758.9709505695,2024-03-27,36479079.92909848,38258008.88786559,58290363.04926847,34318108.76993547
3702268.6847018185,3417817.680440568,3130571.343300568,3315922.9398998977,2991049.851011819,2350094.368039818,2423262.194141818,2807576.2103018183,2940992.327994455,3619333.268839819,3748763.5890755695,2024-03-28,36814213.281668656,38609505.99866319,59199663.21604769,34447652.45774797
3757115.7696418185,3436107.162471818,3130469.4429255677,3315845.2108948976,2990988.1005918193,2339439.270939818,2420113.4979818184,2813757.1495218184,2940931.922394455,3619254.725864819,3783989.5911818193,2024-04-01,37036975.9676821,38843156.07331608,59681348.51602891,34548011.84441047
3775250.7696418185,3423919.6624718183,3129756.9429255677,3313755.2108948976,2982868.1005918193,2354189.270939818,2405113.4979818184,2777517.1495218184,2941381.922394455,3624204.725864819,3764083.3411818193,2024-04-02,37022630.77620677,38828119.76886381,59664616.5337158,34492040.59441047
3747780.7696418185,3465169.6624718183,3134538.1929255677,3319170.2108948976,2982868.1005918193,2340189.270939818,2402533.4979818184,2748057.1495218184,2936281.922394455,3624204.725864819,3807133.3411818193,2024-04-03,36991879.3025269,38795803.46140428,59505049.36033742,34507926.84441047
3728865.7696418185,3463763.4124718183,3135044.4429255677,3311570.2108948976,2982728.1005918193,2342039.270939818,2409733.4979818184,2768577.1495218184,2936631.922394455,3620604.725864819,3843095.8411818193,2024-04-04,37123789.10919659,38934149.209478036,59252251.247948125,34542654.34441047
3750335.7696418185,3456888.412471818,3128275.6929255677,3304540.2108948976,2987768.1005918193,2349939.270939818,2400553.4979818184,2808897.1495218184,2934831.922394455,3625329.725864819,3831458.3411818193,2024-04-05,37122222.68024238,38932504.613678575,59317488.09108125,34578818.09441047
3751975.7696418185,3501732.1624718183,3132756.9429255677,3319835.2108948976,2990568.1005918193,2364639.270939818,2397673.4979818184,2813217.1495218184,2945081.922394455,3628254.725864819,3827127.0911818193,2024-04-08,37373840.63646482,39196438.745267384,59516991.808265656,34672861.84441047
3729295.7696418185,3515169.6624718183,3135363.1929255677,3318885.2108948976,2997288.1005918193,2354139.270939818,2419573.4979818184,2805837.1495218184,2941481.922394455,3628254.725864819,3811552.0911818193,2024-04-09,37335009.68712643,39155699.757892005,59307971.979631275,34656840.59441047
3769875.7696418185,3537513.4124718183,3139056.9429255677,3325155.2108948976,2997428.1005918193,2352689.270939818,2434033.4979818184,2853717.1495218184,2945431.922394455,3630504.725864819,3838458.3411818193,2024-04-10,37518116.98750979,39347718.064592674,60018570.78371231,34823864.34441047
3743265.7696418185,3507044.6624718183,3139806.9429255677,3324300.2108948976,2998268.1005918193,2356339.270939818,2407573.4979818184,2843577.1495218184,2941431.922394455,3629604.725864819,3845983.3411818193,2024-04-12,37131621.2539676,38942372.18847537,59551491.32971431,34737195.59441047
3683965.7696418185,3473763.4124718183,3130994.4429255677,3326010.2108948976,2992948.1005918193,2343089.270939818,2388133.4979818184,2828517.1495218184,2943631.922394455,3626904.725864819,3825989.5911818193,2024-04-15,36724514.61313327,38515435.11893365,58661088.61833927,34563948.09441047
3645210.7696418185,3458607.1624718187,3121413.1929255677,3326010.2108948976,2990848.1005918193,2295639.270939818,2323873.4979818184,2822817.1495218184,2941031.922394455,3627804.725864819,3776989.5911818193,2024-04-16,36519065.08924523,38299981.322090566,57925565.665773414,34330245.59441047
3558650.7696418185,3376107.1624718183,3112506.9429255677,3329620.2108948976,2983848.1005918193,2279689.270939818,2329633.4979818184,2817417.1495218184,2941931.922394455,3626679.725864819,3769508.3411818193,2024-04-18,36268354.01294365,38037033.94798144,57241247.06352108,34125593.09441047
3565625.7696418185,3391107.162471818,3142506.9429255677,3330285.2108948976,2991968.1005918193,2287589.270939818,2320393.4979818184,2825397.1495218184,2943731.922394455,3630054.725864819,3742777.0911818193,2024-04-19,36517581.10392019,38298430.703193925,57539294.3654307,34171436.84441047
3603060.7696418185,3464857.1624718183,3149556.9429255677,3330950.2108948976,2999948.1005918193,2283139.270939818,2346253.4979818184,2845857.1495218184,2947381.922394455,3633429.725864819,3777077.0911818193,2024-04-22,36829877.57121068,38625940.209545,58279191.62428905,34381511.84441047
3605620.7696418185,3468763.4124718183,3150588.1929255677,3331140.2108948976,3000508.1005918193,2280239.270939818,2357833.4979818184,2849937.1495218184,2948181.922394455,3633879.725864819,3786833.3411818193,2024-04-23,36881981.944845214,38680576.031425886,58488130.001750626,34413525.59441047
3584835.7696418185,3491732.1624718183,3152031.9429255677,3331140.2108948976,3001208.1005918193,2280439.270939818,2343853.4979818184,2885097.1495218184,2950381.922394455,3634554.725864819,3749383.3411818193,2024-04-24,36938703.161713175,38740063.41091518,58307004.88564387,34404658.09441047
3656805.7696418185,3614229.546846818,3152594.4429255677,3331140.2108948976,3001768.1005918193,2302039.270939818,2353153.4979818184,2645877.1495218184,2951331.922394455,3634779.725864819,3768239.5911818193,2024-04-25,37215631.31209036,39030534.270439684,59175643.55491096,34411959.22878547
3621874.6785868183,3614112.495128068,3152164.2118255678,3331022.4734948976,3001630.544791819,2252283.8199398182,2343286.7128818184,2605085.095961818,2951257.891644455,3634581.741639819,3741149.7801568196,2024-04-26,36967640.87555134,38770394.4563025,58373028.91834745,34248449.44605172
3621054.6785868183,3624112.495128068,3181245.4618255678,3334466.2234948976,3025150.544791819,2289133.8199398182,2348806.7128818184,2643245.095961818,2955507.891644455,3655956.741639819,3781837.2801568196,2024-04-29,37336081.45430562,39156792.23938736,59014330.22982879,34460516.94605172
3596354.6785868183,3625987.495128068,3203239.2118255678,3331734.9734948976,3025990.544791819,2314233.8199398182,2331706.7128818184,2624705.095961818,2956807.891644455,3655731.741639819,3743599.7801568196,2024-04-30,37272517.416216664,39090174.36239609,58739433.55557214,34410091.94605172
3587194.6785868183,3626299.995128068,3199920.4618255678,3323778.7234948976,3026410.544791819,2305733.8199398182,2324506.7128818184,2569265.095961818,2958357.891644455,3659556.741639819,3778074.7801568196,2024-05-02,37343996.0427058,39165109.19528753,58436484.09732874,34359099.44605172
3544129.6785868183,3623331.245128068,3192645.4618255678,3305253.7234948976,3026690.544791819,2288933.8199398182,2326606.7128818184,2534825.095961818,2942157.891644455,3660006.741639819,3762499.7801568196,2024-05-03,37059812.852961786,38867096.689311184,57831044.573247105,34207080.69605172
3426114.6785868183,3623956.245128068,3180082.9618255678,3309409.9734948976,3027390.544791819,2300683.8199398182,2338246.7128818184,2627345.095961818,2935907.891644455,3636156.741639819,3822349.7801568196,2024-05-06,37005152.72682303,38809794.27281261,56930724.55436416,34227644.44605172
3387684.6785868183,3619893.745128068,3186682.9618255678,3307747.4734948976,3025850.544791819,2261433.8199398182,2356306.7128818184,2650865.095961818,2926107.891644455,3628281.741639819,3859843.5301568196,2024-05-07,36773980.7906344,38574828.52152012,56498915.62906062,34210698.19605172
3412554.6785868183,3622081.245128068,3175526.7118255678,3311428.7234948976,3024870.544791819,2251983.8199398182,2339926.7128818184,2656805.095961818,2942657.891644455,3640206.741639819,3860368.5301568196,2024-05-08,36773980.7906344,38574758.038843006,56691184.22789945,34238410.69605172
3320049.6785868183,3617081.245128068,3121789.2118255678,3301334.9734948976,3022770.544791819,2213033.8199398182,2354626.7128818184,2650985.095961818,2921807.891644455,3651006.741639819,3849956.0301568196,2024-05-09,36205119.749371365,37978086.935683385,55698760.08640382,34024441.94605172
3350964.6785868183,3619893.745128068,3148414.2118255678,3318672.4734948976,3023610.544791819,2221583.8199398182,2337286.7128818184,2633465.095961818,2932557.891644455,3654156.741639819,3805462.2801568196,2024-05-10,36366214.600766726,38204606.51283431,56009462.59137443,34046068.19605172
3433134.6785868183,3626456.245128068,3163451.7118255678,3309528.7234948976,3027110.544791819,2216683.8199398182,2335366.7128818184,2649065.095961818,2933357.891644455,3651456.741639819,3848906.0301568196,2024-05-13,36446762.0264644,38289256.20805547,56659121.49405995,34194518.19605172
3585549.6785868183,3623956.245128068,3140801.7118255678,3307391.2234948976,3025710.544791819,2233183.8199398182,2336926.7128818184,2655545.095961818,2948107.891644455,3662256.741639819,3813337.2801568196,2024-05-14,36634403.72645204,38486325.77328307,57926511.91110177,34332766.94605172
3599909.6785868183,3627862.495128068,3151132.9618255678,3338028.7234948976,3028090.544791819,2229883.8199398182,2331346.7128818184,2661245.095961818,2947857.891644455,3665406.741639819,3798681.0301568196,2024-05-15,36605878.23075972,38456417.623958476,58120002.01241858,34379445.69605172
3593024.6785868183,3631299.995128068,3171626.7118255678,3350259.9734948976,3028790.544791819,2221933.8199398182,2371366.7128818184,2686745.095961818,2952357.891644455,3660456.741639819,3840068.5301568196,2024-05-16,36941094.02695907,38819697.088947974,58370885.02005094,34507930.69605172
3611649.6785868183,3632237.495128068,3170839.2118255678,3351447.4734948976,3029210.544791819,2225833.8199398182,2360566.7128818184,2715785.095961818,2956357.891644455,3667881.741639819,3787524.7801568196,2024-05-17,37043736.34527392,38927606.06761873,58528136.02943245,34509334.44605172
3667524.6785868183,3634424.995128068,3179220.4618255678,3353466.2234948976,3030050.544791819,2220733.8199398182,2348506.7128818184,2718485.095961818,2959507.891644455,3676206.741639819,3780262.2801568196,2024-05-21,37147532.87439713,39036642.76912341,58971540.78390394,34568389.44605172
3692639.6785868183,3633956.245128068,3177307.9618255678,3354416.2234948976,3028090.544791819,2219183.8199398182,2373346.7128818184,2720405.095961818,2963407.891644455,3676881.741639819,3791462.2801568196,2024-05-22,37260892.8645039,39176433.41207814,59233499.50393204,34631098.19605172
3904564.6785868183,3637237.495128068,3207701.7118255678,3355603.7234948976,3032010.544791819,2254583.8199398182,2394586.7128818184,2731685.095961818,2964157.891644455,3680931.741639819,3843699.7801568196,2024-05-23,37870728.38946371,39817614.32583907,61776572.27188517,35006763.19605172
3917289.6785868183,3638174.995128068,3213101.7118255678,3356197.4734948976,3032290.544791819,2255733.8199398182,2385766.7128818184,2725625.095961818,2964257.891644455,3681606.741639819,3808262.2801568196,2024-05-24,37853332.78370914,39801274.09186008,61732842.52967259,34978306.94605172
3836689.6785868183,3638799.995128068,3231232.9618255678,3356672.4734948976,3032430.544791819,2279233.8199398182,2393386.7128818184,2735165.095961818,2964457.891644455,3682731.741639819,3806599.7801568196,2024-05-27,37812688.074529044,39758561.589525335,61058376.297982514,34957400.69605172
3797359.6785868183,3639112.495128068,3232151.7118255678,3356909.9734948976,3032850.544791819,2273733.8199398182,2388226.7128818184,2726825.095961818,2964507.891644455,3683181.741639819,3801218.5301568196,2024-05-28,37739643.0190857,39681758.96569021,60553195.145594984,34896078.19605172
3815394.6785868183,3639893.745128068,3209464.2118255678,3357384.9734948976,3033130.544791819,2274883.8199398182,2368906.7128818184,2708165.095961818,2964657.891644455,3683181.741639819,3769981.0301568196,2024-05-29,37437157.34366627,39363670.64384752,60339142.877529606,34825044.44605172
3751969.6785868183,3640518.745128068,3139250.555888068,3357622.4734948976,3033830.544791819,2261683.8199398182,2340826.7128818184,2711045.095961818,2965507.891644455,3683856.741639819,3711531.0301568196,2024-05-30,37080918.42202894,38989078.70918025,59665922.618434116,34597643.290114224
3968395.9996768185,3640308.241690568,3169501.812925568,3357437.0748386476,3033703.393651819,2276631.300239818,2349766.7128818184,2699338.815621818,2965388.030844455,3683610.980914819,3654408.4362380696,2024-05-31,37150253.514159694,39101322.3724939,61401769.38570722,34798490.79952422
4146405.999676818,3675933.241690568,3226689.312925568,3381187.0748386476,3053023.393651819,2323231.300239818,2348566.7128818184,2741578.815621818,2984188.030844455,3729960.980914819,3682583.4362380696,2024-06-03,38359206.892287396,40373804.87810609,64485206.5502654,35293348.29952422
3607015.9996768185,3604526.991690568,3119776.812925568,3284049.5748386476,2979663.393651819,2215481.300239818,2333866.7128818184,2654038.815621818,2930638.030844455,3515085.980914819,3694133.4362380696,2024-06-04,36084752.05078527,38006021.57004862,56572050.015141055,33938277.04952422
3803165.9996768185,3667183.241690568,3227533.062925568,3356605.8248386476,3039863.393651819,2313681.300239818,2377606.7128818184,2747698.815621818,2969988.030844455,3617010.980914819,3722920.9362380696,2024-06-05,37298074.941258915,39283989.97736332,59009279.866107315,34843258.29952422
3879225.9996768185,3667183.241690568,3245926.812925568,3379405.8248386476,3043363.393651819,2301131.300239818,2428186.7128818184,2767318.815621818,2979838.030844455,3676185.980914819,3785439.6862380696,2024-06-06,37629580.77414568,39633090.67713883,60011288.11849795,35153205.79952422
3911685.9996768185,3676558.241690568,3291901.812925568,3396149.5748386476,3051623.393651819,2312931.300239818,2501806.7128818184,2788378.815621818,2986838.030844455,3702060.980914819,3827614.6862380696,2024-06-07,38402489.79760089,40447200.839213744,61072155.63422679,35447549.54952422
3926320.9996768185,3682026.991690568,3286726.812925568,3397337.0748386476,3052743.393651819,2309631.300239818,2461186.7128818184,2780938.815621818,2988088.030844455,3712410.980914819,3811514.6862380696,2024-06-10,38351457.191145554,40393434.303684,60962243.47690459,35408925.79952422
3935255.9996768185,3683120.741690568,3300189.312925568,3398762.0748386476,3054283.393651819,2307531.300239818,2456386.7128818184,2753998.815621818,2988088.030844455,3723885.980914819,3808495.9362380696,2024-06-11,38360773.3212416,40412417.63805501,60898365.93581854,35409998.29952422
3939985.9996768185,3684058.241690568,3310220.562925568,3400068.3248386476,3055263.393651819,2311181.300239818,2443726.7128818184,2750098.815621818,2989588.030844455,3731085.980914819,3794933.4362380696,2024-06-12,38456572.818335466,40513301.84323948,60951613.56190391,35410210.79952422
3949290.9996768185,3681089.491690568,3318883.062925568,3399830.8248386476,3052743.393651819,2331181.300239818,2454226.7128818184,2763478.815621818,2990488.030844455,3734460.980914819,3832689.6862380696,2024-06-13,38581804.6910425,40645233.66769532,61043072.05653961,35508363.29952422
3986550.9996768185,3685308.241690568,3323251.812925568,3400305.8248386476,3052883.393651819,2330181.300239818,2448166.7128818184,2753158.815621818,2991088.030844455,3734685.980914819,3805389.6862380696,2024-06-14,38691784.49235335,40775015.770499006,61308499.86965705,35510970.79952422
4032680.9996768185,3689058.241690568,3323645.562925568,3400780.8248386476,3058623.393651819,2336331.300239818,2459326.7128818184,2756158.815621818,2991088.030844455,3740535.980914819,3794802.1862380696,2024-06-18,38843975.43179851,40935446.09073705,61832105.32787594,35583032.04952422
3991785.9996768185,3690620.741690568,3300301.812925568,3397930.8248386476,3060583.393651819,2348881.300239818,2475106.7128818184,2787178.815621818,2990638.030844455,3743010.980914819,3785045.9362380696,2024-06-19,38774887.67055526,40864188.1041687,61510412.35737763,35571084.54952422
3991405.9996768185,3691089.491690568,3301183.062925568,3397218.3248386476,3061563.393651819,2351481.300239818,2479966.7128818184,2808298.815621818,2991088.030844455,3742335.980914819,3774720.9362380696,2024-06-20,38858980.172307186,40965882.86014005,61526403.161792025,35590352.04952422
3924720.9996768185,3691714.491690568,3325089.312925568,3401374.5748386476,3061843.393651819,2354631.300239818,2500726.7128818184,2819998.815621818,2990938.030844455,3743235.980914819,3795502.1862380696,2024-06-21,38750319.46906303,40856341.03278267,61065572.283024065,35609775.79952422
3933485.9996768185,3692026.991690568,3321301.812925568,3402087.0748386476,3062123.393651819,2324381.300239818,2494066.7128818184,2819278.815621818,2991588.030844455,3744360.980914819,3802808.4362380696,2024-06-24,38810915.536501914,40920280.56804339,60992830.14091088,35587509.54952422
3911200.9996768185,3692183.241690568,3325970.562925568,3402324.5748386476,3062543.393651819,2330331.300239818,2511826.7128818184,2829058.815621818,2992088.030844455,3745035.980914819,3822758.4362380696,2024-06-25,39113401.21192135,41239167.693560116,61151934.333589695,35625322.04952422
3911590.9996768185,3693120.741690568,3330283.062925568,3402918.3248386476,3062543.393651819,2334431.300239818,2510291.8588618184,2849938.815621818,2992338.030844455,3745260.980914819,3838770.9362380696,2024-06-26,39356609.917968586,41495630.661374204,61645352.1160945,35671488.44550422
3917185.9996768185,3693120.741690568,3329669.406988068,3403155.8248386476,3062963.393651819,2339831.300239818,2547851.8588618184,2876625.275221818,2992588.030844455,3746385.980914819,3910914.6862380696,2024-06-27,39646316.830866896,41802829.40960186,61974814.262443006,35820292.49916672
3919092.4867318184,3692976.373315568,3329545.940831818,3402924.6182511477,3062864.359866819,2318022.6641398184,2541611.8588618184,2876526.931541818,2992521.785894455,3746277.975764819,3884549.8906318196,2024-06-28,39590420.050290614,41748252.32328525,61739591.23511951,35766914.88583172
3927632.4867318184,3691101.373315568,3340045.940831818,3422162.1182511477,3066224.359866819,2312872.6641398184,2570231.8588618184,2878366.931541818,2994021.785894455,3742002.975764819,3940681.1406318196,2024-07-01,39806999.46411641,41976639.69137985,61982269.59857422,35885343.63583172
3898472.4867318184,3686101.373315568,3331795.940831818,3394374.6182511477,3059084.359866819,2287272.6641398184,2604611.8588618184,2855086.931541818,2995371.785894455,3727377.975764819,3968462.3906318196,2024-07-02,39777154.870357394,41945145.68182004,61412402.54414528,35808012.38583172
3934647.4867318184,3701726.373315568,3338433.440831818,3404587.1182511477,3066224.359866819,2312422.6641398184,2612471.8588618184,2874686.931541818,2995021.785894455,3745827.975764819,3932849.8906318196,2024-07-03,40045343.996042706,42227969.17087703,61955444.91663349,35918899.88583172
3892177.4867318184,3705101.373315568,3327558.440831818,3412187.1182511477,3073154.359866819,2300872.6641398184,2638811.8588618184,2881406.931541818,2995721.785894455,3747177.975764819,3975681.1406318196,2024-07-04,40071148.85197246,42255116.7486811,61757556.70288697,35949851.13583172
3896187.4867318184,3709601.373315568,3333952.190831818,3417887.1182511477,3074834.359866819,2292972.6641398184,2636111.8588618184,2886606.931541818,2998221.785894455,3758427.975764819,3971962.3906318196,2024-07-05,40106929.387031615,42300895.24747056,62038339.28611227,35976766.13583172
3864857.4867318184,3711226.373315568,3332845.940831818,3425130.8682511477,3075779.359866819,2297022.6641398184,2652191.8588618184,2887326.931541818,2998521.785894455,3757527.975764819,3957262.3906318196,2024-07-08,40101488.10750649,42295174.40351098,61809039.1888863,35959693.63583172
3861737.4867318184,3712101.373315568,3331420.940831818,3429168.3682511477,3077249.359866819,2293522.6641398184,2647571.8588618184,2888606.931541818,2998771.785894455,3759777.975764819,3950918.6406318196,2024-07-09,40287233.60402325,42493853.323199496,61801730.82721852,35950847.38583172
3848247.4867318184,3709851.373315568,3328739.690831818,3437243.3682511477,3077459.359866819,2285572.6641398184,2636831.8588618184,2887566.931541818,2998571.785894455,3754602.975764819,3894174.8906318196,2024-07-10,40107918.71058164,42304666.07069647,61499520.25339678,35858862.38583172
3832887.4867318184,3711601.373315568,3316739.690831818,3433562.1182511477,3078299.359866819,2289472.6641398184,2641211.8588618184,2887406.931541818,2999071.785894455,3758652.975764819,3906862.3906318196,2024-07-11,40093903.293622985,42289899.94983983,61367637.53727544,35855768.63583172
3820712.4867318184,3716601.373315568,3325983.440831818,3434037.1182511477,3077774.359866819,2294672.6641398184,2703791.8588618184,2887806.931541818,2999371.785894455,3760677.975764819,4081206.1406318196,2024-07-12,40400923.36864669,42616963.06590248,61715133.98126976,36102636.13583172
3847957.4867318184,3716476.373315568,3334608.440831818,3438074.6182511477,3078194.359866819,2304472.6641398184,2696771.8588618184,2888926.931541818,2999571.785894455,3764727.975764819,4081949.8906318196,2024-07-15,40540335.545570716,42764025.17171343,62050607.6930563,36151732.38583172
3866272.4867318184,3715226.373315568,3335133.440831818,3453037.1182511477,3079559.359866819,2307222.6641398184,2710871.8588618184,2880846.931541818,2998621.785894455,3765402.975764819,4089649.8906318196,2024-07-16,40583700.894513376,42813280.81590747,62272481.23388969,36201844.88583172
3850522.4867318184,3718351.373315568,3342220.940831818,3456837.1182511477,3080924.359866819,2318272.6641398184,2733311.8588618184,2886926.931541818,3000121.785894455,3767202.975764819,4120274.890631819,2024-07-18,40893441.609299645,43140015.01281023,62592027.62019719,36274967.38583172
3766002.4867318184,3712226.373315568,3327333.440831818,3455768.3682511477,3080504.359866819,2294872.6641398184,2786471.8588618184,2883086.931541818,2998571.785894455,3766977.975764819,4126706.140631819,2024-07-19,40448328.45541861,42675616.400379196,61652236.477258205,36198522.38583172
3760792.4867318184,3709601.373315568,3324520.940831818,3457787.1182511477,3080609.359866819,2286322.6641398184,2808911.8588618184,2876606.931541818,2995621.785894455,3766752.975764819,4133137.39063182,2024-07-22,40412630.36398862,42637966.90368425,61298972.97812536,36200664.88583172
3756102.4867318184,3709476.373315568,3294633.440831818,3460043.3682511477,3081869.359866819,2276272.6641398184,2824931.8588618184,2891646.931541818,3000821.785894455,3768777.975764819,4129549.89063182,2024-07-23,40362834.41197082,42592106.17510482,61052590.5223614,36194126.13583172
3732307.4867318184,3692601.373315568,3280964.690831818,3460874.6182511477,3083339.359866819,2259972.6641398184,2829371.8588618184,2887406.931541818,3003221.785894455,3769677.975764819,4145387.390631819,2024-07-24,40254750.814130835,42477982.97373463,60597040.92261546,36145126.13583172
3735197.4867318184,3613657.755815568,3297996.9983318183,3461587.1182511477,3084179.359866819,2242522.6641398184,2822363.2628618185,2897646.931541818,3004571.785894455,3770127.975764819,4130389.6509443196,2024-07-25,40242549.15701389,42465108.138047375,60334416.36675176,36060240.99014422
3842130.2508618184,3617161.833315568,3351082.3913005684,3461525.2749323975,3084066.205471819,2267270.044339818,2822301.4416618184,2897593.6039418182,3004509.256894455,3769985.730789819,4130326.1044818196,2024-07-26,40949503.27713426,43211143.7811372,61890642.100885145,36247952.13799172
3851565.2508618184,3601911.833315568,3357832.3913005684,3454162.7749323975,3094776.205471819,2277270.044339818,2823821.4416618184,2895433.6039418182,3006709.256894455,3778760.730789819,4130282.3544818196,2024-07-29,40951564.36786348,43213281.7556765,61890528.83289376,36272525.88799172
3886105.2508618184,3602536.833315568,3359651.1413005684,3456181.5249323975,3094881.205471819,2295070.044339818,2824941.4416618184,2895913.6039418182,3005659.256894455,3781460.730789819,4131332.3544818196,2024-07-30,40986520.46663094,43253421.640296355,62158419.80719971,36333733.38799172
3923515.2508618184,3595661.833315568,3354832.3913005684,3461406.5249323975,3097191.205471819,2292920.044339818,2824061.4416618184,2898153.6039418182,3005059.256894455,3782360.730789819,4131726.1044818196,2024-07-31,41141267.15858032,43416718.25607062,62553006.11008845,36366888.38799172
3967900.2508618184,3611286.833315568,3348851.1413005684,3463306.5249323975,3096561.205471819,2286370.044339818,2819181.4416618184,2897753.6039418182,3008059.256894455,3773810.730789819,4132382.3544818196,2024-08-01,41239787.29543675,43522700.70823344,62877477.95732315,36405463.38799172
3919920.2508618184,3587661.833315568,3339401.1413005684,3460812.7749323975,3090366.205471819,2271970.044339818,2815421.4416618184,2898393.6039418182,3002859.256894455,3760310.730789819,4122276.1044818196,2024-08-02,40756337.853992335,43023201.72259663,61992414.55944655,36269393.38799172
3801495.2508618184,3524411.833315568,3300438.6413005684,3450600.2749323975,3073986.205471819,2257720.044339818,2777261.4416618184,2888793.6039418182,2970959.256894455,3703160.730789819,4087669.8544818196,2024-08-05,39664619.31654231,41874193.12018589,60055605.182299614,35836497.13799172
3836265.2508618184,3508536.833315568,3283038.6413005684,3442525.2749323975,3073041.205471819,2249770.044339818,2777741.4416618184,2889913.6039418182,2982609.256894455,3681335.730789819,4096988.6044818196,2024-08-06,39560657.90016077,41765861.245452404,60141420.310254894,35821765.88799172
3947355.2508618184,3535411.833315568,3317726.1413005684,3446681.5249323975,3083646.205471819,2214620.044339818,2805021.4416618184,2896473.6039418182,2992509.256894455,3721610.730789819,4110901.1044818196,2024-08-07,40063481.59445979,42313981.53118917,61287556.85842624,36071957.13799172
3928910.2508618184,3539286.833315568,3300026.1413005684,3455706.5249323975,3077661.205471819,2217120.044339818,2777901.4416618184,2895353.6039418182,2982759.256894455,3715085.730789819,4102457.3544818196,2024-08-08,39765860.0931613,41999593.54989528,60951984.89194433,35992268.38799172
3950395.2508618184,3550286.833315568,3313451.1413005684,3462356.5249323975,3087846.205471819,2219520.044339818,2803981.4416618184,2897913.6039418182,3000709.256894455,3757160.730789819,4121576.1044818196,2024-08-09,40178902.67529577,42437890.0775662,61469885.911308154,36165197.13799172
3914955.2508618184,3603161.833315568,3313019.8913005684,3459981.5249323975,3094461.205471819,2220870.044339818,2813821.4416618184,2898153.6039418182,2995159.256894455,3737360.730789819,4117638.6044818196,2024-08-12,40145100.787336655,42429925.53505162,61198805.2018523,36168583.38799172
3858330.2508618184,3592286.833315568,3263313.6413005684,3459981.5249323975,3093726.205471819,2220770.044339818,2815021.4416618184,2894713.6039418182,2998209.256894455,3701360.730789819,4119694.8544818196,2024-08-13,39802135.28999547,42067386.1381719,60542773.22750236,36017408.38799172
3809740.2508618184,3578786.833315568,3262732.3913005684,3465206.5249323975,3092676.205471819,2208420.044339818,2822781.4416618184,2897833.6039418182,3000509.256894455,3724085.730789819,4130413.6044818196,2024-08-14,39809967.43476648,42075679.59984635,60280429.22570117,35993185.88799172
3878845.2508618184,3613536.833315568,3311388.6413005684,3468175.2749323975,3102966.205471819,2234520.044339818,2828141.4416618184,2902313.6039418182,3007809.256894455,3751085.730789819,4137413.6044818196,2024-08-16,40465229.39939816,42778109.96002458,61395538.189696416,36236195.88799172
3873720.2508618184,3581036.833315568,3320988.6413005684,3467462.7749323975,3101391.205471819,2218320.044339818,2829101.4416618184,2902953.6039418182,3012009.256894455,3758510.730789819,4139294.8544818196,2024-08-19,40517168.88577435,42846360.68570247,61339765.66676621,36204789.63799172
3842225.2508618184,3617786.833315568,3357438.6413005684,3463306.5249323975,3103701.205471819,2251970.044339818,2830301.4416618184,2904313.6039418182,3012159.256894455,3775160.730789819,4139426.1044818196,2024-08-20,40725256.605795786,43066372.36233265,61286901.905110896,36297789.63799172
3886465.2508618184,3633661.833315568,3363213.6413005684,3468769.0249323975,3103701.205471819,2254670.044339818,2830781.4416618184,2904793.6039418182,3013809.256894455,3771785.730789819,4140038.6044818196,2024-08-21,40842903.66461932,43190833.02301377,61710488.92248762,36371689.63799172
3870985.2508618184,3623411.833315568,3368276.1413005684,3469956.5249323975,3106956.205471819,2253120.044339818,2831421.4416618184,2905433.6039418182,3014109.256894455,3781910.730789819,4140519.8544818196,2024-08-22,40911002.10231254,43262854.571917586,61719747.177955434,36366100.88799172
3848645.2508618184,3614411.833315568,3367094.8913005684,3470787.7749323975,3108426.205471819,2259570.044339818,2831421.4416618184,2905593.6039418182,3014609.256894455,3779885.730789819,4140476.1044818196,2024-08-23,40930211.467908815,43286959.64749263,61552353.670206554,36340922.13799172
3842195.2508618184,3626036.833315568,3383407.3913005684,3471619.0249323975,3109056.205471819,2255820.044339818,2832301.4416618184,2905833.6039418182,3014759.256894455,3788660.730789819,4141044.8544818196,2024-08-26,41239292.63366173,43613858.30397534,61659563.42368038,36370734.63799172
3840610.2508618184,3653286.833315568,3412207.3913005684,3471856.5249323975,3109266.205471819,2254520.044339818,2832781.4416618184,2905753.6039418182,3014959.256894455,3791810.730789819,4141219.8544818196,2024-08-27,41251082.072632834,43626321.99071274,61800131.13195594,36428272.13799172
3801825.2508618184,3628161.833315568,3429176.1413005684,3472094.0249323975,3109266.205471819,2287170.044339818,2832861.4416618184,2905913.6039418182,3015209.256894455,3785960.730789819,4141482.3544818196,2024-08-28,41308133.064017475,43686655.162327476,61686281.02858135,36409120.88799172
3794110.2508618184,3639786.833315568,3467017.9975505685,3472331.5249323975,3109371.205471819,2289020.044339818,2833101.4416618184,2905993.6039418182,3015509.256894455,3803510.730789819,4141613.6044818196,2024-08-29,41472360.77332124,43860300.984525524,61799394.50556934,36471366.49424172
3793264.0366518185,3639320.107565568,3466936.0925255683,3472250.7700823974,3109319.364251819,2296777.5106898183,2833035.5860018185,2905937.4451418184,3015426.3786444548,3803425.021339819,4141537.3618568196,2024-08-30,41610783.626695246,44006716.99912955,62008161.50852738,36477229.67475172
3815614.0366518185,3670570.107565568,3472361.0925255683,3472630.7700823974,3109004.364251819,2319227.5106898183,2835555.5860018185,2906337.4451418184,3019476.3786444548,3808375.021339819,4140618.6118568196,2024-09-02,41681355.37326353,44081369.90131251,62392266.91310273,36569770.92475172
3811499.0366518185,3677820.107565568,3473286.0925255683,3473485.7700823974,3111944.364251819,2308877.5106898183,2835375.5860018185,2907377.4451418184,3020426.3786444548,3810625.021339819,4142587.3618568196,2024-09-03,41683251.57673441,44083355.16338472,62267214.49193058,36573304.67475172
3788739.0366518185,3649820.107565568,3473086.0925255683,3474625.7700823974,3110579.364251819,2306827.5106898183,2832075.5860018185,2908497.4451418184,3021476.3786444548,3806350.021339819,4137381.1118568196,2024-09-04,41549445.56659384,43941896.43040482,61877661.901094735,36509458.42475172
3792099.0366518185,3657445.107565568,3472586.0925255683,3471775.7700823974,3112049.364251819,2296277.5106898183,2835195.5860018185,2908257.4451418184,3014476.3786444548,3810625.021339819,4140181.1118568196,2024-09-05,41461065.99612515,43848436.40054366,61786215.08217589,36510968.42475172
3752694.0366518185,3609570.107565568,3472586.0925255683,3469115.7700823974,3104804.364251819,2283527.5106898183,2827335.5860018185,2905457.4451418184,3001176.3786444548,3764500.021339819,4133793.6118568196,2024-09-06,40978028.77282658,43337530.96832626,60913239.99987732,36324560.92475172
3741709.0366518185,3639320.107565568,3474761.0925255683,3472915.7700823974,3111419.364251819,2302377.5106898183,2830215.5860018185,2910337.4451418184,3005026.3786444548,3780250.021339819,4134887.3618568196,2024-09-09,41116946.287975594,43484463.85589582,61015934.563898966,36403219.67475172
3764094.0366518185,3677195.107565568,3474511.0925255683,3481275.7700823974,3113099.364251819,2310027.5106898183,2836635.5860018185,2911457.4451418184,3010826.3786444548,3780925.021339819,4145212.3618568196,2024-09-10,41289583.247454554,43667037.48386241,61428332.98724811,36505259.67475172
3715994.0366518185,3675945.107565568,3476311.0925255683,3483270.7700823974,3112784.364251819,2296127.5106898183,2836215.5860018185,2911777.4451418184,3002526.3786444548,3757975.021339819,4143637.3618568196,2024-09-11,41087349.02510408,43453181.29436737,60918274.078896046,36412564.67475172
3769324.0366518185,3715945.107565568,3479411.0925255683,3485930.7700823974,3114674.364251819,2317777.5106898183,2841135.5860018185,2912977.4451418184,3021576.3786444548,3794875.021339819,4148012.3618568196,2024-09-12,41863061.13195103,44273576.16181883,62107060.86592399,36601639.67475172
3746764.0366518185,3746320.107565568,3479836.0925255683,3486120.7700823974,3114989.364251819,2337377.5106898183,2841255.5860018185,2913057.4451418184,3022776.3786444548,3802300.021339819,4149281.1118568196,2024-09-13,41809637.66024981,44217072.54899427,61997164.23855163,36640078.42475172
3763224.0366518185,3768820.107565568,3477311.0925255683,3486405.7700823974,3115619.364251819,2344027.5106898183,2842095.5860018185,2913937.4451418184,3023826.3786444548,3799375.021339819,4150549.8618568196,2024-09-16,41854569.438146666,44264577.87337317,62093103.597863704,36685192.17475172
3754289.0366518185,3772195.107565568,3479261.0925255683,3487070.7700823974,3115934.364251819,2340127.5106898183,2842215.5860018185,2914337.4451418184,3024626.3786444548,3797350.021339819,4150418.6118568196,2024-09-17,41911950.204047985,44325228.21703496,62144512.629347116,36677825.92475172
3735209.0366518185,3785695.107565568,3481011.0925255683,3486690.7700823974,3115934.364251819,2352977.5106898183,2831355.5860018185,2914337.4451418184,3020226.3786444548,3805675.021339819,4114806.1118568196,2024-09-18,41844346.42812977,44253758.782435246,61938760.60560508,36643918.42475172
3722059.0366518185,3787945.107565568,3480811.0925255683,3487355.7700823974,3116354.364251819,2358827.5106898183,2836755.5860018185,2914097.4451418184,3025976.3786444548,3809950.021339819,4113974.8618568196,2024-09-19,41907415.80444371,44320482.38344221,61877813.59518007,36654107.17475172
3787544.0366518185,3800945.107565568,3482211.0925255683,3487545.7700823974,3116564.364251819,2355927.5106898183,2839755.5860018185,2914577.4451418184,3030226.3786444548,3801850.021339819,4114149.8618568196,2024-09-20,42525990.354095384,44974608.61556751,62774088.73073004,36731297.17475172
3823174.0366518185,3802320.107565568,3482411.0925255683,3487925.7700823974,3116774.364251819,2341077.5106898183,2840175.5860018185,2914817.4451418184,3031176.3786444548,3817825.021339819,4106449.8618568196,2024-09-23,42770188.38369265,45232857.1445353,63258501.91458908,36764127.17475172
3873484.0366518185,3799695.107565568,3482886.0925255683,3488210.7700823974,3117089.364251819,2324727.5106898183,2841915.5860018185,2914977.4451418184,3031626.3786444548,3819400.021339819,4120056.1118568196,2024-09-24,42772414.3616802,45235253.555557385,63554442.88918045,36814068.42475172
3885134.0366518185,3822695.107565568,3483236.0925255683,3488400.7700823974,3117299.364251819,2316227.5106898183,2843415.5860018185,2915137.4451418184,3032076.3786444548,3820300.021339819,4120581.1118568196,2024-09-25,42877529.98887011,45346451.72582709,63719531.37523198,36844503.42475172
3902954.0366518185,3817199.522565568,3483411.0925255683,3488400.7700823974,3117299.364251819,2329577.5106898183,2844975.5860018185,2915137.4451418184,3032176.3786444548,3820975.021339819,4145915.7074818197,2024-09-26,43226926.089286454,45715957.16062885,64102988.53098948,36898022.43537672
3910604.0366518185,3817081.917878068,3483279.8626880683,3488252.4380273973,3117204.418011819,2339500.8256898182,2844854.0972618186,2915037.402741818,3032131.898544455,3820883.7379648187,4159922.8047568193,2024-09-27,43165752.916443385,45651207.07458125,64030495.244629264,36928753.44021672
3916154.0366518185,3785206.917878068,3477354.8626880683,3476662.4380273973,3095154.418011819,2328250.8256898182,2836694.0972618186,2910717.402741818,3019431.898544455,3806033.7379648187,4134897.8047568197,2024-09-30,42558802.91850447,45009309.58693627,63376853.452813596,36786558.44021672
3966404.0366518185,3790988.167878068,3478404.8626880683,3476472.4380273973,3101034.418011819,2295650.8256898182,2849294.0972618186,2917117.402741818,3019531.898544455,3819083.7379648187,4152485.3047568193,2024-10-01,42535801.14596645,44985028.30466842,63800645.33952562,36866467.19021672
3896304.0366518185,3713488.167878068,3446136.1126880683,3459752.4380273973,3087384.418011819,2275450.8256898182,2844854.0972618186,2896877.402741818,2976781.898544455,3815258.7379648187,4112147.8047568197,2024-10-03,41634197.617379114,44031515.15436293,62527921.37083138,36524435.94021672
3890954.0366518185,3718956.917878068,3405692.3626880683,3421847.4380273973,3066384.418011819,2270750.8256898182,2853374.0972618186,2887837.402741818,2949431.898544455,3811883.7379648187,4129910.3047568197,2024-10-04,41245888.123995215,43620847.83612308,62230254.40436196,36407023.44021672
3798304.0366518185,3648019.417878068,3425042.3626880683,3449207.4380273973,3060714.418011819,2240050.8256898182,2854394.0972618186,2873837.402741818,2934331.898544455,3779258.7379648187,4145572.80475682,2024-10-07,40885032.35912445,43239207.633743815,61302682.71088651,36208733.44021672
3940944.3300018185,3650519.417878068,3406104.8626880683,3443317.4380273973,3059244.418011819,2248950.8256898182,2857754.0972618186,2882637.402741818,2962381.898544455,3798608.7379648187,4131004.0547568197,2024-10-08,41243497.25874933,43618286.96552105,62578965.9364149,36381467.48356672
3935884.3300018185,3698175.667878068,3433386.1126880683,3464977.4380273973,3073734.418011819,2231300.8256898182,2859854.0972618186,2885917.402741818,2929681.898544455,3817733.7379648187,4130172.8047568197,2024-10-09,41192052.43414815,43563874.33878439,62728658.066684894,36460818.73356672
3951789.3300018185,3725831.917878068,3437473.6126880683,3468587.4380273973,3071844.418011819,2246200.8256898182,2851634.0972618186,2913837.402741818,2932581.898544455,3820208.7379648187,4117441.5547568193,2024-10-10,41219258.83177377,43592666.51238792,62925448.183883235,36537431.23356672
3919874.3300018185,3697081.917878068,3434792.3626880683,3480462.4380273973,3049794.418011819,2237800.8256898182,2859434.0972618186,2921197.402741818,2934531.898544455,3822908.7379648187,4056672.8047568197,2024-10-11,41162867.389422484,43533026.42043152,62543427.02696107,36414551.23356672
3885034.3300018185,3692550.667878068,3418742.3626880683,3489582.4380273973,3066699.418011819,2260700.8256898182,2865674.0972618186,2926157.402741818,2939581.898544455,3828758.7379648187,4047222.8047568193,2024-10-14,41432787.83132034,43818493.0098805,62402112.28475006,36420704.98356672
3890749.3300018185,3659269.417878068,3366354.8626880683,3504212.4380273973,3091794.418011819,2251350.8256898182,2865014.0972618186,2926557.402741818,2894231.898544455,3829883.7379648187,4030291.5547568197,2024-10-15,41316377.42693433,43695371.52006466,62363782.82858414,36309709.98356672
3871814.3300018185,3658800.667878068,3347454.8626880683,3510862.4380273973,3082449.418011819,2236900.8256898182,2862014.0972618186,2925997.402741818,2914081.898544455,3831908.7379648187,4011566.5547568197,2024-10-16,41174491.94113525,43545360.88892753,62084214.04564661,36253851.23356672
3800159.3300018185,3601613.167878068,3321504.8626880683,3496612.4380273973,3066384.418011819,2238200.8256898182,2864954.0972618186,2924237.402741818,2915781.898544455,3833708.7379648187,4023510.3047568197,2024-10-17,40809349.107547715,43159186.30098688,61423262.57031512,36086667.48356672
3789489.3300018185,3772394.417878068,3327392.3626880683,3499557.4380273973,3100404.418011819,2238050.8256898182,2864414.0972618186,2923677.402741818,2919831.898544455,3835508.7379648187,4044772.8047568197,2024-10-18,40981161.63073499,43344790.684069626,61518113.05313869,36315493.73356672
3726759.3300018185,3761300.667878068,3278173.6126880683,3481887.4380273973,3091899.418011819,2199400.8256898182,2859434.0972618186,2889037.402741818,2932331.898544455,3835508.7379648187,4007760.3047568197,2024-10-21,40860876.375778064,43217569.45186797,60611929.70036408,36063493.73356672
3612099.3300018185,3733644.417878068,3240411.1126880683,3483787.4380273973,3102924.418011819,2165500.8256898182,2860754.0972618186,2868477.402741818,2887931.898544455,3827183.7379648187,3951585.3047568197,2024-10-22,40351374.747516386,42683674.919796586,59320751.26998242,35734299.98356672
3624974.3300018185,3693488.167878068,3361311.1126880683,3481317.4380273973,3089064.418011819,2165650.8256898182,2866634.0972618186,2877597.402741818,2882431.898544455,3827858.7379648187,3996166.5547568197,2024-10-23,40291026.010965005,42619817.614325844,59488499.58894703,35866494.98356672
3618769.3300018185,3705206.917878068,3376911.1126880683,3479512.4380273973,3089799.418011819,2171300.8256898182,2865794.0972618186,2874637.402741818,2885031.898544455,3833258.7379648187,3980372.8047568197,2024-10-24,40231501.7107053,42556876.583657645,59476536.326475814,35880594.98356672
3482244.3300018185,3764425.667878068,3331948.6126880683,3461652.4380273973,3077934.418011819,1933150.825689818,2866154.0972618186,2878557.402741818,2856581.898544455,3827408.7379648187,3989166.5547568197,2024-10-25,39871058.16398038,42175565.300438285,57924402.07363763,35469224.98356672
3587669.3300018185,3718800.667878068,3332492.3626880683,3455002.4380273973,3134424.418011819,1946550.8256898182,2868434.0972618186,2856237.402741818,2867931.898544455,3835058.7379648187,4018610.3047568197,2024-10-28,40132157.13755719,42451751.67073313,58943849.01545679,35621212.48356672
3637709.3300018185,3757863.167878068,3366879.8626880683,3437712.4380273973,3136734.418011819,1929850.8256898182,2869874.0972618186,2870077.402741818,2877431.898544455,3838433.7379648187,4005135.3047568197,2024-10-29,40342718.16645369,42703844.71256577,59677340.95945805,35727702.48356672
3758589.3300018185,3724425.667878068,3343967.3626880683,3430397.4380273973,3137049.418011819,1948000.8256898182,2863754.0972618186,2834397.402741818,2882731.898544455,3839558.7379648187,4013316.5547568197,2024-10-30,40134960.22094893,42483938.75995128,60334961.638056956,35776188.73356672
3736719.3300018185,3682034.525690568,3319440.816438068,3392096.232827397,3137364.418011819,1947400.8256898182,2818945.5012618187,2823380.4747418184,2859156.544544455,3840008.7379648187,3911729.0547568197,2024-10-31,39911537.98590214,42255704.10432376,59717526.28773473,35468276.46192922
3734237.5492018186,3713112.927565568,3332037.358775568,3399284.635917397,3137250.815581819,1954273.8987898182,2823162.2905018185,2844545.1305818185,2872275.4087444553,3839806.3660148187,3925435.6759818196,2024-11-01,40074776.37165588,42428515.88150922,59859563.60418396,35575422.05765672
3687762.5492018186,3638581.677565568,3309087.358775568,3362804.635917397,3135465.815581819,1956373.8987898182,2831082.2905018185,2827025.1305818185,2805275.4087444553,3850831.3660148187,3912485.6759818196,2024-11-04,39565274.7433942,41889111.95350963,59127045.840752035,35316775.80765672
3705867.5492018186,3732487.927565568,3340174.858775568,3342759.635917397,3144390.815581819,1982673.8987898182,2823642.2905018185,2866305.1305818185,2812875.4087444553,3863656.3660148187,3918829.4259818196,2024-11-05,39924646.52293994,42269589.19171641,59579240.51064296,35533663.30765672
3828962.5492018186,3719050.427565568,3367624.858775568,3381139.635917397,3150480.815581819,1969823.8987898182,2897142.2905018185,2869105.1305818185,2852875.4087444553,3872881.3660148187,4054935.675981819,2024-11-06,40371078.77488767,42752266.31174723,61092354.79894366,35964022.05765672
3759247.5492018186,3706081.6775655686,3334324.858775568,3341144.635917397,3144810.815581819,1949373.8987898182,2880162.2905018185,2853505.1305818185,2816075.4087444553,3873106.3660148187,4064123.175981819,2024-11-07,39901644.750401914,42257583.6423803,60159280.05601312,35721955.80765672
3720947.5492018186,3711081.677565568,3333368.608775568,3331739.635917397,3136095.815581819,1946373.8987898182,2906022.2905018185,2851585.1305818185,2773975.4087444553,3874456.3660148187,4065435.6759818196,2024-11-08,39817304.91776248,42168270.34335636,59645042.92952922,35651082.05765672
3697972.5492018186,3741706.677565568,3292362.358775568,3315589.635917397,3145230.815581819,1953123.8987898182,2931342.2905018185,2856545.1305818185,2752775.4087444553,3879406.3660148187,4106166.9259818196,2024-11-11,39805927.69693722,42156182.56423028,59538795.417778,35672222.05765672
3665312.5492018186,3705144.1775655686,3240743.608775568,3306564.635917397,3144705.815581819,1951973.8987898182,2935962.2905018185,2824385.1305818185,2755975.4087444553,3873106.3660148187,4107523.175981819,2024-11-12,39380765.901314974,41705903.98144896,59045479.36008916,35511397.05765672
3612777.5492018186,3649362.9275655686,3214774.858775568,3297254.635917397,3139350.815581819,1928773.8987898182,2935482.2905018185,2773905.1305818185,2711775.4087444553,3863431.3660148187,4072435.67598182,2024-11-13,38845871.63526938,41139481.69388669,58191563.83844665,35199324.55765672
3622967.5492018186,3656237.927565568,3208831.108775568,3298109.635917397,3141660.815581819,1909723.8987898182,2936502.2905018185,2806305.1305818185,2743175.4087444553,3863431.3660148187,4071779.425981819,2024-11-14,38802423.84269755,41101362.312677614,58296487.28259407,35258724.55765672
3615272.5492018186,3613112.927565568,3216293.608775568,3273219.635917397,3143130.815581819,1897173.8987898182,2897382.2905018185,2830945.1305818185,2730075.4087444553,3871756.3660148187,3966691.9259818196,2024-11-18,38672327.795869574,40963603.920246504,57953684.31198251,35055054.55765672
3618072.5492018186,3637644.177565568,3226681.108775568,3251654.635917397,3138300.815581819,1892773.8987898182,2910642.2905018185,2839585.1305818185,2692075.4087444553,3862306.3660148187,3984629.4259818196,2024-11-19,38779009.852013685,41077304.22555397,57883890.41991379,35054365.80765672
2979637.5492018186,3653737.9275655686,3178306.108775568,3251274.635917397,3144600.815581819,1874023.8987898182,2921622.2905018185,2854145.1305818185,2654975.4087444553,3829906.3660148187,4014029.4259818196,2024-11-21,38501009.93445732,40782827.60054648,52707532.76155995,34356259.55765672
3024572.5492018186,3664362.9275655686,3259981.108775568,3334969.635917397,3153525.815581819,1890773.8987898182,2961342.2905018185,2891905.1305818185,2739975.4087444553,3872881.3660148187,4149348.17598182,2024-11-22,39420009.068799205,41756299.09558979,54070858.067912124,34943638.30765672
3054072.5492018186,3706550.4275655686,3260806.108775568,3352924.635917397,3159090.815581819,1896073.8987898182,2954082.2905018185,2936705.1305818185,2782975.4087444553,3882781.3660148187,4188198.1759818206,2024-11-25,39938826.82715693,42305876.02332037,54748436.0036869,35174260.80765672
2947072.5492018186,3672487.927565568,3235774.858775568,3350264.635917397,3159510.815581819,1902173.8987898182,2961882.2905018185,2927265.1305818185,2800475.4087444553,3884581.3660148187,4210816.92598182,2024-11-26,39893647.71837256,42258018.28555587,53971746.54929283,35052305.80765672
3194372.5492018186,3688425.4275655686,3268606.108775568,3351594.635917397,3159720.815581819,1894523.8987898182,2962662.2905018185,2928305.1305818185,2795775.4087444553,3885256.3660148187,4206223.17598182,2024-11-27,40026217.0740756,42398443.272604674,55881244.5262952,35335465.80765672
3233717.5492018186,3635144.177565568,3195518.608775568,3319104.635917397,3160245.815581819,1886223.8987898182,2958462.2905018185,2891665.1305818185,2751275.4087444553,3885481.3660148187,4166585.675981819,2024-11-28,39431386.28962447,41768351.6333773,55651512.67096233,35083424.55765672
3259767.5492018186,3646935.0328780683,3220418.271600568,3445765.484177397,3160184.406341819,1888473.8987898182,2959820.4501818186,2901266.7345818183,2794038.109744455,3885339.7589148185,4189197.9473693203,2024-11-29,39789109.19658683,42147254.75846174,56278530.21473473,35351207.643781714
3253667.5492018186,3651622.532878068,3248337.021600568,3474170.484177397,3161864.406341819,1883573.8987898182,2984600.4501818186,2886866.7345818183,2827038.109744455,3887814.7589148185,4195410.447369319,2024-12-02,40028113.27754648,42400487.270241156,56404722.24783827,35454966.393781714
3310817.5492018186,3718028.7828780683,3257824.521600568,3444435.484177397,3163754.406341819,1890973.8987898182,3000200.4501818186,2881586.7345818183,2855638.109744455,3898614.7589148185,4218772.947369319,2024-12-03,40326724.10239499,42716766.53670444,57052797.1218684,35640647.643781714
3291367.5492018186,3715216.2828780683,3281749.521600568,3386295.484177397,3164804.406341819,1891473.8987898182,2996960.4501818186,2892866.7345818183,2827638.109744455,3900864.7589148185,4255129.197369319,2024-12-04,40343707.49000371,42734716.125144355,56865662.15839014,35604366.393781714
3319167.5492018186,3730528.7828780687,3321218.271600568,3440065.484177397,3166064.406341819,1890823.8987898182,3037400.4501818186,2917826.7345818183,2853238.109744455,3902214.7589148185,4320054.197369319,2024-12-05,40741003.33896698,43155579.9373409,57609184.4064246,35898602.643781714
3303017.5492018186,3773966.2828780683,3321593.271600568,3411945.484177397,3166589.406341819,1882973.8987898182,3030260.4501818186,2921826.7345818183,2833138.109744455,3904464.7589148185,4315241.697369319,2024-12-06,40690547.83791582,43102130.57385821,57342957.78823796,35865017.643781714
3292467.5492018186,3727091.2828780683,3328418.271600568,3422490.484177397,3166274.406341819,1875223.8987898182,3029120.4501818186,2935506.7345818183,2800938.109744455,3903564.7589148185,4320054.197369319,2024-12-09,40593594.1300136,42999472.55463289,57142905.3688747,35801150.143781714
3263817.5492018186,3703653.7828780687,3352962.021600568,3382685.484177397,3166799.406341819,1876923.8987898182,3050720.4501818186,2948386.7345818183,2780838.109744455,3906489.7589148185,4308766.697369319,2024-12-10,40578836.72039243,42983837.1474251,56941791.52317539,35742043.893781714
3253867.5492018186,3686466.2828780683,3411574.521600568,3395985.484177397,3167639.406341819,1877473.8987898182,3067400.4501818186,2949506.7345818183,2768038.109744455,3907389.7589148185,4310647.947369319,2024-12-11,40631188.424914464,43039236.53164144,56953667.31942424,35795990.143781714
3300717.5492018186,3683497.5328780687,3417780.771600568,3438925.484177397,3167954.406341819,1890573.8987898182,3075440.4501818186,2913586.7345818183,2737438.109744455,3906714.7589148185,4330729.197369319,2024-12-12,40477678.38740262,42876668.23686409,57372036.30462257,35863358.893781714
3324167.5492018186,3692247.5328780687,3437205.771600568,3533355.484177397,3168374.406341819,1879273.8987898182,3081800.4501818186,2967026.7345818183,2757238.109744455,3909639.7589148185,4341579.197369319,2024-12-13,40839770.806710914,43260234.96575129,58044493.45807038,36091908.893781714
3309017.5492018186,3701466.2828780687,3445849.521600568,3516445.484177397,3168059.406341819,1891973.8987898182,3072800.4501818186,2965106.7345818183,2748438.109744455,3910314.7589148185,4308110.447369319,2024-12-16,40674801.10474463,43085449.67360648,57784541.07821508,36037582.643781714
3284217.5492018186,3657403.7828780683,3428599.521600568,3447665.484177397,3168059.406341819,1868273.8987898182,3072140.4501818186,2938066.7345818183,2702738.109744455,3909189.7589148185,4244366.697369319,2024-12-17,40126963.188919574,42505201.034215815,57055228.37442139,35720721.393781714
3254017.5492018186,3615216.2828780683,3404524.521600568,3426670.484177397,3167849.406341819,1857823.8987898182,3079100.4501818186,2933586.7345818183,2718438.109744455,3907614.7589148185,4262960.44736932,2024-12-18,39900820.31411023,42265618.66757198,56570173.949565545,35627802.643781714
3215967.5492018186,3574435.0328780687,3350074.521600568,3425340.484177397,3166589.406341819,1857023.8987898182,3057620.4501818186,2906626.7345818183,2673338.109744455,3906714.7589148185,4201972.947369319,2024-12-19,39493301.455130056,41833947.51155035,55813218.93366274,35335703.893781714
3141567.5492018186,3459903.782878068,3325118.271600568,3385820.484177397,3167219.406341819,1822073.8987898182,3045980.4501818186,2878546.7345818183,2623338.109744455,3897489.7589148185,4116879.19736932,2024-12-20,38892782.06026629,41197817.85631636,54629033.79580414,34863937.643781714
3135567.5492018186,3483341.2828780687,3332749.521600568,3404060.484177397,3169109.406341819,1838323.8987898182,3052520.4501818186,2882706.7345818183,2657438.109744455,3911889.7589148185,4107735.44736932,2024-12-23,39166412.46547673,41487701.3601982,54784491.44334522,34975442.643781714
3169067.5492018186,3482716.2828780687,3310999.521600568,3399215.484177397,3169529.406341819,1827923.8987898182,3035960.4501818186,2889026.7345818183,2658338.109744455,3912114.7589148185,4126854.19736932,2024-12-24,39123871.55282576,41442604.19395423,54933104.062535755,34981746.393781714
3196867.5492018186,3476153.7828780683,3313999.521600568,3429140.484177397,3169844.406341819,1824573.8987898182,3034160.4501818186,2895346.7345818183,2646238.109744455,3915489.7589148185,4118147.9473693203,2024-12-26,39161053.62958077,41481992.26335148,55181405.90001735,35019962.643781714
3206567.5492018186,3478452.528190568,3348412.7349630683,3429699.337917397,3169779.2983718193,1846023.8987898182,3045282.8755818186,2906630.5304218186,2655208.247344455,3915339.3453148184,4114322.37594432,2024-12-27,39265262.37684983,41592415.12417286,55327132.387358904,35115718.72204172
3388967.5492018186,3455796.278190568,3342037.7349630683,3407374.337917397,3166629.2983718193,1856123.8987898182,3034062.8755818186,2877830.5304218186,2634708.247344455,3900939.3453148184,4112178.6259443196,2024-12-30,38987427.3465518,41298079.46451961,56510027.74194887,35176648.72204172
3325267.5492018186,3440327.528190568,3320962.7349630683,3410034.337917397,3161169.2983718193,1852773.8987898182,3006042.8755818186,2934150.5304218186,2644208.247344455,3909489.3453148184,4059678.6259443196,2024-12-31,38987262.459293455,41297879.763601094,55902051.869272634,35064104.97204172
3351467.5492018186,3462202.528190568,3358087.7349630683,3425234.337917397,3161904.2983718193,1862023.8987898182,3009762.8755818186,2939590.5304218186,2655908.247344455,3908139.3453148184,4073941.1259443196,2025-01-01,39149016.85972217,41469223.151679896,56255151.02601283,35208262.47204172
3394317.5492018186,3507827.5281905676,3470118.9849630683,3447844.337917397,3163794.2983718193,1883973.8987898182,3083862.8755818186,2989750.5304218186,2696808.247344455,3917589.3453148184,4125566.1259443196,2025-01-02,39884001.81375984,42247821.79159917,57299221.9641255,35681453.72204172
3361217.5492018186,3502202.5281905686,3476700.2349630683,3430744.337917397,3151089.2983718193,1890523.8987898182,3066642.8755818186,2991670.5304218186,2715408.247344455,3907914.3453148184,4063178.625944319,2025-01-03,39580774.145677894,41926573.496398926,56799603.988107935,35557292.47204172
3271067.5492018186,3436108.7781905686,3463350.2349630683,3413169.337917397,3147309.2983718193,1862673.8987898182,3062802.8755818186,2927110.5304218186,2649408.247344455,3878664.3453148184,4058322.3759443196,2025-01-06,38939857.37252154,41247684.35037879,55670988.87511429,35169987.47204172
3317167.5492018186,3451108.778190568,3468300.2349630683,3419154.337917397,3158334.2983718193,1876223.8987898182,3057762.8755818186,2916070.5304218186,2694908.247344455,3889914.3453148184,4004378.6259443196,2025-01-07,39091306.319304176,41408149.911955394,56116462.72451387,35253323.72204172
3311867.5492018186,3471421.278190568,3470268.9849630683,3434354.337917397,3154029.2983718193,1873673.8987898182,3059502.8755818186,2914150.5304218186,2743408.247344455,3882489.3453148184,4071403.625944319,2025-01-08,39060060.18384929,41375011.30659612,56153115.586611405,35386569.97204172
3274517.5492018186,3433921.278190568,3457125.2349630683,3448129.337917397,3153294.2983718193,1873523.8987898182,3046782.8755818186,2939030.5304218186,2722408.247344455,3859539.3453148184,4016366.1259443196,2025-01-09,38792200.83268066,41091295.0369623,55649624.245230705,35224638.72204172
3171017.5492018186,3366265.028190568,3460406.4849630683,3462379.337917397,3142164.2983718193,1830223.8987898182,3091542.8755818186,2897110.5304218186,2696708.247344455,3807339.3453148184,4207159.875944319,2025-01-10,38635557.9372604,40925367.06790889,54845700.61947851,35132317.47204172
3021767.5492018186,3392202.528190568,3428268.9849630683,3431029.337917397,3129354.2983718193,1834323.8987898182,3087102.8755818186,2874710.5304218186,2692808.247344455,3751764.3453148184,4227066.12594432,2025-01-13,38065790.016076505,40321812.15661721,53398651.504720315,34870398.72204172
3177167.5492018186,3399077.5281905686,3467812.7349630683,3437394.337917397,3141954.2983718193,1854723.8987898182,3065202.8755818186,2887190.5304218186,2690608.247344455,3822189.3453148184,4183666.12594432,2025-01-14,38214353.435838245,40479223.46885195,54799365.81592545,35126987.47204172
3184767.5492018186,3322202.528190568,3434981.4849630683,3451074.337917397,3138069.2983718193,1855073.8987898182,3072402.8755818186,2942390.5304218186,2717208.247344455,3840189.3453148184,4198934.87594432,2025-01-15,38275609.05231048,40544055.78468952,54896920.71678734,35157294.97204172
3224467.5492018186,3356421.278190568,3457518.9849630683,3487364.337917397,3147834.2983718193,1867973.8987898182,3051942.8755818186,2961750.5304218186,2745308.247344455,3875289.3453148184,4163278.6259443196,2025-01-16,38438187.889030874,40716280.20623232,55454845.481891125,35339149.97204172
3196417.5492018186,3212827.528190568,3438206.4849630683,3486699.337917397,3125364.2983718193,1863573.8987898182,2940582.8755818186,2902630.5304218186,2817308.247344455,3874839.3453148184,4160128.6259443196,2025-01-17,38259120.326476775,40564202.083233,54750234.42695208,35018578.72204172
3239417.5492018186,3203608.778190568,3493612.7349630683,3510164.337917397,3131979.2983718193,1863323.8987898182,2938362.8755818186,3056630.5304218186,2824208.247344455,3908589.3453148184,4121584.8759443196,2025-01-20,38492518.240652956,40811690.25682713,55487541.148149356,35291482.47204172
3180917.5492018186,3148608.778190568,3465768.9849630683,3484989.337917397,3085149.2983718193,1853073.8987898182,2923902.8755818186,3054790.5304218186,2761108.247344455,3867864.3453148184,4086147.3759443196,2025-01-21,37964714.12671586,40252128.28317121,54419147.658482864,34912321.22204172
3173167.5492018186,3114546.278190568,3491100.2349630683,3501994.337917397,3095124.2983718193,1863573.8987898182,2990922.8755818186,3067910.5304218186,2768208.247344455,3857289.3453148184,4190622.37594432,2025-01-22,38180221.773362465,40480586.13394293,54662302.44155143,35114459.97204172
3181617.5492018186,3088765.028190568,3502800.2349630683,3511399.337917397,3099324.2983718193,1863573.8987898182,3002022.8755818186,3065350.5304218186,2741508.247344455,3832989.3453148184,4182222.3759443196,2025-01-23,38262665.40253102,40568019.89491033,54648496.70204339,35071573.72204172
3111717.5492018186,3080796.278190568,3506775.2349630683,3530019.337917397,3108564.2983718193,1843423.8987898182,3014142.8755818186,3063430.5304218186,2707008.247344455,3818814.3453148184,4189484.87594432,2025-01-24,38076095.46972258,40370175.020234406,54074986.216283776,34974177.47204172
3056317.5492018186,3079546.278190568,3477787.7349630683,3454589.337917397,3153819.2983718193,1819073.8987898182,2950302.8755818186,3068630.5304218186,2673008.247344455,3841314.3453148184,4113884.8759443196,2025-01-27,37642359.5366668,39910322.54047762,53226234.426232815,34688274.97204172
3082667.5492018186,3190952.528190568,3535331.4849630683,3484989.337917397,3172404.2983718193,1826773.8987898182,2959602.8755818186,3071590.5304218186,2683308.247344455,3857289.3453148184,4092491.1259443196,2025-01-28,37853580.11459664,40134269.49991366,53818571.47275246,34957401.22204172
3115217.5492018186,3189858.778190568,3547162.7349630683,3451644.337917397,3174399.2983718193,1840923.8987898182,3021462.8755818186,3083990.5304218186,2685508.247344455,3882264.3453148184,4144772.3759443196,2025-01-29,38193000.53588359,40497936.61962731,54354178.116191335,35137204.97204172
3049217.5492018186,3194077.528190568,3546242.438713068,3528499.337917397,3180384.2983718193,1849673.8987898182,2996022.8755818186,3077113.8248218186,2720808.247344455,3910814.3975648186,4145384.8759443196,2025-01-30,38335463.127086855,40649004.490921244,54067933.53449142,35198239.272441715
3084417.5492018186,3198421.5894405684,3546082.925063068,3500920.715647397,3180279.7372818193,1883823.8987898182,3019730.7409018185,3077002.5512218187,2744872.1225444553,3956932.9641648186,4156087.215556819,2025-01-31,38762356.238921635,41112557.31122684,54479288.26732263,35348572.00981422
3058467.5492018186,3209359.0894405684,3569595.425063068,3547755.715647397,3185739.7372818193,1905323.8987898182,3008630.7409018185,3080122.5512218187,2707872.1225444553,3921157.9641648186,4127562.21555682,2025-02-03,38519394.8637619,40854884.39078886,54416377.32088548,35321587.00981422
3098117.5492018186,3290140.3394405684,3572670.425063068,3563525.715647397,3190464.7372818193,1939773.8987898184,3048050.7409018185,3088522.5512218187,2785672.1225444553,3989332.9641648186,4161293.46555682,2025-02-04,39142998.47479286,41516223.35020611,55325164.1744575,35727564.50981422
3121217.5492018186,3284046.5894405684,3573814.175063068,3564475.715647397,3191619.7372818193,1953823.8987898182,3045050.7409018185,3087082.5512218187,2772072.1225444553,3941857.9641648186,4148649.71555682,2025-02-05,39072179.39733707,41441112.31062186,55406907.57219134,35683710.75981422
3109067.5492018186,3308265.3394405684,3574601.675063068,3500635.715647397,3193719.7372818193,1958173.8987898182,3063830.7409018185,3089242.5512218187,2779072.1225444553,3895507.9641648186,4142305.96555682,2025-02-06,38918916.69071273,41282972.67739022,55170982.64687395,35614423.25981422
3135417.5492018186,3318890.339440568,3575520.425063068,3605230.715647397,3191724.7372818193,1971723.8987898182,3055250.7409018185,3091962.5512218187,2750172.1225444553,3838807.9641648186,4098862.21555682,2025-02-07,38847355.62059442,41222381.069292694,55367354.619716845,35633563.25981422
3087417.5492018186,3280296.5894405684,3575089.175063068,3636770.715647397,3193929.7372818193,1960623.8987898182,3033410.7409018185,3093562.5512218187,2724172.1225444553,3838807.9641648186,4106212.21555682,2025-02-10,38553279.19535018,40910342.51056947,54892610.92106391,35530293.25981422
3118367.5492018186,3266077.8394405684,3574545.425063068,3641615.715647397,3191934.7372818193,1946773.8987898182,3029270.7409018185,3092122.5512218187,2686772.1225444553,3815632.9641648186,4043693.46555682,2025-02-11,38042458.469021805,40368236.74661361,54838193.09160889,35406807.00981422
3150067.5492018186,3265140.3394405684,3575126.675063068,3663275.715647397,3193404.7372818193,1932273.8987898184,3017030.7409018185,3093882.5512218187,2649972.1225444553,3825532.9641648186,4032143.46555682,2025-02-12,37998680.901933305,40345376.86500101,55069723.480910406,35397850.75981422
3041317.5492018186,3268734.0894405684,3576945.425063068,3670400.715647397,3193929.7372818193,1939873.8987898182,2994830.7409018185,3095962.5512218187,2649472.1225444553,3802357.9641648186,3997930.96555682,2025-02-13,37975844.01665361,40321154.31829742,54234496.78087711,35231755.75981422
2949267.5492018186,3235296.5894405684,3577357.925063068,3676480.715647397,3196239.7372818193,1917023.8987898184,3011330.7409018185,3095882.5512218187,2651772.1225444553,3778732.9641648186,4019455.96555682,2025-02-14,37807411.68226226,40142680.43271665,53488085.78319883,35108840.75981422
3020317.5492018186,3221546.5894405684,3577920.425063068,3611785.715647397,3195609.7372818193,1940873.8987898182,2995610.7409018185,3095642.5512218187,2667272.1225444553,3803932.9641648186,3993599.71555682,2025-02-17,37857290.07790923,40195659.91168521,53881636.088908575,35124112.00981422
3016917.5492018186,3224984.0894405684,3579064.175063068,3602665.715647397,3195609.7372818193,1916723.898789818,3007550.7409018185,3096602.5512218187,2668172.1225444553,3795832.9641648186,3966474.71555682,2025-02-18,37833876.08722536,40170803.020887546,53791001.38514443,35070598.25981422
2977417.5492018186,3278734.0894405684,3579307.925063068,3559915.715647397,3198234.7372818193,1928423.8987898182,2958710.7409018185,3097722.5512218187,2672472.1225444553,3803482.9641648186,3888555.96555682,2025-02-19,37813430.067191556,40149070.862108864,53384148.387700476,34942978.25981422
2975617.5492018186,3297327.8394405684,3579795.425063068,3557350.715647397,3198864.7372818193,1940273.8987898184,2976050.7409018185,3098282.5512218187,2683772.1225444553,3814282.9641648186,3884618.46555682,2025-02-20,37780864.833669975,40114463.86764293,53386776.87468274,35006237.00981422
2929717.5492018186,3271234.0894405684,3579889.175063068,3549940.715647397,3198129.7372818193,1936373.8987898182,2964230.7409018185,3097962.5512218187,2674072.1225444553,3780307.9641648186,3890393.46555682,2025-02-21,37587534.52326971,39909183.07053084,52830577.98901846,34872252.00981422
2911767.5492018186,3274984.0894405684,3580582.925063068,3478690.715647397,3198339.7372818193,1921773.8987898184,2903450.7409018185,3098522.5512218187,2646772.1225444553,3755557.9641648186,3794143.46555682,2025-02-24,37187600.47817305,39484607.17067263,52195481.03264247,34564585.75981422
2926467.5492018186,3272015.3394405684,3580751.675063068,3555070.715647397,3199809.7372818193,1926873.8987898182,2907710.7409018185,3098922.5512218187,2625772.1225444553,3730807.9641648186,3753937.21555682,2025-02-25,37178037.017189495,39474469.4122802,52449933.97681557,34578139.50981422
2907567.5492018186,3295921.5894405684,3580807.925063068,3572265.715647397,3200964.7372818193,1939323.8987898182,2903750.7409018185,3099402.5512218187,2632072.1225444553,3699532.9641648186,3739237.21555682,2025-02-27,37173914.83573107,39470052.49784734,52373132.50972645,34570847.00981422
2892617.5492018186,3292327.8394405684,3580613.478963068,3419842.408657397,3200862.6420118194,1882723.8987898182,2811789.9975818186,3099251.8245018185,2618044.608544455,3631537.3479148187,3626070.4647193197,2025-02-28,36480811.24531102,38734178.10737566,51282477.32396081,34055682.060326725
2913717.5492018186,3266390.3394405684,3587813.478963068,3468007.408657397,3204432.6420118194,1876623.8987898182,2836149.9975818186,3104851.8245018185,2560144.608544455,3661687.3479148187,3634776.7147193197,2025-03-03,36471907.33336081,38724651.19885161,51588150.854655094,34114595.810326725
2941417.5492018186,3249359.0894405684,3588469.728963068,3430957.408657397,3208107.6420118194,1880223.8987898182,2814009.9975818186,3104771.8245018185,2541644.608544455,3749887.3479148187,3669164.2147193197,2025-03-04,36411476.153180264,38660488.46844667,51799688.12025191,34178013.310326725
3042467.5492018186,3288890.3394405684,3557757.228963068,3509712.408657397,3210102.6420118194,1864473.8987898182,2840529.9975818186,3115091.8245018185,2569144.608544455,3808612.3479148187,3682332.9647193197,2025-03-05,36831361.55653572,39106373.63102084,52881440.68749985,34489115.810326725
3049467.5492018186,3350296.589440568,3572175.978963068,3526717.408657397,3211467.6420118194,1864323.8987898182,2846289.9975818186,3112291.8245018185,2637144.608544455,3817387.3479148187,3730020.4647193197,2025-03-06,37173337.73032689,39469476.88931753,53211157.73977776,34717583.310326725
3044117.5492018186,3361390.339440569,3577669.728963068,3534127.408657397,3212412.6420118194,1829373.8987898182,2811909.9975818186,3117011.8245018185,2717144.608544455,3821437.3479148187,3738507.9647193197,2025-03-07,37186198.936477184,39483573.42474154,53186616.121337876,34765103.310326725
3024917.5492018186,3355765.339440568,3569757.228963068,3535552.408657397,3212727.6420118194,1793123.8987898182,2830449.9975818186,3116291.8245018185,2694844.608544455,3809062.3479148187,3719914.2147193197,2025-03-10,37034172.88429037,39322191.58836237,52901602.40680705,34662407.060326725
3047217.5492018186,3323890.339440569,3569382.228963068,3591697.408657397,3217032.6420118194,1548573.8987898182,2783709.9975818186,3118691.8245018185,2712544.608544455,3814012.3479148187,3707445.4647193197,2025-03-11,37096170.49342512,39390042.91220325,52860492.639119,34434198.310326725
3038417.5492018186,3279799.346940568,3587757.228963068,3552557.408657397,3217662.6420118194,1577323.8987898182,2699169.9975818186,3125731.8245018185,2731944.608544455,3786112.3479148187,3647114.2147193197,2025-03-12,37050991.38464075,39342102.94464878,52603081.651050776,34243591.067826726
3017717.5492018186,3276205.596940568,3581063.478963068,3538212.408657397,3218922.6420118194,1564973.8987898182,2686689.9975818186,3127171.8245018185,2714544.608544455,3808612.3479148187,3651357.9647193197,2025-03-13,36930129.02427965,39213765.73672606,52360178.51269338,34185472.317826726
3049317.5492018186,3351518.0969405686,3604032.228963068,3552747.408657397,3220077.6420118194,1570023.8987898182,2698929.9975818186,3128851.8245018185,2695944.608544455,3789262.3479148187,3640114.2147193197,2025-03-17,37114060.7609547,39409073.23502567,52797970.56019835,34300819.817826726
3105117.5492018186,3386205.596940568,3611944.728963068,3530802.408657397,3220287.6420118194,1574073.8987898182,2721669.9975818186,3130291.8245018185,2695844.608544455,3847987.3479148187,3687757.9647193197,2025-03-18,37650851.230471164,39979019.65644394,53627786.29041003,34511983.567826726
3115267.5492018186,3407455.596940568,3616088.478963068,3549707.408657397,3220497.6420118194,1585323.8987898182,2694729.9975818186,3130451.8245018185,2713044.608544455,3883762.3479148187,3639326.7147193197,2025-03-19,37771713.59083227,40107403.85281808,53768531.588567376,34555656.067826726
3135917.5492018186,3414643.0969405677,3615863.478963068,3669692.408657397,3220707.6420118194,1576723.8987898182,2729289.9975818186,3130931.8245018185,2756644.608544455,3904462.3479148187,3697076.7147193197,2025-03-20,38238426.975555465,40602932.314310454,54405558.92607556,34851953.567826726
3159417.5492018186,3464018.0969405686,3621600.978963068,3706742.408657397,3220392.6420118194,1579523.8987898182,2701689.9975818186,3130611.8245018185,2770944.608544455,3920662.3479148187,3710070.4647193197,2025-03-21,38501834.370749,40882654.56557415,54923208.95071745,34985674.817826726
3165317.5492018186,3550580.5969405677,3622969.728963068,3696387.408657397,3220812.6420118194,1562073.8987898182,2701989.9975818186,3130851.8245018185,2822544.608544455,3991537.3479148187,3754651.7147193197,2025-03-24,39009604.68279814,41421811.804203816,55487515.7856306,35219717.317826726
3116967.5492018186,3615268.096940568,3623475.978963068,3717287.408657397,3220707.6420118194,1529673.8987898182,2744769.9975818186,3131331.8245018185,2789244.608544455,3985237.3479148187,3779720.4647193197,2025-03-25,39026588.07040686,41439878.86377226,55104339.9073793,35253684.817826726
3109217.5492018186,3545580.596940568,3623907.228963068,3735337.408657397,3220812.6420118194,1547923.8987898182,2710089.9975818186,3131651.8245018185,2764544.608544455,3969487.3479148187,3760732.9647193197,2025-03-26,38726823.03474999,41121555.5996725,54734648.7846043,35119286.067826726
3159967.5492018186,3552299.3469405677,3624263.478963068,3718427.408657397,3220917.6420118194,1566173.8987898182,2715189.9975818186,3131731.8245018185,2775244.608544455,3998937.400164819,3774470.4647193197,2025-03-27,38900119.543262295,41305574.12252004,55239937.02550355,35237623.62007672
3112417.5492018186,3563646.526315568,3624086.352313068,3734846.056777397,3220847.6024018195,1542473.8987898182,2675665.027141819,3131663.8397418186,2769007.3095444553,3998837.770714819,3735021.6076943194,2025-03-28,38780411.39370955,41178423.3729955,54814551.532871425,35108513.540636726
3131867.5492018186,3517084.0263155675,3599673.852313068,3724966.056777397,3212867.6024018195,1575323.8987898182,2625085.027141819,3132623.8397418186,2725607.3095444553,4000675.270714819,3687377.8576943194,2025-04-01,38197287.604600355,40559268.29583459,54507403.024922684,34933152.290636726
3166017.5492018186,3514115.276315568,3590355.102313068,3777691.056777397,3217172.6024018195,1595073.8987898182,2653165.027141819,3133763.8397418186,2723007.3095444553,4002250.270714819,3681384.1076943194,2025-04-02,38472072.22061915,40851054.83199867,55023980.55670087,35053996.040636726
3207417.5492018186,3531927.7763155675,3578748.852313068,3767906.056777397,3216227.6024018195,1602023.8987898182,2590405.027141819,3133283.8397418186,2718307.3095444553,4005137.770714819,3558315.3576943194,2025-04-03,38336452.45063688,40707082.21686815,55049636.14359495,34909701.040636726
3131267.5492018186,3536927.776315568,3605636.352313068,3766196.056777397,3217592.6024018195,1574623.8987898182,2536945.027141819,3133223.8397418186,2630607.3095444553,3999100.270714819,3467577.8576943194,2025-04-04,37766519.64219465,40101835.72132559,54102029.24284153,34599698.540636726
3009317.5492018186,3401146.526315568,3560317.602313068,3662266.056777397,3176642.6024018195,1568523.8987898182,2470705.027141819,3092843.8397418186,2552307.3095444553,3943187.770714819,3445002.8576943194,2025-04-07,36541654.64363741,38801289.36310679,52117140.34269737,33882261.040636726
3082317.5492018186,3493490.2763155675,3610342.602313068,3723636.056777397,3193442.6024018195,1572273.8987898182,2509405.027141819,3108203.8397418186,2585407.3095444553,3983612.770714819,3461190.3576943194,2025-04-08,37158745.207964055,39456531.57095315,53328287.22058598,34323322.290636726
3033517.5492018186,3443959.0263155685,3600911.352313068,3716416.056777397,3195227.6024018195,1571173.8987898182,2479585.027141819,3107963.8397418186,2591907.3095444553,3944762.770714819,3420809.1076943194,2025-04-09,36933344.32581722,39217219.38790494,52605897.03161174,34106233.540636726
3118017.5492018186,3467240.276315568,3636030.102313068,3789946.056777397,3209402.6024018195,1582123.8987898182,2486605.027141819,3128543.8397418186,2659007.3095444553,3980462.770714819,3407815.3576943194,2025-04-11,37641370.21311678,39968964.12784148,53793100.715922356,34465194.790636726
3214817.5492018186,3604271.526315568,3654105.102313068,3859201.056777397,3226307.6024018195,1628523.8987898182,2506645.027141819,3137423.8397418186,2701607.3095444553,4006712.770714819,3422690.3576943194,2025-04-15,38465806.50480234,40844370.72478512,55286402.07213646,34962306.040636726
3212217.5492018186,3746146.526315568,3654330.102313068,3890076.056777397,3227777.6024018195,1680873.8987898182,2491645.027141819,3138383.8397418186,2700207.3095444553,4011700.270714819,3445440.3576943194,2025-04-16,38644956.51098561,41034615.21744494,55581981.12601048,35198798.54063672
3214717.5492018186,3827865.276315568,3659317.602313068,3923231.056777397,3231557.6024018195,1687323.8987898182,2499325.027141819,3141263.8397418186,2770707.3095444553,4016687.770714819,3467577.8576943194,2025-04-17,39328331.75316378,41760269.61973421,56494658.94583443,35439574.79063672
3239317.5492018186,3894896.526315568,3661567.602313068,3928361.056777397,3232292.6024018195,1720823.8987898182,2537425.027141819,3142283.8397418186,2812707.3095444553,4017475.270714819,3487440.3576943194,2025-04-21,39779957.95374913,42239822.00774605,57163317.38230936,35674591.04063672
3242117.5492018186,3888959.026315568,3662186.352313068,3921331.056777397,3232502.6024018195,1680123.8987898182,2503705.027141819,3142583.8397418186,2804207.3095444553,4017737.770714819,3481227.8576943194,2025-04-22,39848715.9404757,42312806.81990384,56999847.32146121,35576682.29063672
3250217.5492018186,3876459.0263155685,3662992.602313068,3931971.056777397,3232502.6024018195,1686823.8987898182,2566225.027141819,3142763.8397418186,2822007.3095444553,4018000.270714819,3567459.1076943194,2025-04-23,40115338.63720681,42595900.492556445,57346815.35235677,35757422.290636726
3239117.5492018186,3901146.5263155675,3663311.352313068,3918188.384477397,3232712.6024018195,1712373.8987898182,2562025.027141819,3143003.8397418186,2825507.3095444553,4018262.770714819,3557702.8576943194,2025-04-24,39979718.86722454,42451963.11876449,57062183.01919614,35773352.118336715
3150917.5492018186,3773549.538815568,3662979.524813068,3917955.8160173967,3232596.1231818195,1714973.8987898182,2572556.4955018186,3142768.4140618187,2823048.0921444553,4017911.568914819,3598302.8576943194,2025-04-25,39637825.137062535,42088918.59603207,56042942.561333105,35607559.87913672
3166417.5492018186,3847143.288815568,3668885.774813068,3926885.8160173967,3241836.1231818195,1723173.8987898182,2575136.4955018186,3148288.4140618187,2943248.0921444553,4051211.568914819,3594365.3576943194,2025-04-28,40114596.644544296,42602561.10554429,56639296.89927071,35886592.37913672
3127217.5492018186,3834174.538815568,3673029.524813068,3926125.8160173967,3241416.1231818195,1729573.8987898182,2593496.4955018186,3146608.4140618187,2982448.0921444553,4042436.568914819,3619740.3576943194,2025-04-29,40126880.745290406,42615565.15947294,56424116.14225088,35916267.37913672
3097917.5492018186,3828237.038815568,3612823.274813068,3940470.8160173967,3241626.1231818195,1731023.8987898182,2596676.4955018186,3149248.4140618187,2985848.0921444553,4002611.568914819,3603290.3576943194,2025-04-30,40123995.218269505,42612499.16301821,56016514.11982695,35789773.62913672
3090817.5492018186,3821830.788815568,3660635.774813068,3938855.8160173967,3243201.1231818195,1745623.8987898182,2604836.4955018186,3151228.4140618187,3005748.0921444553,4036586.568914819,3595415.3576943194,2025-05-02,40144606.12556165,42634395.78137683,56129269.236261204,35894779.87913672
3252117.5492018186,3800893.288815568,3679085.774813068,3946645.8160173967,3245301.1231818195,1739373.8987898182,2606996.4955018186,3124528.4140618187,3016748.0921444553,4029611.568914819,3603815.3576943194,2025-05-05,40333319.59272847,42834789.77954193,57298690.01683767,36045117.37913672
3150617.5492018186,3767612.0388155687,3656060.774813068,3953770.8160173967,3246561.1231818195,1724423.8987898182,2610656.4955018186,3116008.4140618187,3012848.0921444553,3990911.568914819,3608802.8576943194,2025-05-06,40198854.033554554,42692062.35837387,56406487.26226716,35838273.62913672
3149717.5492018186,3769174.538815568,3683792.024813068,3954625.8160173967,3247191.1231818195,1726423.8987898182,2606936.4955018186,3131668.4140618187,2996648.0921444553,4002161.568914819,3595765.3576943194,2025-05-07,40256234.79945587,42752982.885631286,56461514.50946938,35864104.87913672
3081917.5492018186,3800580.788815568,3656604.524813068,3947120.8160173967,3243831.1231818195,1719423.8987898182,2610476.4955018186,3135868.4140618187,2997548.0921444553,3973586.568914819,3599090.3576943194,2025-05-08,40024403.31423389,42506716.4117739,55789366.767980285,35766048.62913672
3047617.5492018186,3738862.0388155677,3628873.274813068,3941040.8160173967,3234381.1231818195,1710823.8987898182,2606096.4955018186,3133408.4140618187,2960648.0921444553,4002161.568914819,3591565.3576943194,2025-05-09,39586132.98157385,42042482.258922815,55078592.38723431,35595478.62913672
3221917.5492018186,3892143.288815568,3705410.774813068,3955575.8160173967,3251391.1231818195,1681123.8987898182,2747096.4955018186,3169168.4140618187,3031448.0921444553,4063361.568914819,3749152.8576943194,2025-05-12,41097654.478750154,43647866.19568576,57737800.23311144,36467789.87913672
3237817.5492018186,3868080.7888155677,3706798.274813068,3937050.8160173967,3250446.1231818195,1662723.8987898182,2678696.4955018186,3151468.4140618187,3014048.0921444553,4061561.568914819,3656927.8576943194,2025-05-13,40526567.45949957,43041268.782165065,57273340.55445583,36225619.87913672
3258517.5492018186,3875424.538815568,3711692.024813068,3952630.8160173967,3251496.1231818195,1673973.8987898182,2707376.4955018186,3139048.4140618187,3026448.0921444553,4064261.568914819,3686415.3576943194,2025-05-14,40672575.12675708,43196412.90161911,57580593.32820934,36347284.87913672
3316617.5492018186,3914643.2888155677,3724742.024813068,3964220.8160173967,3253386.1231818195,1673123.8987898182,2732096.4955018186,3149068.4140618187,3053148.0921444553,4077536.568914819,3713715.3576943194,2025-05-15,41324209.57170535,43888447.06692213,58529914.12877446,36572298.62913672
3351617.5492018186,3915424.538815568,3727723.274813068,3952535.8160173967,3253911.1231818195,1672823.8987898182,2704556.4955018186,3156148.4140618187,3053348.0921444553,4080011.568914819,3697440.3576943194,2025-05-16,41254462.26142875,43838028.4585556,58551591.01559511,36565541.12913672
3337217.5492018186,3897768.288815568,3731398.274813068,3955955.8160173967,3254331.1231818195,1676673.8987898182,2668736.4955018186,3158908.4140618187,3045148.0921444553,4084961.568914819,3660252.8576943194,2025-05-19,41131868.5848551,43707776.471237786,58341257.102050096,36471352.37913672
3298217.5492018186,3879018.288815568,3729092.024813068,3957285.8160173967,3254436.1231818195,1674873.8987898182,2669816.4955018186,3149248.4140618187,3036448.0921444553,4081136.568914819,3642315.3576943194,2025-05-20,40700605.96067439,43249509.8517162,57732075.13632642,36371888.62913672
3297017.5492018186,3886830.788815568,3732842.024813068,3963555.8160173967,3254646.1231818195,1662573.8987898182,2679356.4955018186,3129508.4140618187,3045248.0921444553,4083611.568914819,3666377.8576943194,2025-05-21,40914217.403850116,43476475.81915555,57875247.42344803,36401568.62913672
3284217.5492018186,3859174.538815568,3734510.774813068,3967355.8160173967,3255171.1231818195,1677623.8987898182,2654216.4955018186,3131908.4140618187,3027148.0921444553,4088336.568914819,3623677.8576943194,2025-05-22,40578259.61498825,43119469.31242974,57619110.62253603,36303341.12913672
3336617.5492018186,3925580.7888155677,3738804.524813068,3969445.8160173967,3255591.1231818195,1686023.8987898182,2675036.4955018186,3162448.4140618187,3051548.0921444553,4095086.568914819,3656577.8576943194,2025-05-23,40979677.64540995,43546018.72724731,58357603.81599608,36552761.12913672
3344317.5492018186,3942143.288815568,3739685.774813068,3970300.8160173967,3255696.1231818195,1692723.8987898182,2694056.4955018186,3153928.4140618187,3058248.0921444553,4098236.568914819,3676440.3576943194,2025-05-26,41223710.78774887,43805336.24348476,58630999.40552771,36625777.37913672
3336917.5492018186,3882768.2888155677,3739835.774813068,3970775.8160173967,3256326.1231818195,1713323.8987898182,2681576.4955018186,3140308.4140618187,3051948.0921444553,4099361.568914819,3642665.3576943194,2025-05-27,40935240.5292881,43498771.839351185,58358392.87942101,36515807.37913672
3311617.5492018186,3880737.038815568,3741204.524813068,3971155.8160173967,3256116.1231818195,1697773.8987898182,2683616.4955018186,3138448.4140618187,3051248.0921444553,4101161.568914819,3641790.3576943194,2025-05-28,40813636.17626448,43397852.39282815,58238661.204004094,36474869.87913672
3337417.5492018186,3902924.538815568,3741729.524813068,3971345.8160173967,3256326.1231818195,1716773.8987898182,2700296.4955018186,3148140.7076618187,3066948.0921444553,4101611.568914819,3642140.3576943194,2025-05-29,40947442.18640505,43542247.90402138,58550136.816721365,36585654.67273672
3316517.5492018186,3873130.877878068,3741611.254938068,3971247.1063573966,3256247.8641718193,1709573.8987898182,2699185.615461819,3139785.6777018188,3073050.1261444553,4101520.158864819,3611777.8576943194,2025-05-30,40810750.64924358,43432012.997005664,58349743.13244186,36493647.987204224
3315417.5492018186,3885943.3778780685,3740205.004938068,3971247.1063573966,3258452.8641718193,1705323.8987898182,2689225.615461819,3129525.6777018188,3062250.1261444553,4103882.658864819,3599877.8576943194,2025-06-02,40754524.094150625,43372243.68680788,58268910.6618245,36461351.737204224
3267517.5492018186,3851412.127878068,3731148.754938068,3968492.1063573966,3255617.8641718193,1693473.8987898182,2676505.615461819,3109665.6777018188,3049250.1261444553,4103357.658864819,3560852.8576943194,2025-06-03,40467455.37738571,43082172.22912039,57567534.46876816,36267294.237204224
3286017.5492018186,3821568.377878068,3735873.754938068,3978847.1063573966,3255932.8641718193,1706973.8987898182,2686465.615461819,3113205.6777018188,3083450.1261444553,4104670.158864819,3565840.3576943194,2025-06-04,40595572.777113646,43235354.58072792,57870687.41863482,36338845.487204224
3301017.5492018186,3785943.377878068,3734055.004938068,3981127.1063573966,3261812.8641718193,1695823.8987898182,2690305.615461819,3106545.6777018188,3115850.1261444553,4105720.158864819,3557265.3576943194,2025-06-05,40811080.42376025,43464893.165882155,58052037.09236163,36335466.737204224
3330817.5492018186,3893130.8778780675,3757155.004938068,3981412.1063573966,3263702.8641718193,1715473.8987898182,2701705.615461819,3145665.6777018188,3120150.1261444553,4110970.158864819,3568727.8576943194,2025-06-06,41226843.64565728,43907677.090663046,58683075.19327218,36588911.737204224
3378717.5492018186,3963599.6278780685,3760361.254938068,3981887.1063573966,3259082.8641718193,1729273.8987898182,2712625.615461819,3211185.6777018188,3130350.1261444553,4113332.658864819,3601715.3576943194,2025-06-09,41391978.2348819,44083531.37007752,59323123.949407324,36842131.737204224
3409717.5492018186,3997193.377878068,3760886.254938068,3980557.1063573966,3257297.8641718193,1737673.8987898182,2740105.615461819,3225105.6777018188,3114550.1261444553,4113332.658864819,3637590.3576943194,2025-06-10,41393709.55109444,44088982.03044147,59551532.38990194,36974010.48720422
3377817.5492018186,3996880.8778780685,3760923.754938068,3983217.1063573966,3262337.8641718193,1728923.8987898182,2781685.615461819,3221205.6777018188,3131350.1261444553,4114120.158864819,3645465.3576943194,2025-06-11,41454965.16756668,44154237.242341764,59391242.72143006,37003927.98720422
3340317.5492018186,3949380.8778780685,3760773.754938068,3978942.1063573966,3261392.8641718193,1722523.8987898182,2755105.615461819,3205425.6777018188,3121250.1261444553,4111232.658864819,3612477.8576943194,2025-06-12,41037470.62945711,43709961.4342285,58757613.5571958,36818822.987204224
3305817.5492018186,3930474.627878068,3759386.254938068,3977137.1063573966,3256772.8641718193,1709473.8987898182,2747305.615461819,3185565.6777018188,3098250.1261444553,4104932.658864819,3622540.3576943194,2025-06-13,40757821.83931737,43414251.362371415,58249037.280909,36697656.737204224
3341917.5492018186,3959224.6278780685,3762423.754938068,3984167.1063573966,3264647.8641718193,1713873.8987898182,2773765.615461819,3220065.6777018188,3118150.1261444553,4110445.158864819,3666815.3576943194,2025-06-16,41133599.901067644,43814522.48573607,58849872.37105363,36915496.73720422
3286417.5492018186,3960005.8778780675,3761298.754938068,3984832.1063573966,3264857.8641718193,1701773.8987898182,2792905.615461819,3219945.6777018188,3107150.1261444553,4111757.658864819,3683440.3576943194,2025-06-17,40980089.8635558,43651037.91615616,58326607.97877738,36874385.48720422
3257017.5492018186,3979380.877878068,3762048.754938068,3987017.1063573966,3263387.8641718193,1743123.8987898182,2784805.615461819,3216105.6777018188,3106350.1261444553,4113332.658864819,3627527.8576943194,2025-06-18,40911908.9822334,43578417.26449682,58077004.758866936,36840097.98720422
3218517.5492018186,3969849.627878068,3757361.254938068,3987682.1063573966,3264857.8641718193,1730123.8987898182,2767585.615461819,3232665.6777018188,3113750.1261444553,4113070.158864819,3603552.8576943194,2025-06-19,40880910.17766602,43545396.13026608,57631618.54400919,36759016.737204224
3246317.5492018186,3981568.377878068,3763173.754938068,3989677.1063573966,3268742.8641718193,1732873.8987898182,2773105.615461819,3259965.6777018188,3176150.1261444553,4116745.158864819,3613790.3576943194,2025-06-20,41407147.86264891,44106755.412188575,58358539.92668539,36922110.48720422
3269917.5492018186,3961880.8778780675,3763736.254938068,3989772.1063573966,3268847.8641718193,1732523.8987898182,2726545.615461819,3272985.6777018188,3160650.1261444553,4117270.158864819,3576952.8576943194,2025-06-23,41175481.26468527,43868312.515491515,58376101.810289316,36841082.98720422
3303517.5492018186,3984224.627878068,3764861.254938068,3990057.1063573966,3269582.8641718193,1724573.8987898182,2723665.615461819,3301725.6777018188,3149750.1261444553,4118057.658864819,3574152.8576943194,2025-06-24,41294942.08335051,43995568.989031725,58713151.87379283,36904169.23720422
3325117.5492018186,3960005.877878068,3765423.754938068,3990342.1063573966,3269897.8641718193,1722423.8987898182,2763685.615461819,3292365.6777018188,3183450.1261444553,4118582.658864819,3621752.8576943194,2025-06-25,41625376.14905808,44347629.961246274,59196300.43917899,37013047.98720422
3384117.5492018186,4023287.127878068,3765798.754938068,3990437.1063573966,3270212.8641718193,1728723.8987898182,2765005.615461819,3300518.1937018186,3227129.2631444554,4118845.158864819,3619127.8576943194,2025-06-26,42127045.63254874,44882053.113396056,60109442.293322906,37193203.39020421
3444217.5492018186,3996913.231628068,3765634.984813068,3990329.8446073965,3270156.3865718194,1750323.8987898182,2755357.357261819,3300423.2023418187,3227066.1317444555,4118746.556839819,3618515.3576943194,2025-06-27,42273465.5179521,45106834.11784469,60795233.49302102,37237684.50149422
3417317.5492018186,3925975.7316280683,3760009.984813068,3987669.8446073965,3267531.3865718194,1764723.8987898182,2748697.357261819,3291063.2023418187,3225366.1317444555,4125571.556839819,3636802.8576943194,2025-06-30,42074364.153510034,44894317.09921494,60384458.32385202,37150729.50149422
3419717.5492018186,3852225.7316280683,3758134.984813068,3992894.8446073965,3264801.3865718194,1771723.8987898182,2754697.357261819,3298083.2023418187,3228966.1317444555,4126884.056839819,3608540.3576943194,2025-07-01,42115173.74994847,44937863.64656227,60416684.411053814,37076669.50149422
3428117.5492018186,3858631.9816280683,3742947.484813068,3996314.8446073965,3263541.3865718194,1750273.8987898182,2757637.357261819,3292023.2023418187,3228666.1317444555,4127146.556839819,3602940.3576943194,2025-07-02,41969413.413578466,44782331.872384064,60354644.757527284,37048240.75149422
3409117.5492018186,3847381.981628068,3727009.984813068,3995079.8446073965,3263436.3865718194,1755023.8987898182,2768197.357261819,3278103.2023418187,3228866.1317444555,4126096.556839819,3583252.8576943194,2025-07-03,41890102.642318316,44697729.16561432,60006038.68718931,36981565.75149422
3397017.5492018186,3870506.981628068,3752322.484813068,3995554.8446073965,3267951.3865718194,1748873.8987898182,2793637.357261819,3281883.2023418187,3230066.1317444555,4127671.556839819,3599877.8576943194,2025-07-04,41981944.84521209,44806942.073811814,60154634.162103064,37065363.25149422
3374017.5492018186,3863788.231628068,3756072.484813068,3999449.8446073965,3267846.3865718194,1747073.8987898182,2779297.357261819,3289983.2023418187,3231466.1317444555,4127934.056839819,3592790.3576943194,2025-07-07,41982439.506987095,44809749.63378376,59994342.56939672,37029719.50149422
3389217.5492018186,3834100.7316280687,3761697.484813068,4001349.8446073965,3269841.3865718194,1742923.8987898182,2793097.357261819,3307803.2023418187,3232466.1317444555,4130296.556839819,3587977.8576943194,2025-07-08,42083350.50908941,44920242.97728226,60232772.3318719,37050772.00149422
3380917.5492018186,3832381.9816280683,3775197.484813068,3997549.8446073965,3268161.3865718194,1733373.8987898182,2787637.357261819,3309483.2023418187,3230166.1317444555,4130821.556839819,3568377.8576943194,2025-07-09,42006842.82122099,44838553.55450015,60053151.292803995,37014068.25149422
3378917.5492018186,3831288.2316280683,3780822.484813068,3973229.8446073965,3267006.3865718194,1745473.8987898182,2766937.357261819,3309423.2023418187,3231066.1317444555,4128196.556839819,3566802.8576943194,2025-07-10,41807576.56952059,44627763.361459844,59761194.71360684,36979164.50149422
3356617.5492018186,3860819.4816280683,3771447.484813068,3945584.8446073965,3266271.3865718194,1751473.8987898182,2743237.357261819,3310143.2023418187,3229866.1317444555,4129246.556839819,3465302.8576943194,2025-07-11,41468898.140896164,44267902.30631067,59210112.85696271,36830010.75149422
3379217.5492018186,3857381.9816280683,3757197.484813068,3949194.8446073965,3266901.3865718194,1760223.8987898182,2714737.357261819,3308343.2023418187,3226966.1317444555,4130559.056839819,3427415.3576943194,2025-07-14,41357516.79788944,44148986.28289632,59189597.424209535,36778138.25149422
3396117.5492018186,3836444.4816280687,3768634.984813068,3960024.8446073965,3269316.3865718194,1773623.8987898182,2732977.357261819,3302703.2023418187,3228866.1317444555,4133184.056839819,3453315.3576943194,2025-07-15,41544663.83610207,44348781.1783059,59533195.83739988,36855208.25149422
3406417.5492018186,3844413.2316280687,3762072.484813068,3965629.8446073965,3267531.3865718194,1772373.8987898182,2759437.357261819,3300123.2023418187,3228366.1317444555,4134496.556839819,3446140.3576943194,2025-07-16,41571458.015581846,44381696.58852096,59705400.96897408,36887002.00149422
3414517.5492018186,3818631.9816280683,3761697.484813068,3962779.8446073965,3265641.3865718194,1757723.8987898182,2730697.357261819,3299763.2023418187,3227666.1317444555,4134759.056839819,3425227.8576943194,2025-07-17,41405581.43369471,44204632.35648259,59614927.38713021,36799105.75149422
3394017.5492018186,3631288.2316280683,3775947.484813068,3950239.8446073965,3263121.3865718194,1762673.8987898182,2733817.357261819,3291003.2023418187,3226566.1317444555,4134759.056839819,3408340.3576943194,2025-07-18,41169710.21064347,43976162.75859801,59230139.150567815,36571774.50149422
3417417.5492018186,3632538.231628068,3783447.484813068,3961259.8446073965,3276771.3865718194,1751423.8987898182,2732077.357261819,3300483.2023418187,3211466.1317444555,4135546.556839819,3380602.8576943194,2025-07-21,41371367.32758976,44191569.56698967,59478213.04377967,36583034.50149422
3385717.5492018186,3627850.7316280683,3788322.484813068,3960119.8446073965,3277401.3865718194,1735823.8987898182,2715937.357261819,3300423.2023418187,3201066.1317444555,4135546.556839819,3381827.8576943194,2025-07-22,41322230.9246053,44139048.2254224,59103681.50384557,36510037.00149422
3412417.5492018186,3649256.9816280683,3791884.984813068,3992324.8446073965,3277611.3865718194,1743773.8987898182,2720497.357261819,3302823.2023418187,3214866.1317444555,4136071.556839819,3398890.3576943194,2025-07-23,41584401.66536131,44419075.90162028,59696767.96204941,36640418.25149422
3406317.5492018186,3618944.481628068,3789447.484813068,3991279.8446073965,3277716.3865718194,1740523.8987898182,2694697.357261819,3297783.2023418187,3193766.1317444555,4136071.556839819,3371677.8576943194,2025-07-24,41324209.57170535,44144440.15022208,59347791.90201608,36518225.75149422
3348017.5492018186,3591131.981628068,3779322.484813068,3991184.8446073965,3277611.3865718194,1716323.8987898182,2650597.357261819,3284103.2023418187,3176466.1317444555,4136071.556839819,3361002.8576943194,2025-07-25,40953048.35318851,43766382.81726309,58432310.00672927,36311833.25149422
3320217.5492018186,3552069.481628068,3718759.984813068,3948054.8446073965,3277821.3865718194,1694673.8987898182,2651077.357261819,3159723.2023418187,3169266.1317444555,4135809.056839819,3311565.3576943194,2025-07-28,40695659.342924275,43496798.32439183,57587223.429102205,35939038.25149422
3345817.5492018186,3522538.2316280683,3742572.484813068,3985199.8446073965,3278136.3865718194,1700823.8987898182,2648437.357261819,3166503.2023418187,3213266.1317444555,4137121.556839819,3291177.8576943194,2025-07-29,40926831.279112905,43743934.08460036,57977337.20708862,36031594.50149422
3330817.5492018186,3551131.9816280683,3738822.484813068,4003819.8446073965,3278346.3865718194,1694523.8987898182,2654857.357261819,3151203.2023418187,3208566.1317444555,4137384.056839819,3289077.8576943194,2025-07-30,40982810.503318354,43803738.6361367,57897914.95677072,36038550.75149422
3228617.5492018186,3535975.7316280687,3727416.078563068,3997059.6958073964,3278556.3865718194,1691523.8987898182,2642857.357261819,3170340.4403418186,3174590.7777444557,4137909.056839819,3274377.8576943194,2025-07-31,40839853.25034008,43650955.686366186,56911759.06895159,35859224.830444224
3148817.5492018186,3517190.5119405687,3706310.2845630683,3940175.5269273967,3278480.182411819,1676323.8987898182,2595550.7043418186,3186835.038821819,3181500.248344456,4137766.275539819,3244802.8576943194,2025-08-01,40505132.115915745,43303851.99577574,55972922.22279847,35613753.07857672
3161517.5492018186,3534534.2619405678,3739122.7845630683,3999170.5269273967,3277535.182411819,1696673.8987898182,2608690.7043418186,3193495.038821819,3215300.248344456,4143278.775539819,3307277.8576943194,2025-08-04,40764664.66053836,43581260.06580733,56389329.55990593,35876596.82857672
3126117.5492018186,3543753.011940568,3762185.2845630683,4028050.5269273967,3269765.182411819,1711773.8987898182,2584930.7043418186,3201055.038821819,3182300.248344456,4150366.275539819,3298090.3576943194,2025-08-05,40643967.18743559,43452276.76667767,56095043.978878096,35858388.07857672
3098217.5492018186,3544690.511940568,3712497.7845630683,4029760.5269273967,3270605.182411819,1695973.8987898182,2556730.7043418186,3200815.038821819,3183800.248344456,4152991.275539819,3270440.3576943194,2025-08-06,40519724.638278574,43324303.719253406,55720479.78388144,35716523.07857672
3047717.5492018186,3561253.011940568,3722060.2845630683,4018265.5269273967,3271655.182411819,1699973.8987898182,2556610.7043418186,3190195.038821819,3178600.248344456,4156141.275539819,3283302.8576943194,2025-08-07,40555917.391483575,43363010.45610515,55308021.37016258,35685775.57857672
2976017.5492018186,3504846.7619405678,3716997.7845630683,3900370.5269273967,3267980.182411819,1675073.8987898182,2540470.7043418186,3145675.038821819,3139500.248344456,4154303.775539819,3274027.8576943194,2025-08-08,40171977.41044561,42955232.92762721,54257833.1101034,35295264.32857672
3081317.5492018186,3552034.261940568,3722622.7845630683,3898850.5269273967,3268820.182411819,1675873.8987898182,2546050.7043418186,3174235.038821819,3175800.248344456,4163228.775539819,3277877.8576943194,2025-08-11,40537614.90580815,43346881.67015752,55326519.80457482,35536711.82857672
3086117.5492018186,3542659.261940568,3636747.7845630683,3886025.5269273967,3269870.182411819,1675673.8987898182,2541730.7043418186,3154555.038821819,3165400.248344456,4162966.275539819,3273152.8576943194,2025-08-12,40376602.498041965,43206738.6138172,55150563.334460914,35394899.32857672
3078017.5492018186,3530471.761940568,3662622.7845630683,3918610.5269273967,3271130.182411819,1666073.8987898182,2544730.7043418186,3188395.038821819,3170300.248344456,4163491.275539819,3273852.8576943194,2025-08-13,40594171.23541778,43439519.40211894,55206730.04044026,35467696.82857672
3079517.5492018186,3537346.761940568,3668435.2845630683,3931435.5269273967,3274805.182411819,1662373.8987898182,2570050.7043418186,3177715.038821819,3164200.248344456,4164278.775539819,3261690.3576943194,2025-08-14,40613875.26278907,43476381.84225272,55311992.79177335,35491849.32857672
3131517.5492018186,3582503.0119405678,3819747.7845630683,3966490.5269273967,3282470.182411819,1681273.8987898182,2555470.7043418186,3205075.038821819,3179900.248344456,4165066.275539819,3251977.8576943194,2025-08-18,41018920.81289418,43909979.5247823,56072809.832964554,35821493.07857672
3186317.5492018186,3584846.761940568,3813935.2845630683,3998790.5269273967,3283835.182411819,1678123.8987898182,2560810.7043418186,3238075.038821819,3252100.248344456,4165328.775539819,3256352.8576943194,2025-08-19,41189908.899789765,44095630.89631646,56715154.53766767,36018516.82857672
3185017.5492018186,3575628.011940568,3766122.7845630683,4033940.5269273967,3282890.182411819,1670823.8987898182,2628250.7043418186,3224935.038821819,3240900.248344456,4166116.275539819,3328452.8576943194,2025-08-20,41305165.09336741,44218963.834163666,56832929.5040981,36103078.07857672
3175117.5492018186,3570784.2619405687,3795560.2845630683,4037645.5269273967,3289295.182411819,1660073.8987898182,2628490.7043418186,3226015.038821819,3265200.248344456,4166641.275539819,3331952.8576943194,2025-08-21,41359907.663135335,44282186.79554033,56836361.29516867,36146776.82857672
3122817.5492018186,3546721.7619405687,3794060.2845630683,4043250.5269273967,3288350.182411819,1652723.8987898182,2617690.7043418186,3189655.038821819,3237200.248344456,4166903.775539819,3289427.8576943194,2025-08-22,41007626.03569809,43904940.01336821,56178845.3620632,35948801.82857672
3100817.5492018186,3543909.261940568,3818997.7845630683,4040115.5269273967,3289295.182411819,1663473.8987898182,2671330.7043418186,3185875.038821819,3245700.248344456,4167428.775539819,3365202.8576943194,2025-08-25,41168638.44346428,44077399.37716808,56205696.95709975,36092146.82857672
3069917.5492018186,3481721.7619405678,3728810.2845630683,3991475.5269273967,3286250.182411819,1649023.8987898182,2668330.7043418186,3164995.038821819,3191300.248344456,4167428.775539819,3379727.8576943194,2025-08-26,40747021.72389629,43625922.58887572,55505420.30485752,35778981.82857672
3073117.5492018186,3487346.7619405687,3731997.7845630683,3946825.5269273967,3265929.067061819,1639223.8987898182,2632930.7043418186,3140275.038821819,3194000.248344456,4168216.275539819,3324165.3576943194,2025-08-28,40398862.277917475,43253163.20381358,55192114.674057476,35604028.21322672
3042617.5492018186,3464037.019440568,3735628.780813068,3961366.856677396,3263142.178491819,1632123.8987898182,2596304.5211018184,3158948.8941818187,3136532.4201444555,4168127.947764819,3316290.3576943194,2025-08-29,40276763.26311884,43122476.573320195,54828826.01894766,35475120.42430172
3082117.5492018186,3514037.019440568,3772753.780813068,3983406.856677396,3289917.178491819,1645473.8987898182,2632064.5211018184,3169628.8941818187,3133832.4201444555,4173640.447764819,3340702.8576943194,2025-09-01,40603569.809143,43472387.82388259,55450768.95714159,35737575.42430172
3072117.5492018186,3498568.269440568,3776316.280813068,3959561.856677396,3257367.178491819,1643823.8987898182,2631224.5211018184,3139628.8941818187,3157132.4201444555,4172065.447764819,3339740.3576943194,2025-09-02,40528628.55022878,43392155.043094285,55236709.12511344,35647546.67430172
3086617.5492018186,3494505.769440568,3793566.280813068,3955191.856677396,3263982.178491819,1660723.8987898182,2607824.5211018184,3160868.8941818187,3168932.4201444555,4175740.447764819,3327490.3576943194,2025-09-03,40751968.341646396,43631255.77811114,55421311.67574477,35695444.17430172
3076717.5492018186,3481693.2694405685,3880003.780813068,3950251.856677396,3280887.178491819,1647473.8987898182,2588564.5211018184,3148928.8941818187,3144632.4201444555,4174952.947764819,3325915.3576943194,2025-09-04,40783709.1388763,43673345.68346465,55384686.38971889,35700021.67430172
3079317.5492018186,3498724.5194405685,3889003.780813068,3976756.856677396,3277107.178491819,1649673.8987898182,2566424.5211018184,3144488.8941818187,3175532.4201444555,4176265.447764819,3284440.3576943194,2025-09-05,40794756.58518488,43685186.77322081,55414891.65845624,35717735.42430172
3108817.5492018186,3498412.019440568,3903066.280813068,3964786.856677396,3277107.178491819,1643373.8987898182,2552864.5211018184,3149768.8941818187,3183532.4201444555,4177577.947764819,3258802.8576943194,2025-09-08,40847767.83874026,43741878.33985102,55611492.06873922,35718110.42430172
3109517.5492018186,3488412.019440568,3909066.280813068,3976091.856677396,3279627.178491819,1638773.8987898182,2637944.5211018184,3162008.8941818187,3179332.4201444555,4177315.447764819,3285402.8576943194,2025-09-09,41005152.72682303,43910449.40929643,55836961.39434093,35843492.92430172
3138117.5492018186,3543568.2694405676,3919003.780813068,3971911.856677396,3279942.178491819,1643873.8987898182,2671784.5211018184,3176708.8941818187,3181032.4201444555,4180202.947764819,3338427.8576943194,2025-09-10,41177459.91178532,44094996.55222238,56373901.76377161,36044574.17430172
3196717.5492018186,3598255.7694405685,3928753.780813068,4010861.856677396,3275742.178491819,1641223.8987898182,2644424.5211018184,3176048.8941818187,3194432.4201444555,4179940.447764819,3350852.8576943194,2025-09-11,41230883.38348654,44152134.50914101,56958880.23303516,36197254.17430172
3189917.5492018186,3650287.019440568,3937191.280813068,3994521.856677396,3308187.178491819,1633123.8987898182,2663504.5211018184,3176228.8941818187,3217132.4201444555,4180465.447764819,3358902.8576943194,2025-09-12,41409786.05878231,44343718.17266612,57164173.41596318,36309462.92430172
3181317.5492018186,3651537.0194405685,3936628.780813068,3999271.856677396,3312492.178491819,1632523.8987898182,2642984.5211018184,3174908.8941818187,3225932.4201444555,4180990.447764819,3340090.3576943194,2025-09-15,41335916.56704728,44264683.597388856,57096994.62757106,36278677.92430172
3197317.5492018186,3703412.019440568,3936441.280813068,4057696.856677396,3317112.178491819,1634873.8987898182,2646464.5211018184,3232028.8941818187,3237232.4201444555,4181777.947764819,3369665.3576943194,2025-09-16,41616060.01896203,44564622.62987315,57522959.15884726,36514022.92430172
3199917.5492018186,3718255.769440568,3941878.780813068,4060261.856677396,3311547.178491819,1631673.8987898182,2659724.5211018184,3261128.8941818187,3253532.4201444555,4182302.947764819,3393377.8576943194,2025-09-17,41766354.754936315,44725546.32885103,57815018.38559284,36613601.67430172
3199917.5492018186,3740130.769440568,3933816.280813068,4060261.856677396,3317532.178491819,1628073.8987898182,2681744.5211018184,3267848.8941818187,3256032.4201444555,4182827.947764819,3396790.3576943194,2025-09-18,41920277.010594,44890381.816409074,57828421.49206057,36664976.67430172
3321917.5492018186,3748880.7694405685,3934941.280813068,4088856.856677396,3277947.178491819,1637023.8987898182,2681264.5211018184,3243728.8941818187,3242532.4201444555,4183090.447764819,3390227.8576943194,2025-09-19,41761078.36266953,44719895.96756857,58791860.368430495,36750411.67430172
3427417.5492018186,3775599.5194405685,3946191.280813068,4088096.856677396,3277422.178491819,1626923.8987898182,2632484.5211018184,3235208.8941818187,3211832.4201444555,4183615.447764819,3306752.8576943194,2025-09-22,41555463.95152315,44499719.831358455,59385953.6750233,36711545.42430172
3474317.5492018186,3854818.269440568,3950878.780813068,4063871.856677396,3262827.178491819,1647873.8987898182,2630084.5211018184,3263528.8941818187,3210732.4201444555,4183615.447764819,3296777.8576943194,2025-09-23,41501298.4871594,44441783.07076578,59936227.74945848,36839326.67430172
3417717.5492018186,3821224.5194405685,3951816.280813068,4053991.856677396,3238677.178491819,1633373.8987898182,2626724.5211018184,3247088.8941818187,3198032.4201444555,4184665.447764819,3273152.8576943194,2025-09-24,41315635.43427182,44242963.18572302,59295342.736826636,36646465.42430172
3374317.5492018186,3845130.7694405676,3961378.780813068,4061876.856677396,3224712.178491819,1633373.8987898182,2615084.5211018184,3226748.8941818187,3177532.4201444555,4184665.447764819,3204902.8576943194,2025-09-25,41041840.14180304,43949766.996016555,58728115.201448254,36509724.17430172
3341617.5492018186,3807005.769440568,3948441.280813068,4029291.856677396,3191007.178491819,1605373.8987898182,2572064.5211018184,3205328.8941818187,3188132.4201444555,4184402.947764819,3153890.3576943194,2025-09-26,40652458.88123995,43532803.22528731,57989398.33254632,36226556.67430172
3307417.5492018186,3739505.769440568,3959503.780813068,4003261.856677396,3167067.178491819,1616023.8987898182,2563544.5211018184,3202088.8941818187,3178832.4201444555,4184665.447764819,3151265.3576943194,2025-09-29,40619811.2040892,43497773.33475866,57657200.34276566,36073176.67430172
3303817.5492018186,3737630.7694405676,3951917.9476880683,3958231.856677396,3167067.178491819,1628173.8987898182,2563604.5211018184,3203588.8941818187,3161432.4201444555,4184665.447764819,3144527.8576943194,2025-09-30,40580568.03660497,43455742.16496941,57570831.26971723,36004658.341176726
3390617.5492018186,3824665.629753068,3951738.0323130684,3937638.0596273965,3217370.0148618193,1635773.8987898182,2568377.8681818186,3288137.3449818185,3170756.372544456,4184567.8731648186,3167102.8576943194,2025-10-01,40951894.14238015,43853381.93505491,58408127.29662565,36336745.50111422
3387817.5492018186,3872009.379753068,3956613.0323130684,3989603.0596273965,3206660.0148618193,1640023.8987898182,2569457.8681818186,3313217.3449818185,3162956.372544456,4188167.8731648186,3156340.3576943194,2025-10-03,41047446.3085865,43955699.28800749,58578481.63794219,36442866.75111422
3371417.5492018186,3928103.129753068,3973488.0323130684,4000718.0596273965,3202670.0148618193,1631923.8987898182,2604737.8681818186,3336437.3449818185,3183856.372544456,4191317.8731648186,3232027.8576943194,2025-10-06,41349849.54037677,44279590.68359973,58877356.71324825,36656698.00111422
3340117.5492018186,3886696.879753068,3978738.0323130684,4040713.0596273965,3225035.0148618193,1641623.8987898182,2583917.8681818186,3327737.3449818185,3201956.372544456,4188392.8731648186,3219165.3576943194,2025-10-07,41400387.48505709,44333721.37962792,58653765.55663596,36634094.25111422
3322017.5492018186,3872009.3797530676,3979300.5323130684,4064178.0596273965,3215900.0148618193,1633573.8987898182,2627597.8681818186,3326717.3449818185,3171856.372544456,4185917.8731648186,3265977.8576943194,2025-10-08,41297910.05400058,44223944.61001348,58579563.241137475,36665046.75111422
3340317.5492018186,3845915.6297530686,3980988.0323130684,4067218.0596273965,3228395.0148618193,1641773.8987898182,2644637.8681818186,3339557.3449818185,3191856.372544456,4189967.8731648186,3296165.3576943194,2025-10-09,41521579.61993487,44463432.99975448,58863452.38742444,36766793.00111422
3348817.5492018186,3879978.1297530686,3980800.5323130684,4065888.0596273965,3234065.0148618193,1655973.8987898182,2651357.8681818186,3343157.3449818185,3198356.372544456,4196492.873164819,3266940.3576943194,2025-10-10,41692320.375942945,44646288.558429554,59095936.92707933,36821828.00111422
3325317.5492018186,3899978.1297530676,3984738.0323130684,4089828.0596273965,3231650.0148618193,1652523.8987898182,2625317.8681818186,3341417.3449818185,3187256.372544456,4196492.873164819,3248477.8576943194,2025-10-13,41596685.766107425,44543853.73434845,58966939.67051607,36782998.00111422
3314917.5492018186,3874353.129753068,3980425.5323130684,4079758.0596273965,3241205.0148618193,1643023.8987898182,2621297.8681818186,3343457.3449818185,3188356.372544456,4197392.873164819,3207440.3576943194,2025-10-14,41461725.5451585,44399352.499139525,58669920.01004398,36691628.00111422
3330717.5492018186,3856696.8797530676,3987550.5323130684,4106453.0596273965,3264200.0148618193,1632723.8987898182,2602877.8681818186,3345197.3449818185,3184856.372544456,4199417.873164819,3225377.8576943194,2025-10-15,41755307.308627725,44718098.65930201,59095630.28843263,36736069.25111422
3355517.5492018186,3941853.129753068,3989238.0323130684,4107308.0596273965,3288875.0148618193,1632123.8987898182,2599217.8681818186,3358997.3449818185,3228356.372544456,4200317.873164819,3226165.3576943194,2025-10-16,42186899.707325116,45180253.57317806,59559251.341471314,36927970.50111422
3347317.5492018186,3956384.379753068,3989425.5323130684,4145878.059627396,3308930.0148618193,1643623.8987898182,2563157.8681818186,3360197.3449818185,3257956.372544456,4200767.873164819,3218727.8576943194,2025-10-17,42392266.78758399,45405163.79586808,59749212.43985854,36992366.75111422
3346017.5492018186,3998571.879753068,3989988.0323130684,4165068.059627396,3264515.0148618193,1652373.8987898182,2587097.8681818186,3367817.3449818185,3315256.372544456,4202117.873164819,3265102.8576943194,2025-10-20,42612061.50294736,45644205.79532066,60176154.95686786,37153926.75111422
3347817.5492018186,4013571.879753068,3990175.5323130684,4160698.059627396,3251915.0148618193,1651073.8987898182,2600957.8681818186,3357017.3449818185,3317756.372544456,4202117.873164819,3257665.3576943194,2025-10-21,42654025.31019416,45689161.99621038,60180726.25169608,37150766.75111422
3343717.5492018186,4024509.379753068,3989988.0323130684,4145498.059627396,3216215.0148618193,1652223.8987898182,2668277.8681818186,3364097.3449818185,3310156.372544456,4203017.873164819,3315852.8576943194,2025-10-23,42691619.605095014,45729431.09907164,60233303.483016536,37233554.25111422
3302117.5492018186,4013415.6297530686,3990738.0323130684,4168108.059627396,3245720.0148618193,1647673.8987898182,2664497.8681818186,3357137.3449818185,3321056.372544456,4203017.873164819,3307102.8576943194,2025-10-24,42532915.61894555,45559462.12319668,59874129.30107531,37220585.50111422
3290717.5492018186,4022009.3797530676,3991488.0323130684,4171433.059627396,3247400.0148618193,1662673.8987898182,2667137.8681818186,3365657.3449818185,3330656.372544456,4203242.873164819,3326090.3576943194,2025-10-27,42814707.94344367,45893138.86379574,60167602.66020806,37278506.75111421
3292317.5492018186,4011493.237565568,3991675.5323130684,4160089.4249273967,3217475.0148618193,1692373.8987898182,2662037.8681818186,3367334.5829818184,3323739.444544456,4203467.873164819,3302465.3576943194,2025-10-28,42765489.09683004,45840441.31553569,60176972.33787759,37224469.78422672
3335317.5492018186,4011418.877878068,3991494.8830630686,4159999.267357397,3232735.386221819,1700073.8987898182,2674277.8681818186,3367257.7525818185,3323686.098144456,4203350.043614819,3302202.8576943194,2025-10-29,42959561.39989282,46048447.44282974,60665409.46980887,37301814.48272922
3324817.5492018186,4010325.127878068,3982494.8830630686,4156104.267357397,3218245.386221819,1693573.8987898182,2654357.8681818186,3365097.7525818185,3322486.098144456,4206500.043614819,3282690.3576943194,2025-10-30,42669277.38159034,45737289.91757051,60208641.30070547,37216693.23272922
3278917.5492018186,4009387.627878068,3969932.3830630686,4151734.267357397,3185380.386221819,1687423.8987898182,2640557.8681818186,3353577.7525818185,3323386.098144456,4207850.043614819,3302552.8576943194,2025-10-31,42412465.47673029,45462031.56919108,59644533.769251995,37110700.73272922
3264917.5492018186,4010637.627878068,3968619.8830630686,4156389.267357397,3188215.386221819,1689523.8987898182,2644397.8681818186,3357177.7525818185,3323086.098144456,4213700.043614819,3266502.8576943194,2025-11-03,42480481.47079434,45534922.40444605,59671485.37686278,37083168.23272922
3217717.5492018186,4007356.377878068,3980619.8830630686,4169784.267357397,3169210.386221819,1682823.8987898182,2623277.8681818186,3353097.7525818185,3321686.098144456,4219100.043614819,3243227.8576943194,2025-11-04,42207263.28372975,45242090.37523803,59374126.09780535,36987901.98272922
3112217.5492018186,4010793.877878068,3968057.3830630686,4168834.267357397,3136030.386221819,1678823.8987898182,2621837.8681818186,3350217.7525818185,3325086.098144456,4220675.043614819,3261340.3576943194,2025-11-06,42062244.94002226,45086617.336624086,58429772.14666185,36853914.48272922
3167317.5492018186,4010481.377878068,3995807.3830630686,4135204.267357397,3182650.386221819,1689873.8987898182,2633957.8681818186,3354297.7525818185,3323886.098144456,4220900.043614819,3244627.8576943194,2025-11-07,42033554.557071604,45070006.91904947,58636692.50446385,36959004.48272922
3168617.5492018186,4008137.627878068,4009307.3830630686,4153254.267357397,3193045.386221819,1691973.8987898182,2677997.8681818186,3357737.7525818185,3326586.098144456,4221350.043614819,3273852.8576943194,2025-11-10,42168844.5525372,45222872.09860997,58919087.645386025,37081860.73272922
3164717.5492018186,4012356.377878068,3936557.3830630686,4163514.267357397,3214045.386221819,1718723.8987898182,2698157.8681818186,3355977.7525818185,3327386.098144456,4222025.043614819,3292927.8576943194,2025-11-11,42367698.58609176,45436117.43823662,58808191.08130166,37106389.48272922
3282417.5492018186,4013137.627878068,3959994.8830630686,4171779.267357397,3215935.386221819,1757023.8987898182,2723837.8681818186,3356537.7525818185,3328686.098144456,4221800.043614819,3367127.8576943194,2025-11-12,42665897.19279443,45755920.83855591,60124761.10763943,37398278.23272922
3286117.5492018186,4013918.877878068,3945932.3830630686,4172634.267357397,3270535.386221819,1756073.8987898182,2711957.8681818186,3353257.7525818185,3328486.098144456,4222475.043614819,3344290.3576943194,2025-11-13,42671420.91594872,45761853.130546845,60215911.65238793,37405679.48272922
3314717.5492018186,4018762.627878068,3975744.8830630686,4174154.267357397,3246070.386221819,1740873.8987898182,2665157.8681818186,3357177.7525818185,3329286.098144456,4224725.043614819,3344552.8576943194,2025-11-14,42722371.078774884,45816524.19376628,60520560.81386619,37391223.23272922
3333653.2634918187,4021106.377878068,3997869.8830630686,4174724.267357397,3259615.386221819,1746673.8987898182,2670917.8681818186,3367177.7525818185,3329586.098144456,4225400.043614819,3341227.8576943194,2025-11-17,42892864.50389546,45999332.76398993,60854569.70566575,37467952.69701922
3308453.2634918187,4022668.877878068,3973119.8830630686,4175959.267357397,3248695.386221819,1740573.8987898182,2645477.8681818186,3368857.7525818185,3329786.098144456,4225850.043614819,3328015.3576943194,2025-11-18,42722371.078774884,45817276.008988895,60668849.280637324,37367457.69701922
3304753.2634918187,4023137.627878068,3961494.8830630686,4176244.267357397,3269800.386221819,1732223.8987898182,2711083.7003818187,3375177.7525818185,3329986.098144456,4226525.043614819,3381040.3576943194,2025-11-19,42957500.30916361,46069463.02772436,60927447.82899045,37491467.27921922
3317753.2634918187,4023918.877878068,4013807.3830630686,4176719.267357397,3269800.386221819,1722023.8987898182,2705923.7003818187,3375337.7525818185,3330686.098144456,4227200.043614819,3378502.8576943194,2025-11-20,43187518.03454388,46316105.40919306,61190868.79239756,37541673.52921922
3293953.2634918187,4024231.377878068,3962994.8830630686,4176624.267357397,3242185.386221819,1739173.8987898182,2716423.7003818187,3372617.7525818185,3331186.098144456,4227200.043614819,3383577.8576943194,2025-11-21,42983057.83420586,46096845.5477855,60823949.11133523,37470168.52921922
3270853.2634918187,4024231.377878068,3932432.3830630686,4176909.267357397,3240085.386221819,1728673.8987898182,2719903.7003818187,3377497.7525818185,3331086.098144456,4227200.043614819,3375352.8576943194,2025-11-24,42803907.82802259,45904780.25263341,60482585.22941695,37404226.02921922
3204553.2634918187,4024387.627878068,3900870.7693130686,4177004.267357397,3218035.386221819,1732523.8987898182,2699683.7003818187,3380857.7525818185,3331286.098144456,4227425.043614819,3356102.8576943194,2025-11-25,42680737.04604477,45772625.23303335,59936377.19308399,37252730.665469214
3186653.2634918187,4024325.499440568,3992510.813313069,4176884.3633873966,3254084.935641819,1743323.8987898182,2732683.7003818187,3380810.6685818187,3331236.665744456,4227338.917464819,3394340.3576943194,2025-11-26,43209200.70901521,46339411.68109408,60124195.3889945,37444193.08393172
3126653.2634918187,4024169.249440568,4038823.313313069,4173939.3633873966,3281804.935641819,1750073.8987898182,2742883.7003818187,3382090.6685818187,3332036.665744456,4223063.917464819,3371327.8576943194,2025-11-27,43226101.65299477,46357549.22333964,59693163.763193026,37446866.83393172
3151853.2634918187,4024169.249440568,4049135.813313069,4168334.3633873966,3276239.935641819,1751173.8987898182,2735623.7003818187,3383290.6685818187,3333136.665744456,4228238.917464819,3372115.3576943194,2025-11-28,43205325.85844429,46335206.21469259,59871855.14717786,37473311.83393172
3133653.2634918187,4023700.499440568,4018198.313313069,4162539.3633873966,3280019.935641819,1739773.8987898182,2740183.7003818187,3384490.6685818187,3333636.665744456,4225313.917464819,3368527.8576943194,2025-12-01,43160476.5241766,46287172.27023528,59588031.99330065,37410038.08393172
3111253.2634918187,4020419.249440568,4027010.813313069,4172894.3633873966,3250409.935641819,1742923.8987898182,2736763.7003818187,3384570.6685818187,3332536.665744456,4222838.917464819,3370540.3576943194,2025-12-02,42923780.86483367,46033317.16147464,59293004.38476608,37372161.83393172
3061453.2634918187,4026044.249440568,4022135.813313069,4166244.3633873966,3284009.935641819,1739523.8987898182,2758063.7003818187,3384730.6685818187,3331736.665744456,4210013.917464819,3409302.8576943194,2025-12-03,42847602.95148192,45951569.00312826,58875678.70202414,37393259.33393172
3089553.2634918187,4027762.999440568,4041260.813313068,4175934.3633873966,3275924.935641819,1755623.8987898182,2780683.7003818187,3384810.6685818187,3329636.665744456,4207538.917464819,3452352.8576943194,2025-12-04,42926336.6173379,46036077.73299517,59272895.82383239,37521083.08393172
3137053.2634918187,4028856.749440568,4075010.813313069,4179354.3633873966,3288734.935641819,1762723.8987898182,2803123.7003818187,3384650.6685818187,3332236.665744456,4229363.917464819,3460227.8576943194,2025-12-05,43178119.46081866,46306026.38636489,59998053.00173937,37681336.83393172
3087853.2634918187,4027450.499440568,4044073.313313069,4168904.3633873966,3283589.935641819,1734023.8987898182,2796583.7003818187,3384490.6685818187,3332236.665744456,4216763.917464819,3458740.3576943194,2025-12-08,42805639.14423513,45906565.81378711,59238684.03302747,37534710.58393172
3116853.2634918187,4028700.499440568,4019135.813313069,4169664.3633873966,3257969.935641819,1736973.8987898182,2782603.7003818187,3384250.6685818187,3330436.665744456,4222163.917464819,3434065.3576943194,2025-12-09,42606290.44890556,45692768.35985635,59321799.44372141,37482818.08393172
3083253.2634918187,4029012.999440568,4006010.813313069,4151804.3633873966,3236339.935641819,1726473.8987898182,2765503.7003818187,3384250.6685818187,3332336.665744456,4221263.917464819,3417352.8576943194,2025-12-10,42471660.00247331,45548408.09000168,58870773.98826136,37353603.08393172
3149353.2634918187,4029481.749440568,3998698.313313069,4149524.3633873966,3229724.935641819,1728173.8987898182,2781403.7003818187,3385450.6685818187,3333736.665744456,4227113.917464819,3419715.3576943194,2025-12-11,42703409.044066116,45797000.49220403,59434554.19595132,37432376.83393172
3154053.2634918187,4031044.249440568,4032448.313313069,4172229.3633873966,3242429.935641819,1738773.8987898182,2781643.7003818187,3386090.6685818187,3335236.665744456,4229138.917464819,3444740.3576943194,2025-12-12,42948101.73543839,46059395.75200905,59748474.603036344,37547829.33393172
3150553.2634918187,4031356.749440568,4023448.313313069,4165389.3633873966,3241589.935641819,1743873.8987898182,2792083.7003818187,3386010.6685818187,3335336.665744456,4232963.917464819,3453227.8576943194,2025-12-15,42915701.389175154,46024647.792188875,59707339.46379736,37555834.33393172
3119553.2634918187,4004637.999440568,3983510.813313069,4182584.3633873966,3243479.935641819,1737673.8987898182,2775523.7003818187,3385850.6685818187,3334936.665744456,4230263.917464819,3431265.3576943194,2025-12-16,42640009.8932355,45729008.203008905,59231718.83476813,37429280.58393172
3104153.2634918187,4014950.499440568,3987635.813313069,4186479.3633873966,3215969.935641819,1726473.8987898182,2786383.7003818187,3386250.6685818187,3335236.665744456,4237463.917464819,3442377.8576943194,2025-12-17,42571499.23739643,45655494.77077272,59196357.262712695,37423375.58393172
3100953.2634918187,4021669.249440568,3994010.813313069,4183914.3633873966,3225734.935641819,1727523.8987898182,2816083.7003818187,3386330.6685818187,3335436.665744456,4238813.917464819,3497502.8576943194,2025-12-18,42566552.61964632,45650196.82287586,59253626.55696656,37527974.33393172
3110653.2634918187,4024950.499440568,4024948.313313069,4183724.3633873966,3220799.935641819,1737323.8987898182,2830423.7003818187,3386090.6685818187,3336336.665744456,4240613.917464819,3498552.8576943194,2025-12-19,42815285.04884785,45916973.755775176,59485556.33296253,37594418.08393172
3135153.2634918187,4027919.249440568,4024198.313313069,4197689.363387397,3250829.935641819,1749023.8987898182,2890543.7003818187,3386010.6685818187,3336436.665744456,4240838.917464819,3536090.3576943194,2025-12-22,43154952.8010223,46281204.73690579,60068953.735186264,37774734.33393172
3120453.2634918187,4026669.249440568,4040885.813313069,4198449.363387397,3239804.935641819,1742523.8987898182,2865823.7003818187,3386010.6685818187,3336936.665744456,4241513.917464819,3523052.8576943194,2025-12-23,43162784.945793316,46289615.66970878,59755841.07619472,37722124.33393172
3094353.2634918187,4029012.999440568,4042948.313313069,4200064.363387397,3233399.935641819,1740673.8987898182,2860123.7003818187,3386730.6685818187,3337236.665744456,4241963.917464819,3530927.8576943194,2025-12-24,43104991.961746156,46227649.64940742,59495256.11647534,37697435.58393172
3101553.2634918187,4031512.999440568,4004135.813313069,4199779.363387397,3213869.935641819,1742473.8987898182,2851543.7003818187,3386570.6685818187,3337236.665744456,4242413.917464819,3496802.8576943194,2025-12-26,42940434.47792572,46051161.02589886,59346117.735755906,37607893.08393172
3074853.2634918187,4033387.999440568,3997948.313313069,4200159.363387397,3199274.935641819,1732223.8987898182,2837983.7003818187,3386730.6685818187,3337536.665744456,4242863.917464819,3471865.3576943194,2025-12-29,42775217.445071936,45873932.33428054,58909926.076220535,37514828.08393172
3086353.2634918187,4034169.249440568,3966260.813313069,4201489.363387397,3197804.935641819,1734123.8987898182,2810383.7003818187,3386810.6685818187,3337836.665744456,4243313.917464819,3467752.8576943194,2025-12-30,42769858.60917597,45868246.73165953,59034779.89397068,37466299.33393172
3111353.2634918187,4034112.013503068,3956720.5754380687,4201431.555027396,3198584.759311819,1756823.8987898182,2802901.0783418184,3386761.7058618185,3337795.844144456,4243259.494714819,3432227.8576943194,2025-12-31,43084381.05445401,46205565.07724314,59467307.93505796,37461972.04631922
3131653.2634918187,4036299.513503068,3916408.0754380687,4203616.555027396,3190184.759311819,1782823.8987898182,2819761.0783418184,3389001.7058618185,3338895.844144456,4244159.494714819,3450777.8576943194,2026-01-01,43112329.44474216,46235484.973680586,59718547.022601716,37503582.04631922
3151453.2634918187,4035518.263503068,3974158.0754380687,4203616.555027396,3221369.759311819,1795073.8987898182,2832841.0783418184,3387081.7058618185,3339495.844144456,4246634.494714819,3471165.3576943194,2026-01-02,43412424.2549157,46557320.62452351,60137833.29248437,37658408.29631922
3151153.2634918187,4037549.513503068,3940595.5754380687,4202666.555027396,3245099.759311819,1792573.8987898182,2793661.0783418184,3386921.7058618185,3339195.844144456,4247084.494714819,3440890.3576943194,2026-01-05,43283399.97526691,46418986.623562604,60070534.996022545,37577392.04631922
3130753.2634918187,4037393.263503068,3936845.5754380687,4203046.555027396,3293504.759311819,1806873.8987898182,2800801.0783418184,3374761.7058618185,3317295.844144456,4247534.494714819,3475627.8576943194,2026-01-06,43165340.69829754,46292340.99989075,59982465.01251851,37624438.29631922
3145753.2634918187,4037705.763503068,3908158.0754380687,4200196.555027396,3308519.759311819,1790473.8987898182,2831341.0783418184,3376041.7058618185,3319695.844144456,4248434.494714819,3510452.8576943194,2026-01-07,43102765.983758606,46225217.997046776,60046757.04735749,37676773.29631922
3085653.2634918187,4037080.763503068,3924095.5754380687,4194876.555027396,3308204.759311819,1776073.8987898182,2801881.0783418184,3373961.7058618185,3298895.844144456,4246184.494714819,3430215.3576943194,2026-01-08,42667628.50900697,45758622.67451218,59209714.71964026,37477123.29631922
3025353.2634918187,4037080.763503068,3881908.0754380687,4176826.5550273964,3284894.759311819,1774873.8987898182,2802721.0783418184,3375721.7058618185,3302295.844144456,4246634.494714819,3433627.8576943194,2026-01-09,42348489.220495485,45416300.05885304,58413664.454712324,37341938.29631922
3043253.2634918187,4037549.513503068,3855283.0754380687,4186611.5550273964,3296339.759311819,1798073.8987898182,2781181.0783418184,3379641.7058618185,3308795.844144456,4247984.494714819,3461452.8576943194,2026-01-12,42524836.143287025,45605487.31135605,58751058.09438225,37396167.04631922
3030153.2634918187,4036612.013503068,3845345.5754380687,4180816.5550273964,3316709.759311819,1803173.8987898182,2785801.0783418184,3379321.7058618185,3282095.844144456,4248434.494714819,3486302.8576943194,2026-01-13,42429283.97708067,45502993.751710676,58660453.34963964,37394767.04631922
3024953.2634918187,4038643.263503068,3835033.0754380687,4178061.5550273964,3297704.759311819,1837123.8987898182,2787421.0783418184,3372441.7058618185,3289695.844144456,4248209.494714819,3420240.3576943194,2026-01-14,42319304.17576982,45385029.24443745,58591384.10633189,37329528.29631922
3028953.2634918187,4038799.513503068,3851908.0754380687,4175021.5550273964,3288569.759311819,1846473.8987898182,2894701.0783418184,3366841.7058618185,3286995.844144456,4248884.494714819,3482540.3576943194,2026-01-16,42366709.26254173,45463335.49871781,58913299.703400016,37509689.54631922
3006253.2634918187,4040362.013503068,3923345.5754380687,4177111.5550273964,3279539.759311819,1842423.8987898182,2885401.0783418184,3380841.7058618185,3241395.844144456,4250909.494714819,3444827.8576943194,2026-01-19,42187229.48184179,45270765.07771303,58570565.97814272,37472412.04631922
2926753.2634918187,4040518.263503068,3789658.0754380687,4168846.5550273964,3271874.759311819,1797773.8987898182,2859061.0783418184,3380841.7058618185,3210995.844144456,4250009.494714819,3391190.3576943194,2026-01-20,41605177.459911786,44646135.84596246,57439171.56866621,37087523.29631922
2903853.2634918187,4039737.013503068,3801470.5754380687,4173311.5550273964,3219164.759311819,1799773.8987898182,2853961.0783418184,3376841.7058618185,3230095.844144456,4249784.494714819,3408952.8576943194,2026-01-21,41481512.01615895,44513463.95339686,57135279.9826222,37056947.04631922
2958053.2634918187,4041455.763503068,3826970.5754380687,4188036.5550273964,3212864.759311819,1795073.8987898182,2865241.0783418184,3385241.7058618185,3231395.844144456,4250459.494714819,3433277.8576943194,2026-01-22,41699822.74619729,44747748.37214384,57790903.39590949,37188070.79631922
2735853.2634918187,4039580.763503068,3771470.5754380687,4178441.5550273964,3208874.759311819,1785073.8987898182,2874061.0783418184,3380841.7058618185,3194995.844144456,4250684.494714819,3443865.3576943194,2026-01-23,41302032.23545901,44320846.54394066,55661215.66528343,36863743.29631922
2831153.2634918187,4042705.763503068,3722533.0754380687,4155658.4250273965,3246779.759311819,1787373.8987898182,2888521.0783418184,3393241.7058618185,3180137.342144456,4251134.494714819,3439927.8576943194,2026-01-27,41511026.8354013,44545087.181198046,56590961.645758696,36939166.66431922
2866353.2634918187,4042553.735378068,3799085.4264380685,4125700.7126273965,3259926.157691819,1794323.8987898182,2869024.8355818186,3393138.2602618183,3212411.978144456,4250994.208589819,3476765.3576943194,2026-01-28,41786965.66222845,44841208.402005,57051030.28018676,37090277.834689215
2890853.2634918187,4058959.985378068,3798147.9264380685,4145840.7126273965,3286386.157691819,1791023.8987898182,2862184.8355818186,3395538.2602618183,3202311.978144456,4253806.708589819,3428027.8576943194,2026-01-29,41912527.30945216,44976006.52199706,57376832.50712534,37113081.584689215
2892053.2634918187,4061616.235378068,3782022.9264380685,4148975.7126273965,3235986.157691819,1788723.8987898182,2842384.8355818186,3393138.2602618183,3212711.978144456,4259806.708589819,3410090.3576943194,2026-01-30,41750525.57813595,44802114.01042909,57271332.32901958,37027510.334689215
2867053.2634918187,4049897.485378068,3698397.9264380685,4150970.7126273965,3238296.157691819,1802873.8987898182,2830144.8355818186,3396738.2602618183,3213611.978144456,4231306.708589819,3450077.8576943194,2026-02-02,41367574.92064801,44391164.76148075,56532556.308998995,36929369.084689215
3074253.2634918187,4066616.235378068,3891897.9264380685,4201700.712627397,3305706.157691819,1815023.8987898182,2859364.8355818186,3406338.2602618183,3284011.978144456,4259619.208589819,3498815.3576943194,2026-02-03,42421451.832309656,45522071.0629845,59271247.86556786,37663347.834689215
3099853.2634918187,4063022.485378068,3906147.9264380685,4240650.712627397,3334581.157691819,1813923.8987898182,2718124.8355818186,3393138.2602618183,3310211.978144456,4261119.208589819,3300890.3576943194,2026-02-04,42501339.70897399,45607801.49258816,59182169.960767545,37441664.084689215
3108253.2634918187,4060991.235378068,3914772.9264380685,4188400.712627397,3317676.157691819,1807023.8987898182,2699704.8355818186,3391538.2602618183,3293611.978144456,4263744.208589819,3294240.3576943194,2026-02-05,42281709.88086896,45376677.04719873,58996563.48488237,37339957.834689215
3098053.2634918187,4065991.235378068,3967647.9264380685,4278840.712627397,3341301.157691819,1796223.8987898182,2684404.8355818186,3404738.2602618183,3310511.978144456,4265806.708589819,3250577.8576943194,2026-02-06,42365637.49536254,45473755.18781871,59180025.18009386,37464097.834689215
3121753.2634918187,4067553.735378068,3975897.9264380685,4280265.712627397,3324291.157691819,1820523.8987898182,2672824.8355818186,3409538.2602618183,3323611.978144456,4276681.708589819,3256352.8576943194,2026-02-09,42651881.775835775,45786710.021344505,59875346.81825524,37529295.334689215
3100053.2634918187,4068491.235378068,3923585.4264380685,4237895.712627397,3341616.157691819,1820223.8987898182,2673724.8355818186,3413138.2602618183,3321511.978144456,4277431.708589819,3288202.8576943194,2026-02-10,42763757.780617505,45906800.75604419,59623652.12355752,37465875.334689215
3106053.2634918187,4068491.235378068,3937085.4264380685,4240840.712627397,3341196.157691819,1817623.8987898182,2642944.8355818186,3413138.2602618183,3335011.978144456,4278369.208589819,3222752.8576943194,2026-02-11,42794591.69792654,45939904.12006489,59785728.36895168,37403507.834689215
3083453.2634918187,4068022.485378068,4013022.9264380685,4245780.712627397,3373221.157691819,1815323.8987898182,2539984.8355818186,3409138.2602618183,3312011.978144456,4278556.708589819,3083015.3576943194,2026-02-12,42552784.53357517,45680304.67311897,59454661.32675288,37221531.584689215
3008253.2634918187,4066616.235378068,4064960.4264380685,4231245.712627397,3354216.157691819,1818673.8987898182,2519884.8355818186,3408338.2602618183,3270211.978144456,4278744.208589819,3032352.8576943194,2026-02-13,41998598.45830414,45085360.39554878,58708298.74054667,37053497.834689215
3056253.2634918187,4070834.985378068,4051460.4264380685,4276465.712627397,3355371.157691819,1824523.8987898182,2515804.8355818186,3410338.2602618183,3301411.978144456,4279306.708589819,3044952.8576943194,2026-02-16,42347582.34057463,45460410.467617325,59315998.820949934,37186724.084689215
3114553.2634918187,4071459.985378068,4066085.4264380685,4262690.712627397,3350961.157691819,1836423.8987898182,2546644.8355818186,3409938.2602618183,3282211.978144456,4279681.708589819,3054402.8576943194,2026-02-17,42417906.75625541,45535920.90903858,59801814.454243094,37275054.084689215
3082853.2634918187,4073178.735378068,4092522.9264380685,4269245.712627397,3355371.157691819,1837273.8987898182,2525704.8355818186,3411538.2602618183,3318011.978144456,4280244.208589819,3034715.3576943194,2026-02-18,42572818.33546313,45707099.83753743,59681609.08219372,37280660.334689215
3028353.2634918187,4072866.235378068,4096835.4264380685,4209300.712627397,3318096.157691819,1819973.8987898182,2521984.8355818186,3410338.2602618183,3261311.978144456,4280056.708589819,3019840.3576943194,2026-02-19,41970979.84253267,45060902.90658814,58724123.75923753,37038957.834689215
3032453.2634918187,4073959.985378068,4112022.9264380685,4189350.7126273965,3330591.157691819,1818673.8987898182,2501344.8355818186,3413138.2602618183,3281411.978144456,4280619.208589819,3027102.8576943194,2026-02-20,42163733.04752875,45267863.54083826,58894201.42466019,37060669.084689215
3062653.2634918187,4075053.735378068,4116897.9264380685,4227445.712627397,3341721.157691819,1812373.8987898182,2470504.8355818186,3413138.2602618183,3300011.978144456,4280619.208589819,3018440.3576943194,2026-02-23,42397460.73622161,45518817.112724125,59332645.152017124,37118860.334689215
3054653.2634918187,4075366.235378068,4104312.7883130684,4120570.7126273965,3311166.157691819,1824023.8987898182,2408164.8355818186,3413538.2602618183,3302611.978144456,4280806.708589819,2928665.3576943194,2026-02-24,41922008.326806545,45008322.82945659,58749278.68106257,36823880.19656422
3103353.2634918187,4075273.161878068,4104162.9618130685,4068033.1184573965,3344064.474201819,1829973.8987898182,2425658.1826618183,3413411.3306618184,3241953.9349444564,4280615.78508982,2977315.3576943194,2026-02-25,42017395.60575456,45110769.40065056,58978319.126173235,36863815.46968422
3088053.2634918187,4075148.161878068,4099475.4618130685,4097863.1184573965,3350784.474201819,1857223.8987898182,2425178.1826618183,3414211.3306618184,3258253.9349444564,4291415.78508982,2993415.3576943194,2026-02-26,42040562.26555093,45135602.79722252,59005771.7386768,36951022.96968422
3033453.2634918187,4073273.161878068,4082600.4618130685,4011603.1184573965,3303009.474201819,1849373.8987898182,2438378.1826618183,3400211.3306618184,3234453.9349444564,4286015.78508982,2984402.8576943194,2026-02-27,41516385.67129725,44572857.35598333,58079311.799486175,36696775.46968422
2996253.2634918187,4064148.161878068,4053725.4618130685,4000963.1184573965,3294609.474201819,1835123.8987898182,2424938.1826618183,3388211.3306618184,3163653.9349444564,4279415.78508982,2963490.3576943194,2026-03-02,41000370.99633126,44018851.76670704,57405245.58620618,36464532.96968422
2948153.2634918187,4042648.161878068,3990162.9618130685,4058058.1184573965,3276444.474201819,1820173.8987898182,2446358.1826618183,3355411.3306618184,3138853.9349444564,4257665.78508982,2941002.8576943194,2026-03-04,40365225.2772167,43336931.86557074,56747414.89112452,36274932.96968422
2960853.2634918187,4058398.161878068,4034225.4618130685,4062048.1184573965,3262689.474201819,1829823.8987898182,2445218.1826618183,3380211.3306618184,3226253.9349444564,4262765.78508982,2933127.8576943194,2026-03-05,40835813.51251082,43842175.189392835,56996845.96088184,36455615.46968422
2911553.2634918187,4018023.161878068,4000850.4618130685,3997923.1184573965,3170289.474201819,1810473.8987898182,2448338.1826618183,3338611.3306618184,3253953.9349444564,4219265.78508982,2914577.8576943194,2026-03-06,40315676.6560864,43286900.91192837,55991124.81269924,36083860.46968422
2870853.2634918187,3973773.161878068,3972725.4618130685,3990323.1184573965,3097419.474201819,1773823.8987898182,2456258.1826618183,3254611.3306618184,3286653.9349444564,4117715.7850898197,2888152.8576943194,2026-03-09,39619192.87687044,42539114.9490234,55063521.02686928,35682310.46968422
2868153.2634918187,4025398.161878068,3992600.4618130685,3961633.1184573965,3167979.474201819,1791323.8987898182,2432978.1826618183,3301411.3306618184,3263653.9349444564,4165415.7850898197,2875640.3576943194,2026-03-10,40004287.068716764,42952613.32146092,55215091.15791868,35846187.96968422
2846353.2634918187,3918898.161878068,3833787.9618130685,3881073.1184573965,3131859.474201819,1769773.8987898182,2409818.1826618183,3231411.3306618184,3226053.9349444564,4101065.7850898197,2833465.3576943194,2026-03-11,39353394.61643101,42253718.84225155,54160437.806576915,35183560.46968422
2873653.2634918187,3879648.161878068,3739662.9618130685,3870623.1184573965,3073164.474201819,1723973.8987898182,2397218.1826618183,3186211.3306618184,3230353.9349444564,4090415.7850898197,2813777.8576943194,2026-03-12,38977946.329197414,41850581.42335067,53899775.58578897,34878702.96968422
2832753.2634918187,3792648.161878068,3713412.9618130685,3874803.1184573965,3050274.474201819,1707023.8987898182,2376218.1826618183,3122211.3306618184,3209053.9349444564,3984065.7850898197,2785865.3576943194,2026-03-13,38173214.064883135,40986593.02010049,53027127.38791129,34448330.46968422
2849653.2634918187,3834648.161878068,3797225.4618130685,3848203.1184573965,3087129.474201819,1717673.8987898182,2378018.1826618183,3152611.3306618184,3239053.9349444564,4040915.7850898197,2784727.8576943194,2026-03-16,38598128.529617876,41442839.1362113,53487657.58044126,34729860.46968422
2847053.2634918187,3855523.161878068,3761412.9618130685,3921068.1184573965,3120204.474201819,1713473.8987898182,2357738.1826618183,3170611.3306618184,3245553.9349444564,4041365.7850898197,2769415.3576943194,2026-03-17,38882311.71936189,41747970.39257677,53620380.02891781,34803420.46968422
2878853.2634918187,3917273.161878068,3808850.4618130685,3975123.1184573965,3121674.474201819,1734773.8987898182,2398778.1826618183,3187811.3306618184,3267353.9349444564,4059365.7850898197,2812377.8576943194,2026-03-18,39206562.512881815,42096060.84064689,54311788.47975758,35162235.46968422
2808453.2634918187,3815148.161878068,3629037.9618130685,3921258.1184573965,3040089.474201819,1708923.8987898182,2343218.1826618183,3129811.3306618184,3221653.9349444564,3996065.7850898197,2738177.8576943194,2026-03-19,37927614.493590005,40722870.33654304,52764998.84200075,34351837.96968422
2798753.2634918187,3807398.161878068,3618912.9618130685,3957643.1184573965,3030219.474201819,1711223.8987898182,2385098.1826618183,3118611.3306618184,3279953.9349444564,4022165.7850898197,2768452.8576943194,2026-03-20,38112865.32833175,40921807.692714326,52959642.48373425,34498432.96968422
2704653.2634918187,3715148.161878068,3549912.9618130685,3862548.1184573965,2982339.474201819,1670973.8987898182,2386418.1826618183,3035811.3306618184,3267653.9349444564,3930365.7850898197,2762502.85769432,2026-03-23,37120491.36402985,39856297.568465106,51501632.913380116,33868327.96968422
2689553.2634918187,3771773.161878068,3683787.9618130685,3874708.1184573965,3042294.474201819,1689873.8987898182,2412218.1826618183,3117411.3306618184,3276053.9349444564,3938915.7850898197,2775627.8576943194,2026-03-24,37779628.17923245,40563943.64675022,51867426.51183624,34272217.96968422
2758253.2634918187,3845398.161878068,3798162.9618130685,3937123.1184573965,3060459.474201819,1711023.8987898182,2413178.1826618183,3151011.3306618184,3279053.9349444564,4023215.7850898197,2756902.8576943194,2026-03-25,38429366.42070984,41261581.18488429,52985713.43243639,34733782.96968422
2694653.2634918187,3807523.161878068,3664850.4618130685,3954508.1184573965,3006069.474201819,1685173.8987898182,2401898.1826618183,3100211.3306618184,3149553.9349444564,3913415.7850898197,2767752.85769432,2026-03-27,37626612.80349561,40399648.52638343,51752103.685995735,34145610.46968422
2630453.2634918187,3692819.706878068,3500921.2261880683,3838038.1184573965,2947689.474201819,1645073.8987898182,2379038.1826618183,3003599.4496618183,3141553.9349444564,3777925.2470898195,2740715.3576943194,2026-03-30,36821633.208293825,39535413.43376332,50193057.98712322,33297827.860059217
2714153.2634918187,3772210.585628068,3559921.2278130683,3837031.3913873965,2961934.7509218194,1678273.8987898182,2409132.9936218187,3024737.0064618182,3192030.137144456,3893057.9484898197,2783852.8576943194,2026-04-01,37395440.86730698,40151514.26158236,51467700.79857522,33826336.06144422
2705853.2634918187,3783835.585628068,3596296.2278130683,3853181.3913873965,2968759.7509218194,1671323.8987898182,2439132.9936218187,3040337.0064618182,3162230.137144456,3894707.9484898197,2821040.3576943194,2026-04-02,37451007.87336659,40211107.365087345,51542435.459741086,33936698.56144422
2773853.2634918187,3883710.585628068,3685358.7278130683,3859926.3913873965,3001099.7509218194,1678823.8987898182,2441652.9936218187,3061537.0064618182,3077730.137144456,3935807.9484898197,2841340.3576943194,2026-04-06,37871717.71301372,40662854.33697533,52390031.61712088,34240841.06144422
2753753.2634918187,3897585.585628068,3701671.2278130683,3930321.3913873965,3030709.7509218194,1677423.8987898182,2485452.9936218187,3081937.0064618182,3079430.137144456,3930857.94848982,2899002.8576943194,2026-04-07,38127952.5124696,40937995.21422623,52579429.22153993,34468146.06144422
2915453.2634918187,4029335.585628068,3905108.7278130683,3987701.3913873965,3160594.7509218194,1728573.8987898182,2494092.9936218187,3210337.0064618182,3163030.137144456,4019207.9484898197,2915977.8576943194,2026-04-08,39568572.488560945,42484772.804963864,55132690.74355597,35529413.56144422
2912153.2634918187,4006710.585628068,3870233.7278130683,3984756.3913873965,3104314.7509218194,1707173.8987898182,2476572.9936218187,3151537.0064618182,3129730.137144456,3963707.9484898197,2942052.8576943194,2026-04-09,39202110.556906715,42091338.50127985,54661479.295092255,35248943.56144422
2958453.2634918187,4049335.585628068,3941296.2278130683,4005371.3913873965,3184744.7509218194,1723523.8987898182,2429352.9936218187,3172337.0064618182,3170430.137144456,4040357.9484898197,2885440.3576943194,2026-04-10,39656374.953625455,42579055.132724755,55467498.61329542,35560643.56144422
3000653.2634918187,4051210.585628068,3860296.2278130683,4007746.3913873965,3235459.7509218194,1711523.8987898182,2410812.9936218187,3153537.0064618182,3102930.137144456,4032107.9484898197,2840202.8576943194,2026-04-13,39313491.89991344,42210853.62744971,55580611.87502337,35406481.06144422
3016053.2634918187,4062585.585628068,3910546.2278130683,3980291.3913873965,3230419.7509218194,1732723.8987898182,2444772.9936218187,3230737.0064618182,3161130.137144456,4055507.9484898197,2912215.3576943194,2026-04-15,39954326.22944062,42898917.26860831,56044485.01226961,35736983.56144422
3075353.2634918187,4060335.585628068,3886358.7278130683,3952551.3913873965,3226219.7509218194,1740523.8987898182,2461692.9936218187,3210337.0064618182,3159830.137144456,4044557.94848982,2931465.3576943194,2026-04-16,39897357.68168515,42837750.05198098,56414382.06181064,35749226.06144422
3089953.2634918187,4061460.585628068,3898546.2278130683,3965661.3913873965,3230734.7509218194,1746523.8987898182,2460852.9936218187,3245137.0064618182,3202230.137144456,4083557.9484898197,2935490.3576943194,2026-04-17,40155900.90275774,43115346.07581822,56757501.42679098,35920148.56144422
3101253.2634918187,4063835.585628068,3934546.2278130683,3965091.3913873965,3257509.7509218194,1744573.8987898182,2453772.9936218187,3214737.0064618182,3199230.137144456,4158857.948489819,2933827.8576943194,2026-04-20,40174533.16294983,43135386.65034601,57006946.94794285,36027236.06144422
3097653.2634918187,4091710.585628068,4005983.7278130683,3982001.3913873965,3319879.7509218194,1749023.8987898182,2454492.9936218187,3239137.0064618182,3179930.137144456,4173557.948489819,2960865.3576943194,2026-04-21,40523681.93247867,43510272.2628346,57312341.24056247,36254236.06144422
3132453.2634918187,4096710.585628068,3996046.2278130683,3932981.3913873965,3285229.7509218194,1762723.8987898182,2400972.9936218187,3197937.0064618182,3197630.137144456,4152257.9484898197,2897865.3576943194,2026-04-22,40196380.7246795,43158810.39337557,57208404.71388773,36052808.56144422
3171653.2634918187,4096210.585628068,3942421.2278130683,3956066.3913873965,3247009.7509218194,1752973.8987898182,2367072.9936218187,3147137.0064618182,3160930.137144456,4128707.9484898197,2883252.8576943194,2026-04-23,39858279.401459254,42795859.847545974,57186716.321607046,35853436.06144422
3159253.2634918187,4085210.585628068,3954421.2278130683,3905716.3913873965,3202069.7509218194,1740573.8987898182,2264112.9936218187,3150737.0064618182,3130430.137144456,4150307.948489819,2773965.3576943194,2026-04-24,39404674.55377386,42318551.15808912,56597987.22638382,35516798.56144422
3193453.2634918187,4094585.585628068,3958921.2278130683,3916831.3913873965,3177184.7509218194,1792773.8987898182,2283012.9936218187,3199537.0064618182,3207530.137144456,4183757.948489819,2818327.8576943194,2026-04-27,39725792.48938538,42663458.13857599,57094759.382267535,35825916.06144422
3284053.2634918187,4031335.585628068,3967546.2278130683,3962146.3913873965,3130984.7509218194,1778173.8987898182,2261172.9936218187,3208737.0064618182,3254130.137144456,4123457.9484898197,2815790.3576943194,2026-04-28,39565851.84879839,42491703.60154733,57612171.643616,35817528.56144422
3297553.2634918187,4049665.771878068,3990952.7650630684,4046209.3447173964,3107831.488841819,1806373.8987898182,2279652.9936218187,3240950.9712618184,3326952.488544456,4110086.03808982,2842040.3576943194,2026-04-29,39865864.21534276,42813832.93021158,58076827.54510574,36098269.381994225
3280053.2634918187,3991915.771878068,4030140.2650630684,4041839.3447173964,3072551.488841819,1808673.8987898182,2296812.9936218187,3242150.9712618184,3333352.488544456,4063286.0380898193,2841340.3576943194,2026-04-30,39568902.263077624,42494945.80469485,57778290.233569026,36002116.881994225
3357353.2634918187,4010290.771878068,4072327.7650630684,3940094.3447173964,3089141.488841819,1806523.8987898182,2280732.9936218187,3183750.9712618184,3373452.488544456,4066436.03808982,2804065.3576943194,2026-05-04,39769652.50010306,42710540.56689218,58211015.514240086,35984169.381994225
3333653.2634918187,3979165.771878068,4096327.7650630684,3902949.3447173964,3049556.488841819,1803323.8987898182,2292372.9936218187,3184150.9712618184,3375052.488544456,4045736.03808982,2800565.3576943194,2026-05-05,39627025.021641456,42557405.20373605,57836579.884583004,35862854.381994225
3411953.2634918187,4053790.771878068,4138890.265063068,3955104.3447173964,3107306.488841819,1839373.8987898182,2279292.9936218187,3222550.9712618184,3345052.488544456,4137986.0380898193,2807652.8576943194,2026-05-06,40118636.38237355,43085308.70825223,59037690.1225535,36298954.381994225
3385353.2634918187,4053915.771878068,4130452.765063068,3942659.3447173964,3106886.488841819,1839573.8987898182,2273892.9936218187,3245350.9712618184,3347152.488544456,4127486.0380898193,2777902.8576943194,2026-05-07,40111546.23026506,43077696.579123266,58712662.0491655,36230626.881994225
3377553.2634918187,4000665.771878068,4094077.7650630684,3957669.3447173964,3077906.488841819,1843373.8987898182,2293692.9936218187,3255750.9712618184,3349452.488544456,3932636.0380898193,2771777.8576943194,2026-05-08,39863390.906467706,42811213.324045286,58123061.25940667,35954556.881994225
3371853.2634918187,4011665.771878068,4054515.2650630684,3818019.3447173964,3081266.488841819,1814923.8987898182,2291052.9936218187,3258150.9712618184,3275652.488544456,3800336.0380898193,2770465.3576943194,2026-05-11,39269302.11467909,42173157.142303355,57302227.31221594,35547901.881994225
3276853.2634918187,3984790.771878068,3963577.7650630684,3812034.3447173964,3026876.488841819,1785473.8987898182,2247012.9936218187,3222950.9712618184,3232352.488544456,3804086.0380898193,2689440.35769432,2026-05-12,38549899.00655427,41400549.52993928,55997205.082860306,35045449.381994225
3369653.2634918187,3974790.771878068,3936577.7650630684,3873689.3447173964,3017426.488841819,1785123.8987898182,2226372.9936218187,3235750.9712618184,3223152.488544456,3791036.0380898193,2665377.85769432,2026-05-13,38604394.24543469,41459144.128851734,56691872.70307025,35098951.881994225
3584553.2634918187,3973415.771878068,3992077.7650630684,4049724.3447173964,3039476.488841819,1800523.8987898182,2192652.9936218187,3277750.9712618184,3228952.488544456,3820286.0380898193,2641927.8576943194,2026-05-14,39061131.95102848,41949609.584704325,58855283.471681625,35601341.881994225
3587653.2634918187,3950290.771878068,3989265.2650630684,4092664.3447173964,3036326.488841819,1779023.8987898182,2221452.9936218187,3304950.9712618184,3179952.488544456,3822986.0380898193,2657677.8576943194,2026-05-15,38985118.92493507,41895796.06072318,58925079.23129816,35622244.381994225
3561453.2634918187,3934040.771878068,4031452.7650630684,4150899.3447173964,3050606.488841819,1784773.8987898182,2249652.9936218187,3340150.9712618184,3180052.488544456,3752036.0380898193,2674477.8576943194,2026-05-18,38995754.153097816,41907190.76019092,58857271.6390821,35709596.881994225
3596653.2634918187,3935915.771878068,4043077.7650630684,4108149.3447173964,3029081.488841819,1787873.8987898182,2314932.9936218187,3272550.9712618184,3154652.488544456,3780536.0380898193,2712890.3576943194,2026-05-19,38943072.674059115,41850604.91757639,59151609.991699696,35736314.381994225
3576453.2634918187,3965040.771878068,4043452.7650630684,4094279.3447173964,3022151.488841819,1789773.8987898182,2311092.9936218187,3284150.9712618184,3228552.488544456,3787136.0380898193,2713152.8576943194,2026-05-20,39010676.44997733,41923237.316348575,59083364.73103778,35815236.881994225
3569253.2634918187,3974290.771878068,3989827.7650630684,4058844.3447173964,3034331.488841819,1792573.8987898182,2296092.9936218187,3266950.9712618184,3209152.488544456,3787436.0380898193,2712977.8576943194,2026-05-21,39003586.29786883,41915625.18721961,58857017.5420811,35691731.881994225
3588953.2634918187,4054290.771878068,4023765.2650630684,4032909.3447173964,3078956.488841819,1802773.8987898182,2288052.9936218187,3293350.9712618184,3219452.488544456,3782486.0380898193,2704315.35769432,2026-05-22,39110103.46675461,42047357.31075695,59164367.58671231,35869306.881994225
3721353.2634918187,4118915.771878068,4118640.2650630684,4039654.3447173964,3136811.488841819,1818723.8987898182,2280852.9936218187,3362950.9712618184,3244852.488544456,3843686.0380898193,2723477.8576943194,2026-05-25,39625211.261799745,42615905.82574567,60704519.031057864,36409919.381994225
3840953.2634918187,4090040.771878068,4078327.7650630684,3986834.3447173964,3110561.488841819,1824923.8987898182,2279892.9936218187,3330950.9712618184,3223652.488544456,3840536.0380898193,2695477.8576943194,2026-05-26,39430644.296961956,42406619.2631506,61338635.95927229,36302151.881994225
3844753.2634918187,4101894.683378068,4081696.1743130684,3996831.2637773966,3097082.1308618193,1824923.8987898182,2270532.9936218187,3331219.669661818,3211976.803344456,3838404.4928898197,2702477.8576943194,2026-05-27,39419844.18154087,42394989.62142579,61355238.55079619,36301793.23182422
3809053.2634918187,4065144.683378068,4007446.1743130684,3956551.2637773966,3063587.1308618193,1806973.8987898182,2271732.9936218187,3300019.669661818,3156976.803344456,3828204.4928898197,2680340.3576943194,2026-05-29,38827239.37507729,41764087.43141155,60629706.523558475,35946030.73182422
3781053.2634918187,4045644.683378068,3948571.1743130684,3923681.2637773966,3029672.1308618193,1793773.8987898182,2321652.9936218187,3254019.669661818,3155976.803344456,3797454.4928898197,2714027.8576943194,2026-06-01,38554928.06793355,41471184.919526406,60183664.14555724,35765528.23182422
3839753.2634918187,3987394.683378068,3924571.1743130684,3929951.2637773966,3002162.1308618193,1805123.8987898182,2403612.9936218187,3266419.669661818,3145276.803344456,3805254.4928898197,2844840.3576943194,2026-06-02,38721381.75522487,41650246.16074985,60834528.971361116,35954360.73182422
3797253.2634918187,3996019.683378068,3903946.1743130684,3947716.2637773966,3033872.1308618193,1792573.8987898182,2345772.9936218187,3279619.669661818,3142076.803344456,3845604.4928898197,2665290.3576943194,2026-06-03,38592852.13735109,41512029.63091746,60361696.74106349,35749745.73182422
3844453.2634918187,3992394.683378068,3896258.6743130684,3938691.2637773966,3054032.1308618193,1795823.8987898182,2320212.9936218187,3284419.669661818,3123876.803344456,3871854.4928898197,2664677.8576943194,2026-06-04,38610907.292139,41531424.11423832,60716682.95555922,35786695.73182422
3919853.2634918187,4037519.683378068,3951008.6743130684,3900311.2637773966,3075977.1308618193,1797423.8987898182,2315652.9936218187,3255619.669661818,3111076.8033444565,3867504.4928898197,2627840.3576943194,2026-06-05,38528710.99385795,41461564.03409952,61286304.92207278,35859788.23182422
3841653.2634918187,4030894.683378068,3886696.1743130684,3929476.2637773966,3051512.1308618193,1787673.8987898182,2303772.9936218187,3254419.669661818,3058176.8033444565,3880404.4928898197,2586277.8576943194,2026-06-08,38126880.745290406,41029094.07440387,60471058.766285315,35610958.23182422
3851553.2634918187,4088394.683378068,3945383.6743130684,3902781.2637773966,3103277.1308618193,1815423.8987898182,2295012.9936218187,3290819.669661818,3070176.8033444565,3942654.4928898197,2585927.8576943194,2026-06-09,38323261.469969906,41240459.875973985,60894973.80598106,35891405.73182422
3802753.2634918187,4138269.683378068,3936383.6743130684,3858226.2637773966,3141392.1308618193,1776573.8987898182,2283012.9936218187,3338819.669661818,3049676.8033444565,3944754.4928898197,2588465.3576943194,2026-06-10,38278494.57933138,41192249.724823885,60462462.92298773,35858328.23182422
3780453.2634918187,4145019.683378068,3887821.1743130684,3872856.2637773966,3189587.1308618193,1781573.8987898182,2246172.9936218187,3374019.669661818,3058476.8033444565,3937254.4928898197,2572452.8576943194,2026-06-11,38190527.22700854,41097567.99522597,60291590.96050151,35845688.23182422
3794553.2634918187,4217269.683378068,4058446.1743130684,3947811.2637773966,3238202.1308618193,1809973.8987898182,2248332.9936218187,3436019.669661818,3117076.8033444565,3986304.4928898197,2595027.8576943194,2026-06-12,38951152.14971763,41931706.984715834,61225003.35034352,36449018.23182422
3815453.2634918187,4238769.683378068,4139071.1743130684,3982961.2637773966,3211637.1308618193,1825823.8987898182,2270532.9936218187,3451219.669661818,3145776.8033444565,3997704.4928898197,2595552.8576943194,2026-06-15,39332041.71647636,42341763.45308732,61680484.31376551,36674503.23182422
3816553.2634918187,4238894.683378068,4192883.6743130684,4005571.2637773966,3226547.1308618193,1818623.8987898182,2280972.9936218187,3466819.669661818,3189376.8033444565,3980904.4928898197,2627927.8576943194,2026-06-16,39555051.7333773,42581886.18692241,61898098.573531136,36845075.73182422
3824853.2634918187,4215769.683378068,4191758.6743130684,4048606.2637773966,3232532.1308618193,1828823.8987898182,2297892.9936218187,3452019.669661818,3196876.8033444565,4014654.4928898197,2648927.8576943194,2026-06-17,39714250.38130178,42753217.82788836,62138228.17948465,36952715.73182422
3886353.2634918187,4234894.683378068,4195321.174313068,4047941.2637773966,3243347.1308618193,1831373.8987898182,2261652.9936218187,3444819.669661818,3187376.8033444565,4063254.4928898197,2631690.35769432,2026-06-18,39849952.59491323,42899304.92333246,62651924.77744633,37028025.73182422
3911353.2634918187,4233144.683378068,4207883.674313068,4114061.2637773966,3252797.1308618193,1840073.8987898182,2170332.9936218187,3424019.669661818,3151376.8033444565,4040754.4928898187,2563177.8576943194,2026-06-19,39594542.23174904,42704807.975819744,62664149.17494126,36908975.73182422
3932553.2634918187,4238769.683378068,4230196.174313068,4126981.2637773966,3265502.1308618193,1813673.8987898182,2187132.9936218187,3446419.669661818,3186376.8033444565,4058004.4928898197,2565627.85769432,2026-06-22,39742610.98973577,42864498.227948025,62985874.82051717,37051238.23182422
3835853.2634918187,4252269.683378068,4218758.674313068,4100191.2637773966,3237047.1308618193,1798073.8987898182,2143812.9936218187,3446419.669661818,3153076.8033444565,4008654.4928898197,2505952.8576943194,2026-06-23,39282905.3134919,42380258.74190771,61802859.6824266,36700110.73182422
3942653.2634918187,4283144.683378068,4294508.674313068,4054876.2637773966,3309287.1308618193,1820223.8987898182,2176572.9936218187,3477619.669661818,3161376.8033444565,4040004.4928898187,2549177.8576943194,2026-06-24,39608640.09233686,42731755.8527053,63071434.963511765,37109445.73182422
3910953.2634918187,4284269.683378068,4284383.674313068,4004526.2637773966,3337847.1308618193,1813073.8987898182,2158092.9936218187,3500019.669661818,3170276.8033444565,4072554.4928898197,2536665.3576943194,2026-06-25,39665278.865575664,42792817.345316954,62744049.3100497,37072663.23182422
3835453.2634918187,4253019.683378068,4294508.674313068,3986571.2637773966,3340787.1308618193,1809523.8987898182,2152692.9936218187,3408419.669661818,3136476.8033444565,4044954.4928898187,2539465.3576943194,2026-06-29,39484315.09955068,42597556.83546876,61887806.94756243,36801873.23182422
3908953.2634918187,4233644.683378068,4322165.463063068,4007661.2637773966,3315902.1308618193,1818323.8987898182,2109132.9936218187,3384019.669661818,3122576.8033444565,4017504.4928898197,2481365.3576943194,2026-06-30,39351580.85658931,42460973.154323,62335789.24327967,36721250.02057422
