action,cash,cost,date,expiry,lot_inferred,lot_size,open_interest,premium,qty,shares,strike,ticker,volume
SELL_PUT,1843023.038881818,108.7793,2020-01-30,2020-02-27,True,500,654000,24.95,1000,0,1400.0,RELIANCE,2732
SELL_PUT,1868685.128381818,196.6898,2020-01-30,2020-02-27,True,3000,2391000,8.45,6000,0,300.0,SBIN,1577
SELL_PUT,1863602.5397818182,179.2784,2020-01-30,2020-02-27,True,400,222000,38.0,1200,0,1200.0,INDUSINDBK,722
SELL_PUT,1833505.6425818182,76.1756,2020-01-30,2020-02-27,True,1375,651750,5.6,2750,0,500.0,ICICIBANK,667
SELL_PUT,1834422.501701818,79.31647999999998,2020-01-30,2020-02-27,True,1200,136800,6.8,2400,0,750.0,INFY,161
SELL_PUT,1840880.3789818182,101.4392,2020-01-30,2020-02-27,True,1200,214800,9.5,2400,0,700.0,AXISBANK,384
SELL_PUT,1854867.363833218,149.35434859999998,2020-01-30,2020-02-27,True,1851,18510,9.95,3702,0,465.0,BHARTIARTL,15
SELL_PUT,1833680.0451318182,76.77305,2020-01-30,2020-02-27,True,250,191750,62.3,250,0,4200.0,BAJFINANCE,1870
SELL_PUT,1830528.341906818,65.976275,2020-01-30,2020-02-27,True,250,6500,16.55,750,0,2040.0,TCS,25
SELL_PUT,1830715.2017818182,66.61640000000001,2020-01-30,2020-02-27,True,400,47600,15.75,800,0,1560.0,KOTAKBANK,171
SELL_PUT,1873169.7653818182,212.05280000000002,2020-01-30,2020-02-27,True,4000,124000,6.9,8000,0,220.0,ADANIENT,53
ASSIGNED,441334.3488818181,1688.69,2020-02-27,2020-02-27,,,,24.95,1000,1000,1400.0,RELIANCE,
PUT_EXPIRED,1868685.128381818,0.0,2020-02-27,2020-02-27,,,,8.45,6000,0,300.0,SBIN,
ASSIGNED,421866.2757818182,1736.2640000000001,2020-02-27,2020-02-27,,,,38.0,1200,1200,1200.0,INDUSINDBK,
PUT_EXPIRED,1833505.6425818182,0.0,2020-02-27,2020-02-27,,,,5.6,2750,0,500.0,ICICIBANK,
PUT_EXPIRED,1834422.501701818,0.0,2020-02-27,2020-02-27,,,,6.8,2400,0,750.0,INFY,
PUT_EXPIRED,1840880.3789818182,0.0,2020-02-27,2020-02-27,,,,9.5,2400,0,700.0,AXISBANK,
PUT_EXPIRED,1854867.363833218,0.0,2020-02-27,2020-02-27,,,,9.95,3702,0,465.0,BHARTIARTL,
PUT_EXPIRED,1833680.0451318182,0.0,2020-02-27,2020-02-27,,,,62.3,250,0,4200.0,BAJFINANCE,
PUT_EXPIRED,1830528.341906818,0.0,2020-02-27,2020-02-27,,,,16.55,750,0,2040.0,TCS,
PUT_EXPIRED,1830715.2017818182,0.0,2020-02-27,2020-02-27,,,,15.75,800,0,1560.0,KOTAKBANK,
PUT_EXPIRED,1873169.7653818182,0.0,2020-02-27,2020-02-27,,,,6.9,8000,0,220.0,ADANIENT,
SELL_CALL,452024.0483818181,60.3005,2020-02-28,2020-03-26,True,500,780500,10.75,1000,1000,1460.0,RELIANCE,2849
SELL_PUT,1990643.6547818182,441.4736,2020-02-28,2020-03-26,True,3000,2415000,20.4,6000,0,310.0,SBIN,4053
SELL_CALL,451560.8703018182,125.40548,2020-02-28,2020-03-26,True,400,642800,24.85,1200,1200,1200.0,INDUSINDBK,3046
SELL_PUT,1875687.4596818183,168.18290000000002,2020-02-28,2020-03-26,True,1375,559625,15.4,2750,0,490.0,ICICIBANK,2837
SELL_PUT,1909142.8517018182,279.65,2020-02-28,2020-03-26,True,1200,216000,31.25,2400,0,740.0,INFY,1602
SELL_PUT,1912371.7903418182,268.58864,2020-02-28,2020-03-26,True,1200,468000,29.9,2400,0,700.0,AXISBANK,2870
SELL_PUT,1884174.1867406182,124.0770926,2020-02-28,2020-03-26,True,1851,192504,15.9,1851,0,510.0,BHARTIARTL,342
SELL_PUT,1888157.242006818,210.303125,2020-02-28,2020-03-26,True,250,65000,218.75,250,0,4500.0,BAJFINANCE,1826
SELL_PUT,1892691.708306818,236.6336,2020-02-28,2020-03-26,True,250,191750,83.2,750,0,2000.0,TCS,3795
SELL_PUT,1861466.177461818,129.02432,2020-02-28,2020-03-26,True,400,176400,38.6,800,0,1600.0,KOTAKBANK,2676
SELL_PUT,1977588.3781818182,381.3872,2020-02-28,2020-03-26,True,4000,164000,13.1,8000,0,220.0,ADANIENT,133
CALL_EXPIRED,452024.0483818181,0.0,2020-03-26,2020-03-26,,,,10.75,1000,1000,1460.0,RELIANCE,
ASSIGNED,128407.86378181819,2235.791,2020-03-26,2020-03-26,,,,20.4,6000,6000,310.0,SBIN,
CALL_EXPIRED,451560.8703018182,0.0,2020-03-26,2020-03-26,,,,24.85,1200,1200,1200.0,INDUSINDBK,
ASSIGNED,526561.2105568182,1626.249125,2020-03-26,2020-03-26,,,,15.4,2750,2750,490.0,ICICIBANK,
ASSIGNED,131006.96610181825,2135.8855999999996,2020-03-26,2020-03-26,,,,31.25,2400,2400,740.0,INFY,
ASSIGNED,230350.08234181814,2021.708,2020-03-26,2020-03-26,,,,29.9,2400,2400,700.0,AXISBANK,
ASSIGNED,939017.8284471182,1146.3582935,2020-03-26,2020-03-26,,,,15.9,1851,1851,510.0,BHARTIARTL,
ASSIGNED,761795.6232568182,1361.61875,2020-03-26,2020-03-26,,,,218.75,250,250,4500.0,BAJFINANCE,
ASSIGNED,390884.08330681804,1807.625,2020-03-26,2020-03-26,,,,83.2,750,750,2000.0,TCS,
ASSIGNED,579920.209461818,1545.968,2020-03-26,2020-03-26,,,,38.6,800,800,1600.0,KOTAKBANK,
ASSIGNED,215471.52218181826,2116.856,2020-03-26,2020-03-26,,,,13.1,8000,8000,220.0,ADANIENT,
SELL_CALL,466949.2383818181,74.81,2020-03-27,2020-04-30,True,500,15000,15.0,1000,1000,1380.0,RELIANCE,23
SELL_CALL,145425.88438181818,81.9794,2020-03-27,2020-04-30,True,3000,561000,2.85,6000,6000,290.0,SBIN,348
SELL_CALL,460386.95398181817,53.91632,2020-03-27,2020-04-30,True,400,112800,7.4,1200,1200,1200.0,INDUSINDBK,716
SELL_CALL,543392.3712818181,81.339275,2020-03-27,2020-04-30,True,1375,64625,6.15,2750,2750,480.0,ICICIBANK,59
SELL_CALL,193887.87442181824,239.09168000000003,2020-03-27,2020-04-30,True,1200,58800,26.3,2400,2400,720.0,INFY,151
SELL_CALL,237621.49186181813,48.59048000000001,2020-03-27,2020-04-30,True,1200,19200,3.05,2400,2400,680.0,AXISBANK,17
SELL_CALL,976810.1825101181,153.145937,2020-03-27,2020-04-30,True,1851,270246,20.5,1851,1851,500.0,BHARTIARTL,411
SELL_CALL,766754.9532568181,40.67,2020-03-27,2020-04-30,True,250,3250,20.0,250,250,4400.0,BAJFINANCE,2
SELL_CALL,446918.445806818,215.63750000000002,2020-03-27,2020-04-30,True,250,500,75.0,750,750,1950.0,TCS,2
SELL_CALL,616929.745221818,150.46424,2020-03-27,2020-04-30,True,400,57200,46.45,800,800,1600.0,KOTAKBANK,268
SELL_CALL,223420.61018181825,50.912,2020-03-27,2020-04-30,True,4000,4000,1.0,8000,8000,250.0,ADANIENT,1
CALLED_AWAY,1845491.3353818182,1457.903,2020-04-30,2020-04-30,,,,15.0,1000,0,1380.0,RELIANCE,
CALL_EXPIRED,145425.88438181818,0.0,2020-04-30,2020-04-30,,,,2.85,6000,6000,290.0,SBIN,
CALL_EXPIRED,460386.95398181817,0.0,2020-04-30,2020-04-30,,,,7.4,1200,1200,1200.0,INDUSINDBK,
CALL_EXPIRED,543392.3712818181,0.0,2020-04-30,2020-04-30,,,,6.15,2750,2750,480.0,ICICIBANK,
CALL_EXPIRED,193887.87442181824,0.0,2020-04-30,2020-04-30,,,,26.3,2400,2400,720.0,INFY,
CALL_EXPIRED,237621.49186181813,0.0,2020-04-30,2020-04-30,,,,3.05,2400,2400,680.0,AXISBANK,
CALLED_AWAY,1901324.664085118,985.5184250000001,2020-04-30,2020-04-30,,,,20.5,1851,0,500.0,BHARTIARTL,
CALL_EXPIRED,766754.9532568181,0.0,2020-04-30,2020-04-30,,,,20.0,250,250,4400.0,BAJFINANCE,
CALLED_AWAY,1907874.796431818,1543.6493750000002,2020-04-30,2020-04-30,,,,75.0,750,0,1950.0,TCS,
CALL_EXPIRED,616929.745221818,0.0,2020-04-30,2020-04-30,,,,46.45,800,800,1600.0,KOTAKBANK,
CALL_EXPIRED,223420.61018181825,0.0,2020-04-30,2020-04-30,,,,1.0,8000,8000,250.0,ADANIENT,
SELL_PUT,1912488.1438818183,253.19150000000002,2020-05-04,2020-05-28,True,500,903000,67.25,1000,0,1400.0,RELIANCE,9042
SELL_CALL,147794.09078181817,31.7936,2020-05-04,2020-05-28,True,3000,102000,0.4,6000,6000,290.0,SBIN,14
SELL_CALL,461678.84750181815,28.10648,2020-05-04,2020-05-28,True,400,8800,1.1,1200,1200,1200.0,INDUSINDBK,16
SELL_CALL,546657.5050818181,34.8662,2020-05-04,2020-05-28,True,1375,55000,1.2,2750,2750,480.0,ICICIBANK,34
SELL_CALL,205942.89674181823,64.97767999999999,2020-05-04,2020-05-28,True,1200,122400,5.05,2400,2400,760.0,INFY,397
SELL_CALL,239272.15634181813,29.335520000000002,2020-05-04,2020-05-28,True,1200,229200,0.7,2400,2400,700.0,AXISBANK,117
SELL_PUT,1960146.377968518,225.1861166,2020-05-04,2020-05-28,True,1851,325776,15.95,3702,0,490.0,BHARTIARTL,617
SELL_CALL,767179.8169568181,25.136300000000002,2020-05-04,2020-05-28,True,250,4750,1.8,250,250,4500.0,BAJFINANCE,12
SELL_PUT,1970262.394681818,237.40175,2020-05-04,2020-05-28,True,250,17750,83.5,750,0,1920.0,TCS,853
SELL_CALL,620055.356981818,34.38824,2020-05-04,2020-05-28,True,400,88000,3.95,800,800,1600.0,KOTAKBANK,231
PUT_EXPIRED,1912488.1438818183,0.0,2020-05-28,2020-05-28,,,,66.58415841584159,1010,0,1386.8500000000001,RELIANCE,
CALL_EXPIRED,147794.09078181817,0.0,2020-05-28,2020-05-28,,,,0.4,6000,6000,290.0,SBIN,
CALL_EXPIRED,461678.84750181815,0.0,2020-05-28,2020-05-28,,,,1.1,1200,1200,1200.0,INDUSINDBK,
CALL_EXPIRED,546657.5050818181,0.0,2020-05-28,2020-05-28,,,,1.2,2750,2750,480.0,ICICIBANK,
CALL_EXPIRED,205942.89674181823,0.0,2020-05-28,2020-05-28,,,,5.05,2400,2400,760.0,INFY,
CALL_EXPIRED,239272.15634181813,0.0,2020-05-28,2020-05-28,,,,0.7,2400,2400,700.0,AXISBANK,
PUT_EXPIRED,1960146.377968518,0.0,2020-05-28,2020-05-28,,,,15.95,3702,0,490.0,BHARTIARTL,
CALL_EXPIRED,767179.8169568181,0.0,2020-05-28,2020-05-28,,,,1.8,250,250,4500.0,BAJFINANCE,
PUT_EXPIRED,1970262.394681818,0.0,2020-05-28,2020-05-28,,,,83.5,750,0,1920.0,TCS,
CALL_EXPIRED,620055.356981818,0.0,2020-05-28,2020-05-28,,,,3.95,800,800,1600.0,KOTAKBANK,
SELL_PUT,1940748.6511478182,120.49273399999998,2020-05-29,2020-06-25,True,505,1220585,28.1,1010,0,1400.0,RELIANCE,3677
SELL_CALL,148667.41818181818,26.672600000000003,2020-05-29,2020-06-25,True,3000,123000,0.15,6000,6000,290.0,SBIN,17
SELL_CALL,547593.1191068181,26.885975,2020-05-29,2020-06-25,True,1375,45375,0.35,2750,2750,500.0,ICICIBANK,3
SELL_CALL,239123.65458181823,59.242160000000005,2020-05-29,2020-06-25,True,1200,351600,4.35,2400,2400,750.0,INFY,483
SELL_PUT,1982812.350406318,101.32756220000002,2020-05-29,2020-06-25,True,1851,472005,12.3,1851,0,530.0,BHARTIARTL,803
SELL_PUT,2011347.967181818,164.42749999999998,2020-05-29,2020-06-25,True,250,279250,41.25,1000,0,1900.0,TCS,1508
SELL_CALL,621466.840821818,28.51616,2020-05-29,2020-06-25,True,400,10000,1.8,800,800,1600.0,KOTAKBANK,4
PUT_EXPIRED,1940748.6511478182,0.0,2020-06-25,2020-06-25,,,,28.1,1010,0,1400.0,RELIANCE,
CALL_EXPIRED,148667.41818181818,0.0,2020-06-25,2020-06-25,,,,0.15,6000,6000,290.0,SBIN,
CALL_EXPIRED,547593.1191068181,0.0,2020-06-25,2020-06-25,,,,0.35,2750,2750,500.0,ICICIBANK,
CALL_EXPIRED,239123.65458181823,0.0,2020-06-25,2020-06-25,,,,4.35,2400,2400,750.0,INFY,
PUT_EXPIRED,1982812.350406318,0.0,2020-06-25,2020-06-25,,,,12.3,1851,0,530.0,BHARTIARTL,
PUT_EXPIRED,2011347.967181818,0.0,2020-06-25,2020-06-25,,,,41.25,1000,0,1900.0,TCS,
CALL_EXPIRED,621466.840821818,0.0,2020-06-25,2020-06-25,,,,1.8,800,800,1600.0,KOTAKBANK,
SELL_PUT,1974545.1936438181,139.457504,2020-06-26,2020-07-30,True,505,8585,33.6,1010,0,1624.6,RELIANCE,48
SELL_CALL,150437.67298181818,29.745199999999997,2020-06-26,2020-07-30,True,3000,933000,0.3,6000,6000,290.0,SBIN,181
SELL_CALL,557983.8428068181,59.2763,2020-06-26,2020-07-30,True,1375,1375,3.8,2750,2750,485.0,ICICIBANK,1
SELL_CALL,321258.6044218182,305.05016,2020-06-26,2020-07-30,True,1200,354000,34.35,2400,2400,740.0,INFY,2654
SELL_PUT,2030565.980173718,187.27023259999996,2020-06-26,2020-07-30,True,1851,1075431,12.95,3702,0,530.0,BHARTIARTL,510
SELL_PUT,2035272.3287618181,105.63842,2020-06-26,2020-07-30,True,300,1200,26.7,900,0,1920.0,TCS,20
SELL_CALL,628778.113781818,48.727039999999995,2020-06-26,2020-07-30,True,400,134800,9.2,800,800,1600.0,KOTAKBANK,853
PUT_EXPIRED,1974545.1936438181,0.0,2020-07-30,2020-07-30,,,,33.6,1010,0,1624.6,RELIANCE,
CALL_EXPIRED,150437.67298181818,0.0,2020-07-30,2020-07-30,,,,0.3,6000,6000,290.0,SBIN,
CALL_EXPIRED,557983.8428068181,0.0,2020-07-30,2020-07-30,,,,3.8,2750,2750,485.0,ICICIBANK,
CALLED_AWAY,2095389.1188218181,1869.4856,2020-07-30,2020-07-30,,,,34.35,2400,0,740.0,INFY,
PUT_EXPIRED,2030565.980173718,0.0,2020-07-30,2020-07-30,,,,12.95,3702,0,530.0,BHARTIARTL,
PUT_EXPIRED,2035272.3287618181,0.0,2020-07-30,2020-07-30,,,,26.7,900,0,1920.0,TCS,
CALL_EXPIRED,628778.113781818,0.0,2020-07-30,2020-07-30,,,,9.2,800,800,1600.0,KOTAKBANK,
SELL_CALL,245720.53658181825,100.0736,2020-07-30,2020-08-27,True,4000,12000,2.8,8000,8000,210.0,ADANIENT,6
SELL_PUT,2004642.658054318,126.78558950000001,2020-07-31,2020-08-27,True,505,1554390,59.85,505,0,2000.0,RELIANCE,12849
SELL_PUT,2112287.5491018184,81.56972,2020-07-31,2020-08-27,True,1200,78000,14.15,1200,0,910.0,INFY,186
SELL_PUT,2075552.588912118,177.79126159999996,2020-07-31,2020-08-27,True,1851,953265,12.2,3702,0,530.0,BHARTIARTL,615
SELL_PUT,2064667.947481818,124.38127999999999,2020-07-31,2020-08-27,True,300,34800,32.8,900,0,2160.0,TCS,248
SELL_CALL,633976.624421818,41.48936,2020-07-31,2020-08-27,True,400,98800,6.55,800,800,1600.0,KOTAKBANK,426
PUT_EXPIRED,2004642.658054318,0.0,2020-08-27,2020-08-27,,,,59.85,505,0,2000.0,RELIANCE,
PUT_EXPIRED,2112287.5491018184,0.0,2020-08-27,2020-08-27,,,,14.15,1200,0,910.0,INFY,
ASSIGNED,111135.41285111802,2357.176061,2020-08-27,2020-08-27,,,,12.2,3702,3702,530.0,BHARTIARTL,
PUT_EXPIRED,2064667.947481818,0.0,2020-08-27,2020-08-27,,,,32.8,900,0,2160.0,TCS,
CALL_EXPIRED,633976.624421818,0.0,2020-08-27,2020-08-27,,,,6.55,800,800,1600.0,KOTAKBANK,
CALLED_AWAY,1923950.8285818181,1769.708,2020-08-27,2020-08-27,,,,2.8,8000,0,210.0,ADANIENT,
SELL_PUT,2020119.956698318,76.70135599999999,2020-08-28,2020-09-24,True,505,1568025,30.8,505,0,2000.0,RELIANCE,3699
SELL_PUT,2126853.9681418184,73.58095999999999,2020-08-28,2020-09-24,True,1200,747600,12.2,1200,0,900.0,INFY,733
SELL_CALL,173093.08390071802,235.92895040000005,2020-08-28,2020-09-24,True,1851,1527075,16.8,3702,3702,540.0,BHARTIARTL,2413
SELL_PUT,2089399.5437218181,108.40375999999999,2020-08-28,2020-09-24,True,300,40500,27.6,900,0,2140.0,TCS,184
SELL_CALL,647705.911221818,70.7132,2020-08-28,2020-09-24,True,400,2000,17.25,800,800,1580.0,KOTAKBANK,12
SELL_PUT,1963591.351381818,159.4772,2020-08-28,2020-09-24,True,4000,36000,9.95,4000,0,270.0,ADANIENT,6
SELL_CALL,562208.190631818,38.15217500000001,2020-08-31,2020-09-24,True,1375,325875,1.55,2750,2750,480.0,ICICIBANK,1208
PUT_EXPIRED,2020119.956698318,0.0,2020-09-24,2020-09-24,,,,30.8,505,0,2000.0,RELIANCE,
CALL_EXPIRED,562208.190631818,0.0,2020-09-24,2020-09-24,,,,1.55,2750,2750,480.0,ICICIBANK,
PUT_EXPIRED,2126853.9681418184,0.0,2020-09-24,2020-09-24,,,,12.2,1200,0,900.0,INFY,
CALL_EXPIRED,173093.08390071802,0.0,2020-09-24,2020-09-24,,,,16.8,3702,3702,540.0,BHARTIARTL,
PUT_EXPIRED,2089399.5437218181,0.0,2020-09-24,2020-09-24,,,,27.6,900,0,2140.0,TCS,
CALL_EXPIRED,647705.911221818,0.0,2020-09-24,2020-09-24,,,,17.25,800,800,1580.0,KOTAKBANK,
PUT_EXPIRED,1963591.351381818,0.0,2020-09-24,2020-09-24,,,,9.95,4000,0,270.0,ADANIENT,
SELL_PUT,2038591.747125818,86.9595725,2020-09-25,2020-10-29,True,505,111100,36.75,505,0,2080.0,RELIANCE,404
SELL_CALL,563691.926956818,28.763675000000003,2020-09-25,2020-10-29,True,1375,100375,0.55,2750,2750,480.0,ICICIBANK,42
SELL_PUT,2146981.337061818,92.63108,2020-09-25,2020-10-29,True,1200,32400,16.85,1200,0,930.0,INFY,75
SELL_CALL,187457.99325151803,72.89064919999998,2020-09-25,2020-10-29,True,1851,1373442,3.9,3702,3702,520.0,BHARTIARTL,859
SELL_PUT,2123459.1849218183,140.3588,2020-09-25,2020-10-29,True,300,3300,38.0,900,0,2220.0,TCS,22
SELL_CALL,649077.531621818,28.379599999999996,2020-09-25,2020-10-29,True,400,10000,1.75,800,800,1600.0,KOTAKBANK,13
SELL_PUT,1993266.014181818,125.3372,2020-09-25,2020-10-29,True,4000,20000,7.45,4000,0,255.0,ADANIENT,5
ASSIGNED,986918.853885818,1272.89324,2020-10-29,2020-10-29,,,,36.75,505,505,2080.0,RELIANCE,
CALL_EXPIRED,563691.926956818,0.0,2020-10-29,2020-10-29,,,,0.55,2750,2750,480.0,ICICIBANK,
PUT_EXPIRED,2146981.337061818,0.0,2020-10-29,2020-10-29,,,,16.85,1200,0,930.0,INFY,
CALL_EXPIRED,187457.99325151803,0.0,2020-10-29,2020-10-29,,,,3.9,3702,3702,520.0,BHARTIARTL,
PUT_EXPIRED,2123459.1849218183,0.0,2020-10-29,2020-10-29,,,,38.0,900,0,2220.0,TCS,
CALL_EXPIRED,649077.531621818,0.0,2020-10-29,2020-10-29,,,,1.75,800,800,1600.0,KOTAKBANK,
PUT_EXPIRED,1993266.014181818,0.0,2020-10-29,2020-10-29,,,,7.45,4000,0,255.0,ADANIENT,
SELL_CALL,1017167.301075318,127.3028105,2020-10-30,2020-11-26,True,505,259570,60.15,505,505,2140.0,RELIANCE,1858
SELL_CALL,569286.580531818,42.84642499999999,2020-10-30,2020-11-26,True,1375,279125,2.05,2750,2750,480.0,ICICIBANK,250
SELL_PUT,2181937.905661818,143.4314,2020-10-30,2020-11-26,True,600,90600,19.5,1800,0,1020.0,INFY,433
SELL_CALL,197764.60509311804,58.98815839999999,2020-10-30,2020-11-26,True,1851,1295700,2.8,3702,3702,520.0,BHARTIARTL,782
SELL_PUT,2135932.7733618184,66.41156000000001,2020-10-30,2020-11-26,True,300,308100,20.9,600,0,2500.0,TCS,2048
SELL_CALL,667510.704341818,86.82727999999999,2020-10-30,2020-11-26,True,400,48000,23.15,800,800,1660.0,KOTAKBANK,437
SELL_PUT,2044965.2275818181,200.7866,2020-10-30,2020-11-26,True,2000,58000,8.65,6000,0,310.0,ADANIENT,62
SELL_CALL,770370.2068068181,34.610150000000004,2020-11-05,2020-11-26,True,250,8000,12.9,250,250,4300.0,BAJFINANCE,52
SELL_CALL,246423.97554181813,48.1808,2020-11-12,2020-11-26,True,1200,42000,3.0,2400,2400,680.0,AXISBANK,49
SELL_CALL,152207.92778181817,29.745199999999997,2020-11-19,2020-11-26,True,3000,1044000,0.3,6000,6000,290.0,SBIN,956
CALL_EXPIRED,1017167.301075318,0.0,2020-11-26,2020-11-26,,,,60.15,505,505,2140.0,RELIANCE,
CALL_EXPIRED,152207.92778181817,0.0,2020-11-26,2020-11-26,,,,0.3,6000,6000,290.0,SBIN,
CALL_EXPIRED,569286.580531818,0.0,2020-11-26,2020-11-26,,,,2.05,2750,2750,480.0,ICICIBANK,
PUT_EXPIRED,2181937.905661818,0.0,2020-11-26,2020-11-26,,,,19.5,1800,0,1020.0,INFY,
CALL_EXPIRED,246423.97554181813,0.0,2020-11-26,2020-11-26,,,,3.0,2400,2400,680.0,AXISBANK,
CALL_EXPIRED,197764.60509311804,0.0,2020-11-26,2020-11-26,,,,2.8,3702,3702,520.0,BHARTIARTL,
CALLED_AWAY,1844229.305556818,1140.9012500000001,2020-11-26,2020-11-26,,,,12.9,250,0,4300.0,BAJFINANCE,
PUT_EXPIRED,2135932.7733618184,0.0,2020-11-26,2020-11-26,,,,20.9,600,0,2500.0,TCS,
CALLED_AWAY,1994106.847541818,1403.8568,2020-11-26,2020-11-26,,,,23.15,800,0,1660.0,KOTAKBANK,
PUT_EXPIRED,2044965.2275818181,0.0,2020-11-26,2020-11-26,,,,8.65,6000,0,310.0,ADANIENT,
SELL_CALL,1032367.797957818,75.7531175,2020-11-27,2020-12-31,True,505,2293205,30.25,505,505,2100.0,RELIANCE,5987
SELL_CALL,163545.40818181817,62.519600000000004,2020-11-27,2020-12-31,True,3000,3087000,1.9,6000,6000,290.0,SBIN,3327
SELL_CALL,601054.073931818,132.5066,2020-11-27,2020-12-31,True,1375,3139125,11.6,2750,2750,500.0,ICICIBANK,2940
SELL_PUT,2219495.563721818,152.34194000000002,2020-11-27,2020-12-31,True,600,320400,20.95,1800,0,1060.0,INFY,940
SELL_CALL,263980.1525818181,83.82296,2020-11-27,2020-12-31,True,1200,555600,7.35,2400,2400,680.0,AXISBANK,821
SELL_CALL,219692.70525651803,98.7998366,2020-11-27,2020-12-31,True,1851,1360485,5.95,3702,3702,520.0,BHARTIARTL,860
SELL_PUT,1877292.360756818,136.9448,2020-11-27,2020-12-31,True,250,115500,132.8,250,0,4600.0,BAJFINANCE,1543
SELL_PUT,2160156.1107418183,106.66262000000002,2020-11-27,2020-12-31,True,300,194100,40.55,600,0,2600.0,TCS,1585
SELL_PUT,2026253.0436218178,133.80391999999998,2020-11-27,2020-12-31,True,400,548000,40.35,800,0,1800.0,KOTAKBANK,2150
SELL_PUT,2100949.760781818,215.46679999999998,2020-11-27,2020-12-31,True,2000,52000,14.05,4000,0,380.0,ADANIENT,27
CALL_EXPIRED,1032367.797957818,0.0,2020-12-31,2020-12-31,,,,30.25,505,505,2100.0,RELIANCE,
CALL_EXPIRED,163545.40818181817,0.0,2020-12-31,2020-12-31,,,,1.9,6000,6000,290.0,SBIN,
CALLED_AWAY,1974601.367681818,1452.70625,2020-12-31,2020-12-31,,,,11.6,2750,0,500.0,ICICIBANK,
PUT_EXPIRED,2219495.563721818,0.0,2020-12-31,2020-12-31,,,,20.95,1800,0,1060.0,INFY,
CALL_EXPIRED,263980.1525818181,0.0,2020-12-31,2020-12-31,,,,7.35,2400,2400,680.0,AXISBANK,
CALL_EXPIRED,219692.70525651803,0.0,2020-12-31,2020-12-31,,,,5.95,3702,3702,520.0,BHARTIARTL,
PUT_EXPIRED,1877292.360756818,0.0,2020-12-31,2020-12-31,,,,132.8,250,0,4600.0,BAJFINANCE,
PUT_EXPIRED,2160156.1107418183,0.0,2020-12-31,2020-12-31,,,,40.55,600,0,2600.0,TCS,
PUT_EXPIRED,2026253.0436218178,0.0,2020-12-31,2020-12-31,,,,40.35,800,0,1800.0,KOTAKBANK,
PUT_EXPIRED,2100949.760781818,0.0,2020-12-31,2020-12-31,,,,14.05,4000,0,380.0,ADANIENT,
SELL_CALL,1050282.745957818,85.05199999999999,2021-01-01,2021-01-28,True,250,1974500,36.0,500,505,2100.0,RELIANCE,6595
SELL_CALL,211656.91198181818,188.49620000000004,2021-01-01,2021-01-28,True,3000,2724000,8.05,6000,6000,290.0,SBIN,2773
SELL_PUT,2002532.0049818181,119.36269999999998,2021-01-01,2021-01-28,True,1375,587125,10.2,2750,0,510.0,ICICIBANK,735
SELL_PUT,2262972.942621818,172.6211,2021-01-01,2021-01-28,True,600,931200,24.25,1800,0,1200.0,INFY,1118
SELL_CALL,284286.9069818181,93.2456,2021-01-01,2021-01-28,True,1200,306000,8.5,2400,2400,680.0,AXISBANK,399
SELL_CALL,265417.18626931804,180.3189872,2021-01-01,2021-01-28,True,1851,1427121,12.4,3702,3702,540.0,BHARTIARTL,1308
SELL_PUT,1905534.431181818,120.429575,2021-01-01,2021-01-28,True,250,169000,113.45,250,0,5000.0,BAJFINANCE,826
SELL_PUT,2174094.6806018185,71.43014000000001,2021-01-01,2021-01-28,True,300,282600,23.35,600,0,2700.0,TCS,1312
SELL_PUT,2049868.4635418179,104.58008,2021-01-01,2021-01-28,True,400,244400,29.65,800,0,1900.0,KOTAKBANK,711
SELL_PUT,2155140.439181818,209.3216,2021-01-01,2021-01-28,True,2000,114000,13.6,4000,0,460.0,ADANIENT,56
CALL_EXPIRED,1050282.745957818,0.0,2021-01-28,2021-01-28,,,,36.0,500,505,2100.0,RELIANCE,
CALL_EXPIRED,211656.91198181818,0.0,2021-01-28,2021-01-28,,,,8.05,6000,6000,290.0,SBIN,
PUT_EXPIRED,2002532.0049818181,0.0,2021-01-28,2021-01-28,,,,10.2,2750,0,510.0,ICICIBANK,
PUT_EXPIRED,2262972.942621818,0.0,2021-01-28,2021-01-28,,,,24.25,1800,0,1200.0,INFY,
CALL_EXPIRED,284286.9069818181,0.0,2021-01-28,2021-01-28,,,,8.5,2400,2400,680.0,AXISBANK,
CALLED_AWAY,2262395.8424713183,2101.3437980000003,2021-01-28,2021-01-28,,,,12.4,3702,0,540.0,BHARTIARTL,
ASSIGNED,654024.1436818179,1510.2875,2021-01-28,2021-01-28,,,,113.45,250,250,5000.0,BAJFINANCE,
PUT_EXPIRED,2174094.6806018185,0.0,2021-01-28,2021-01-28,,,,23.35,600,0,2700.0,TCS,
ASSIGNED,528037.0515418178,1831.412,2021-01-28,2021-01-28,,,,29.65,800,800,1900.0,KOTAKBANK,
PUT_EXPIRED,2155140.439181818,0.0,2021-01-28,2021-01-28,,,,13.6,4000,0,460.0,ADANIENT,
SELL_CALL,1061869.3728578181,63.37310000000001,2021-01-29,2021-02-25,True,250,706750,23.3,500,505,2050.0,RELIANCE,4950
SELL_CALL,272026.4235818182,230.48839999999998,2021-01-29,2021-02-25,True,3000,7299000,10.1,6000,6000,300.0,SBIN,5519
SELL_PUT,2027310.9390568181,108.56592500000002,2021-01-29,2021-02-25,True,1375,1394250,9.05,2750,0,500.0,ICICIBANK,1769
SELL_PUT,2315060.824561818,202.11805999999999,2021-01-29,2021-02-25,True,600,157800,29.05,1800,0,1220.0,INFY,1285
SELL_CALL,319422.8610618181,144.04592,2021-01-29,2021-02-25,True,1200,222000,14.7,2400,2400,710.0,AXISBANK,781
SELL_PUT,2336897.3421857185,278.90028559999996,2021-01-29,2021-02-25,True,1851,1808427,20.2,3702,0,540.0,BHARTIARTL,991
SELL_CALL,680846.0790568179,115.564625,2021-01-29,2021-02-25,True,250,108250,107.75,250,250,5100.0,BAJFINANCE,2305
SELL_PUT,2200978.9026018186,115.778,2021-01-29,2021-02-25,True,300,600,45.0,600,0,3040.0,TCS,1
SELL_CALL,543121.6953018178,75.35624,2021-01-29,2021-02-25,True,400,104800,18.95,800,800,1880.0,KOTAKBANK,566
SELL_PUT,2229661.4719818183,278.9672,2021-01-29,2021-02-25,True,2000,80000,18.7,4000,0,480.0,ADANIENT,76
SELL_CALL,469413.66951181815,50.177989999999994,2021-02-02,2021-02-25,True,900,34200,8.65,900,1200,1180.0,INDUSINDBK,137
CALLED_AWAY,2085780.439107818,1088.9337500000001,2021-02-25,2021-02-25,,,,23.3,500,5,2050.0,RELIANCE,
SELL_RESIDUAL_SHARES,2096440.6410819555,61.548025862500005,2021-02-25,2021-02-25,,,,0,5,0,2144.35,RELIANCE,
CALLED_AWAY,2070131.9935818182,1894.43,2021-02-25,2021-02-25,,,,10.1,6000,0,300.0,SBIN,
CALL_EXPIRED,469413.66951181815,0.0,2021-02-25,2021-02-25,,,,8.65,900,1200,1180.0,INDUSINDBK,
PUT_EXPIRED,2027310.9390568181,0.0,2021-02-25,2021-02-25,,,,9.05,2750,0,500.0,ICICIBANK,
PUT_EXPIRED,2315060.824561818,0.0,2021-02-25,2021-02-25,,,,29.05,1800,0,1220.0,INFY,
CALLED_AWAY,2021628.208661818,1794.6524,2021-02-25,2021-02-25,,,,14.7,2400,0,710.0,AXISBANK,
PUT_EXPIRED,2336897.3421857185,0.0,2021-02-25,2021-02-25,,,,20.2,3702,0,540.0,BHARTIARTL,
CALLED_AWAY,1954497.3078068178,1348.77125,2021-02-25,2021-02-25,,,,107.75,250,0,5100.0,BAJFINANCE,
ASSIGNED,374785.9282018186,2192.9744,2021-02-25,2021-02-25,,,,45.0,600,600,3040.0,TCS,
CALLED_AWAY,2045534.9129018178,1586.7823999999998,2021-02-25,2021-02-25,,,,18.95,800,0,1880.0,KOTAKBANK,
PUT_EXPIRED,2229661.4719818183,0.0,2021-02-25,2021-02-25,,,,18.7,4000,0,480.0,ADANIENT,
SELL_PUT,2157208.7870819555,231.854,2021-02-26,2021-03-25,True,250,143250,61.0,1000,0,2040.0,RELIANCE,2762
SELL_PUT,2122279.6706818184,202.3229,2021-02-26,2021-03-25,True,3000,399000,17.45,3000,0,385.0,SBIN,1035
SELL_CALL,493831.3411618181,107.32835,2021-02-26,2021-03-25,True,900,116100,27.25,900,1200,1180.0,INDUSINDBK,420
SELL_PUT,2107176.164281818,297.274775,2021-02-26,2021-03-25,True,1375,1500125,29.15,2750,0,600.0,ICICIBANK,4653
SELL_PUT,2368852.8685618183,207.956,2021-02-26,2021-03-25,True,600,172200,30.0,1800,0,1220.0,INFY,818
SELL_PUT,2112134.480901818,333.72776,2021-02-26,2021-03-25,True,1200,450000,37.85,2400,0,730.0,AXISBANK,2103
SELL_PUT,2414350.3309977185,289.011188,2021-02-26,2021-03-25,True,1851,2149011,21.0,3702,0,550.0,BHARTIARTL,2206
SELL_PUT,2020721.7621568178,250.54565,2021-02-26,2021-03-25,True,250,56750,265.9,250,0,5300.0,BAJFINANCE,1398
SELL_CALL,395152.4777618186,93.45044,2021-02-26,2021-03-25,True,300,45000,34.1,600,600,3160.0,TCS,410
SELL_PUT,2113159.570581818,255.34231999999997,2021-02-26,2021-03-25,True,400,224400,84.85,800,0,1800.0,KOTAKBANK,3006
SELL_PUT,2319928.5635818182,332.90840000000003,2021-02-26,2021-03-25,True,2000,310000,45.3,2000,0,800.0,ADANIENT,577
ASSIGNED,114758.9130819554,2449.874,2021-03-25,2021-03-25,,,,61.0,1000,1000,2040.0,RELIANCE,
ASSIGNED,965882.3714318185,1397.29925,2021-03-25,2021-03-25,,,,17.45,3000,3000,385.0,SBIN,
CALL_EXPIRED,493831.3411618181,0.0,2021-03-25,2021-03-25,,,,27.25,900,1200,1180.0,INDUSINDBK,
ASSIGNED,455190.136781818,1986.0275000000001,2021-03-25,2021-03-25,,,,29.15,2750,2750,600.0,ICICIBANK,
PUT_EXPIRED,2368852.8685618183,0.0,2021-03-25,2021-03-25,,,,30.0,1800,0,1220.0,INFY,
ASSIGNED,358027.1397018179,2107.3412,2021-03-25,2021-03-25,,,,37.85,2400,2400,730.0,AXISBANK,
ASSIGNED,375805.0954627185,2445.235535,2021-03-25,2021-03-25,,,,21.0,3702,3702,550.0,BHARTIARTL,
ASSIGNED,694122.2734068178,1599.48875,2021-03-25,2021-03-25,,,,265.9,250,250,5300.0,BAJFINANCE,
CALL_EXPIRED,395152.4777618186,0.0,2021-03-25,2021-03-25,,,,34.1,600,600,3160.0,TCS,
ASSIGNED,671423.306581818,1736.2640000000001,2021-03-25,2021-03-25,,,,84.85,800,800,1800.0,KOTAKBANK,
PUT_EXPIRED,2319928.5635818182,0.0,2021-03-25,2021-03-25,,,,45.3,2000,0,800.0,ADANIENT,
SELL_CALL,154798.0702819554,160.8428,2021-03-26,2021-04-29,True,250,1808000,40.2,1000,1000,2100.0,RELIANCE,12215
SELL_CALL,995606.8635318185,125.50789999999998,2021-03-26,2021-04-29,True,3000,891000,9.95,3000,3000,375.0,SBIN,1296
SELL_CALL,498337.2245318181,39.11663,2021-03-26,2021-04-29,True,900,64800,5.05,900,1200,1180.0,INDUSINDBK,141
SELL_CALL,489013.088806818,139.54797499999998,2021-03-26,2021-04-29,True,1375,625625,12.35,2750,2750,610.0,ICICIBANK,1725
SELL_PUT,2400221.7275618184,131.141,2021-03-26,2021-04-29,True,600,297000,17.5,1800,0,1260.0,INFY,568
SELL_CALL,405720.07738181786,187.06231999999997,2021-03-26,2021-04-29,True,1200,418800,19.95,2400,2400,730.0,AXISBANK,946
SELL_CALL,423189.7890929185,186.0063698,2021-03-26,2021-04-29,True,1851,1621476,12.85,3702,3702,540.0,BHARTIARTL,1800
SELL_CALL,732118.4293068178,153.8441,2021-03-26,2021-04-29,True,250,123000,152.6,250,250,5400.0,BAJFINANCE,1309
SELL_CALL,431902.90116181865,149.57659999999998,2021-03-26,2021-04-29,True,300,26700,61.5,600,600,3220.0,TCS,247
SELL_CALL,698905.480181818,117.8264,2021-03-26,2021-04-29,True,400,181600,34.5,800,800,1860.0,KOTAKBANK,538
SELL_PUT,2398136.9645818183,291.599,2021-03-26,2021-04-29,True,2000,230000,39.25,2000,0,940.0,ADANIENT,161
CALL_EXPIRED,154798.0702819554,0.0,2021-04-29,2021-04-29,,,,40.2,1000,1000,2100.0,RELIANCE,
CALL_EXPIRED,995606.8635318185,0.0,2021-04-29,2021-04-29,,,,9.95,3000,3000,375.0,SBIN,
CALL_EXPIRED,498337.2245318181,0.0,2021-04-29,2021-04-29,,,,5.05,900,1200,1180.0,INDUSINDBK,
CALLED_AWAY,2164745.9791818177,1767.109625,2021-04-29,2021-04-29,,,,12.35,2750,0,610.0,ICICIBANK,
PUT_EXPIRED,2400221.7275618184,0.0,2021-04-29,2021-04-29,,,,17.5,1800,0,1260.0,INFY,
CALL_EXPIRED,405720.07738181786,0.0,2021-04-29,2021-04-29,,,,19.95,2400,2400,730.0,AXISBANK,
CALLED_AWAY,2420168.4452949185,2101.3437980000003,2021-04-29,2021-04-29,,,,12.85,3702,0,540.0,BHARTIARTL,
CALLED_AWAY,2080691.706806818,1426.7224999999999,2021-04-29,2021-04-29,,,,152.6,250,0,5400.0,BAJFINANCE,
CALL_EXPIRED,431902.90116181865,0.0,2021-04-29,2021-04-29,,,,61.5,600,600,3220.0,TCS,
CALL_EXPIRED,698905.480181818,0.0,2021-04-29,2021-04-29,,,,34.5,800,800,1860.0,KOTAKBANK,
PUT_EXPIRED,2398136.9645818183,0.0,2021-04-29,2021-04-29,,,,39.25,2000,0,940.0,ADANIENT,
SELL_CALL,183775.1228819554,122.9474,2021-04-30,2021-05-27,True,250,244000,29.1,1000,1000,2140.0,RELIANCE,2952
SELL_CALL,1018753.8880318184,102.9755,2021-04-30,2021-05-27,True,1500,3886500,7.75,3000,3000,380.0,SBIN,5848
SELL_CALL,502080.71961181815,36.50492,2021-04-30,2021-05-27,True,900,242100,4.2,900,1200,1200.0,INDUSINDBK,654
SELL_PUT,2209257.316056818,176.163125,2021-04-30,2021-05-27,True,1375,460625,16.25,2750,0,590.0,ICICIBANK,2022
SELL_PUT,2420648.0722818184,93.65528,2021-04-30,2021-05-27,True,600,346800,11.4,1800,0,1280.0,INFY,1112
SELL_CALL,436670.3702618179,129.70712,2021-04-30,2021-05-27,True,1200,620400,12.95,2400,2400,760.0,AXISBANK,2382
SELL_PUT,2447261.6513791187,116.4939158,2021-04-30,2021-05-27,True,1851,536790,7.35,3702,0,510.0,BHARTIARTL,451
SELL_PUT,2132166.688356818,200.01845000000003,2021-04-30,2021-05-27,True,125,146750,137.8,375,0,5200.0,BAJFINANCE,3688
SELL_CALL,444555.87508181867,67.02608000000001,2021-04-30,2021-05-27,True,300,8700,21.2,600,600,3280.0,TCS,55
SELL_CALL,716660.974421818,84.50576000000001,2021-04-30,2021-05-27,True,400,356400,22.3,800,800,1900.0,KOTAKBANK,1322
SELL_PUT,2499665.4779818184,371.4866,2021-04-30,2021-05-27,True,1000,34000,50.95,2000,0,1120.0,ADANIENT,72
CALL_EXPIRED,183775.1228819554,0.0,2021-05-27,2021-05-27,,,,29.1,1000,1000,2140.0,RELIANCE,
CALLED_AWAY,2157545.429031818,1208.459,2021-05-27,2021-05-27,,,,7.75,3000,0,380.0,SBIN,
CALL_EXPIRED,502080.71961181815,0.0,2021-05-27,2021-05-27,,,,4.2,900,1200,1200.0,INDUSINDBK,
PUT_EXPIRED,2209257.316056818,0.0,2021-05-27,2021-05-27,,,,16.25,2750,0,590.0,ICICIBANK,
PUT_EXPIRED,2420648.0722818184,0.0,2021-05-27,2021-05-27,,,,11.4,1800,0,1280.0,INFY,
CALL_EXPIRED,436670.3702618179,0.0,2021-05-27,2021-05-27,,,,12.95,2400,2400,760.0,AXISBANK,
PUT_EXPIRED,2447261.6513791187,0.0,2021-05-27,2021-05-27,,,,7.35,3702,0,510.0,BHARTIARTL,
PUT_EXPIRED,2132166.688356818,0.0,2021-05-27,2021-05-27,,,,137.8,375,0,5200.0,BAJFINANCE,
CALL_EXPIRED,453555.87508181867,0.0,2021-05-27,2021-05-27,,,,21.2,600,600,3280.0,TCS,
CALL_EXPIRED,716660.974421818,0.0,2021-05-27,2021-05-27,,,,22.3,800,800,1900.0,KOTAKBANK,
PUT_EXPIRED,2499665.4779818184,0.0,2021-05-27,2021-05-27,,,,50.95,2000,0,1120.0,ADANIENT,
SELL_CALL,261136.42578195542,288.69710000000003,2021-05-28,2021-06-24,True,250,350500,77.65,1000,1000,2080.0,RELIANCE,22480
SELL_PUT,2208646.690831818,198.73819999999998,2021-05-28,2021-06-24,True,1500,511500,11.4,4500,0,405.0,SBIN,773
SELL_CALL,507304.14490181813,41.57471,2021-05-28,2021-06-24,True,900,186300,5.85,900,1200,1200.0,INDUSINDBK,753
SELL_PUT,2237187.953356818,119.36269999999998,2021-05-28,2021-06-24,True,1375,726000,10.2,2750,0,620.0,ICICIBANK,1296
SELL_PUT,2442150.7298818184,97.34240000000001,2021-05-28,2021-06-24,True,600,595800,12.0,1800,0,1340.0,INFY,1271
SELL_CALL,461162.7858618179,107.5844,2021-05-28,2021-06-24,True,1200,171600,10.25,2400,2400,790.0,AXISBANK,545
SELL_PUT,2461995.496867119,74.154512,2021-05-28,2021-06-24,True,1851,562704,4.0,3702,0,490.0,BHARTIARTL,513
SELL_PUT,2182408.394731818,195.793625,2021-05-28,2021-06-24,True,125,62875,134.5,375,0,5400.0,BAJFINANCE,1236
SELL_CALL,465521.2046618187,64.67042,2021-05-28,2021-06-24,True,300,112800,20.05,600,600,3350.0,TCS,976
SELL_CALL,741033.799701818,107.17472,2021-05-28,2021-06-24,True,400,84000,30.6,800,800,1880.0,KOTAKBANK,1075
SELL_PUT,2543441.8326818184,173.6453,2021-05-28,2021-06-24,True,1000,106000,43.95,1000,0,1260.0,ADANIENT,182
CALLED_AWAY,2345950.977781955,2185.448,2021-06-24,2021-06-24,,,,77.65,1000,0,2080.0,RELIANCE,
PUT_EXPIRED,2208646.690831818,0.0,2021-06-24,2021-06-24,,,,11.4,4500,0,405.0,SBIN,
CALL_EXPIRED,507304.14490181813,0.0,2021-06-24,2021-06-24,,,,5.85,900,1200,1200.0,INDUSINDBK,
PUT_EXPIRED,2237187.953356818,0.0,2021-06-24,2021-06-24,,,,10.2,2750,0,620.0,ICICIBANK,
PUT_EXPIRED,2442150.7298818184,0.0,2021-06-24,2021-06-24,,,,12.0,1800,0,1340.0,INFY,
CALL_EXPIRED,461162.7858618179,0.0,2021-06-24,2021-06-24,,,,10.25,2400,2400,790.0,AXISBANK,
PUT_EXPIRED,2461995.496867119,0.0,2021-06-24,2021-06-24,,,,4.0,3702,0,490.0,BHARTIARTL,
PUT_EXPIRED,2182408.394731818,0.0,2021-06-24,2021-06-24,,,,134.5,375,0,5400.0,BAJFINANCE,
CALLED_AWAY,2473408.5111618186,2112.6935000000003,2021-06-24,2021-06-24,,,,20.05,600,0,3350.0,TCS,
CALL_EXPIRED,741033.799701818,0.0,2021-06-24,2021-06-24,,,,30.6,800,800,1880.0,KOTAKBANK,
PUT_EXPIRED,2543441.8326818184,0.0,2021-06-24,2021-06-24,,,,43.95,1000,0,1260.0,ADANIENT,
SELL_PUT,2383299.352781955,151.625,2021-06-25,2021-07-29,True,250,429750,37.5,1000,0,2040.0,RELIANCE,6914
SELL_PUT,2222077.0018318184,69.689,2021-06-25,2021-07-29,True,1500,300000,3.0,4500,0,395.0,SBIN,788
SELL_CALL,513020.8802618181,43.26464,2021-06-25,2021-07-29,True,900,31500,6.4,900,1200,1180.0,INDUSINDBK,39
SELL_PUT,2247578.677056818,59.2763,2021-06-25,2021-07-29,True,1375,1504250,3.8,2750,0,600.0,ICICIBANK,1397
SELL_PUT,2458092.4376018182,78.29227999999999,2021-06-25,2021-07-29,True,600,327600,13.35,1200,0,1480.0,INFY,1366
SELL_CALL,497614.2334618179,148.5524,2021-06-25,2021-07-29,True,1200,1514400,15.25,2400,2400,780.0,AXISBANK,4680
SELL_PUT,2475622.533943519,70.3629236,2021-06-25,2021-07-29,True,1851,2780202,3.7,3702,0,500.0,BHARTIARTL,1187
SELL_PUT,2213478.2779318183,130.1168,2021-06-25,2021-07-29,True,125,47250,83.2,375,0,5700.0,BAJFINANCE,697
SELL_PUT,2492997.723641819,90.78752,2021-06-25,2021-07-29,True,300,298200,32.8,600,0,3200.0,TCS,1587
SELL_CALL,757115.029461818,78.77023999999999,2021-06-25,2021-07-29,True,400,221200,20.2,800,800,1840.0,KOTAKBANK,1726
SELL_PUT,2599924.6588818184,217.1738,2021-06-25,2021-07-29,True,1000,41000,56.7,1000,0,1440.0,ADANIENT,123
PUT_EXPIRED,2383299.352781955,0.0,2021-07-29,2021-07-29,,,,37.5,1000,0,2040.0,RELIANCE,
PUT_EXPIRED,2222077.0018318184,0.0,2021-07-29,2021-07-29,,,,3.0,4500,0,395.0,SBIN,
CALL_EXPIRED,513020.8802618181,0.0,2021-07-29,2021-07-29,,,,6.4,900,1200,1180.0,INDUSINDBK,
PUT_EXPIRED,2247578.677056818,0.0,2021-07-29,2021-07-29,,,,3.8,2750,0,600.0,ICICIBANK,
PUT_EXPIRED,2458092.4376018182,0.0,2021-07-29,2021-07-29,,,,13.35,1200,0,1480.0,INFY,
CALL_EXPIRED,497614.2334618179,0.0,2021-07-29,2021-07-29,,,,15.25,2400,2400,780.0,AXISBANK,
PUT_EXPIRED,2475622.533943519,0.0,2021-07-29,2021-07-29,,,,3.7,3702,0,500.0,BHARTIARTL,
PUT_EXPIRED,2213478.2779318183,0.0,2021-07-29,2021-07-29,,,,83.2,375,0,5700.0,BAJFINANCE,
ASSIGNED,570690.5716418189,2307.152,2021-07-29,2021-07-29,,,,32.8,600,600,3200.0,TCS,
CALL_EXPIRED,757115.029461818,0.0,2021-07-29,2021-07-29,,,,20.2,800,800,1840.0,KOTAKBANK,
ASSIGNED,1158188.3948818184,1736.2640000000001,2021-07-29,2021-07-29,,,,56.7,1000,1000,1440.0,ADANIENT,
SELL_PUT,2398822.4943819554,76.8584,2021-07-30,2021-08-26,True,250,416000,15.6,1000,0,1960.0,RELIANCE,2333
SELL_PUT,2267572.467381818,179.53445,2021-07-30,2021-08-26,True,1500,3058500,10.15,4500,0,420.0,SBIN,5408
SELL_CALL,515463.8306118181,32.04965,2021-07-30,2021-08-26,True,900,15300,2.75,900,1200,1180.0,INDUSINDBK,33
SELL_PUT,2263998.746056818,79.931,2021-07-30,2021-08-26,True,1375,1318625,6.0,2750,0,650.0,ICICIBANK,1296
SELL_PUT,2467755.653521818,56.78408,2021-07-30,2021-08-26,True,600,578400,8.1,1200,0,1540.0,INFY,1590
SELL_CALL,512300.2428218179,73.99063999999998,2021-07-30,2021-08-26,True,1200,1945200,6.15,2400,2400,760.0,AXISBANK,1738
SELL_PUT,2501239.995478919,111.4384646,2021-07-30,2021-08-26,True,1851,1279041,6.95,3702,0,540.0,BHARTIARTL,966
SELL_PUT,2245731.607006818,134.170925,2021-07-30,2021-08-26,True,125,93750,129.55,250,0,6100.0,BAJFINANCE,1884
SELL_CALL,577244.4392418189,46.1324,2021-07-30,2021-08-26,True,300,20700,11.0,600,600,3380.0,TCS,349
SELL_CALL,768293.0561018181,61.97336,2021-07-30,2021-08-26,True,400,631600,14.05,800,800,1740.0,KOTAKBANK,1642
SELL_CALL,1207097.1674818185,191.22740000000002,2021-07-30,2021-08-26,True,1000,101000,49.1,1000,1000,1480.0,ADANIENT,259
PUT_EXPIRED,2398822.4943819554,0.0,2021-08-26,2021-08-26,,,,15.6,1000,0,1960.0,RELIANCE,
ASSIGNED,375300.99588181823,2271.4715,2021-08-26,2021-08-26,,,,10.15,4500,4500,420.0,SBIN,
CALL_EXPIRED,521463.8306118181,0.0,2021-08-26,2021-08-26,,,,2.75,900,1200,1180.0,INDUSINDBK,
PUT_EXPIRED,2263998.746056818,0.0,2021-08-26,2021-08-26,,,,6.0,2750,0,650.0,ICICIBANK,
PUT_EXPIRED,2467755.653521818,0.0,2021-08-26,2021-08-26,,,,8.1,1200,0,1540.0,INFY,
CALL_EXPIRED,512300.2428218179,0.0,2021-08-26,2021-08-26,,,,6.15,2400,2400,760.0,AXISBANK,
PUT_EXPIRED,2501239.995478919,0.0,2021-08-26,2021-08-26,,,,6.95,3702,0,540.0,BHARTIARTL,
PUT_EXPIRED,2245731.607006818,0.0,2021-08-26,2021-08-26,,,,129.55,250,0,6100.0,BAJFINANCE,
CALLED_AWAY,2603113.037441819,2131.4017999999996,2021-08-26,2021-08-26,,,,11.0,600,0,3380.0,TCS,
CALL_EXPIRED,769013.0561018181,0.0,2021-08-26,2021-08-26,,,,14.05,800,800,1740.0,KOTAKBANK,
CALL_EXPIRED,1207097.1674818185,0.0,2021-08-26,2021-08-26,,,,49.1,1000,1000,1480.0,ADANIENT,
SELL_PUT,2415591.3684819555,81.1259,2021-08-27,2021-09-30,True,250,166750,16.85,1000,0,2120.0,RELIANCE,1475
SELL_CALL,401288.29048181826,112.7054,2021-08-27,2021-09-30,True,1500,511500,5.8,4500,4500,435.0,SBIN,691
SELL_CALL,523906.7809618181,32.04965,2021-08-27,2021-09-30,True,900,109800,2.75,900,1200,1200.0,INDUSINDBK,156
SELL_PUT,2277952.264706818,71.48134999999999,2021-08-27,2021-09-30,True,1375,662750,5.1,2750,0,660.0,ICICIBANK,667
SELL_PUT,2483099.409641818,76.24387999999999,2021-08-27,2021-09-30,True,600,210000,12.85,1200,0,1640.0,INFY,889
SELL_CALL,528660.5166618179,79.72616000000001,2021-08-27,2021-09-30,True,1200,283200,6.85,2400,2400,790.0,AXISBANK,879
SELL_PUT,2272715.487606818,116.1194,2021-08-27,2021-09-30,True,125,58875,108.4,250,0,6600.0,BAJFINANCE,788
SELL_PUT,2614988.674281819,64.36316000000001,2021-08-27,2021-09-30,True,300,17400,19.9,600,0,3480.0,TCS,368
SELL_CALL,783659.2020218181,73.85408,2021-08-27,2021-09-30,True,400,896800,18.4,800,800,1800.0,KOTAKBANK,3257
SELL_CALL,1260042.1133818184,205.05409999999998,2021-08-27,2021-09-30,True,1000,166000,53.15,1000,1000,1560.0,ADANIENT,756
SELL_PUT,2530913.4623757186,125.33310320000001,2021-09-27,2021-10-28,True,1886,843042,15.8,1886,0,687.1,BHARTIARTL,255
PUT_EXPIRED,2415591.3684819555,0.0,2021-09-30,2021-09-30,,,,16.85,1000,0,2120.0,RELIANCE,
CALLED_AWAY,2356730.162856818,2058.127625,2021-09-30,2021-09-30,,,,5.8,4500,0,435.0,SBIN,
CALL_EXPIRED,523906.7809618181,0.0,2021-09-30,2021-09-30,,,,2.75,900,1200,1200.0,INDUSINDBK,
PUT_EXPIRED,2277952.264706818,0.0,2021-09-30,2021-09-30,,,,5.1,2750,0,660.0,ICICIBANK,
PUT_EXPIRED,2483099.409641818,0.0,2021-09-30,2021-09-30,,,,12.85,1200,0,1640.0,INFY,
CALL_EXPIRED,528660.5166618179,0.0,2021-09-30,2021-09-30,,,,6.85,2400,2400,790.0,AXISBANK,
PUT_EXPIRED,2272715.487606818,0.0,2021-09-30,2021-09-30,,,,108.4,250,0,6600.0,BAJFINANCE,
PUT_EXPIRED,2614988.674281819,0.0,2021-09-30,2021-09-30,,,,19.9,600,0,3480.0,TCS,
CALLED_AWAY,2222138.938021818,1520.2640000000001,2021-09-30,2021-09-30,,,,18.4,800,0,1800.0,KOTAKBANK,
CALL_EXPIRED,1260042.1133818184,0.0,2021-09-30,2021-09-30,,,,53.15,1000,1000,1560.0,ADANIENT,
SELL_PUT,2443173.2006819556,118.1678,2021-10-01,2021-10-28,True,250,906750,27.7,1000,0,2400.0,RELIANCE,5846
SELL_PUT,2395498.6729068183,156.48995000000002,2021-10-01,2021-10-28,True,1500,1276500,8.65,4500,0,430.0,SBIN,1610
SELL_CALL,542987.7345818181,89.04638,2021-10-01,2021-10-28,True,900,263700,21.3,900,1200,1180.0,INDUSINDBK,491
SELL_PUT,2313282.553056818,144.71165,2021-10-01,2021-10-28,True,1375,644875,12.9,2750,0,670.0,ICICIBANK,865
SELL_PUT,2523975.699081818,163.71056,2021-10-01,2021-10-28,True,600,1693200,34.2,1200,0,1600.0,INFY,1259
SELL_CALL,565351.1449018179,149.37176000000002,2021-10-01,2021-10-28,True,1200,824400,15.35,2400,2400,810.0,AXISBANK,1154
SELL_PUT,2329733.978781818,219.00882500000003,2021-10-01,2021-10-28,True,125,30625,228.95,250,0,7300.0,BAJFINANCE,603
SELL_PUT,2656612.4032218186,166.27105999999998,2021-10-01,2021-10-28,True,300,307500,69.65,600,0,3600.0,TCS,942
SELL_PUT,2245475.313861818,103.62415999999999,2021-10-01,2021-10-28,True,400,324400,29.3,800,0,1900.0,KOTAKBANK,1733
SELL_CALL,1307854.6413818183,187.472,2021-10-01,2021-10-28,True,1000,218000,48.0,1000,1000,1560.0,ADANIENT,447
PUT_EXPIRED,2443173.2006819556,0.0,2021-10-28,2021-10-28,,,,27.7,1000,0,2400.0,RELIANCE,
PUT_EXPIRED,2395498.6729068183,0.0,2021-10-28,2021-10-28,,,,8.65,4500,0,430.0,SBIN,
CALL_EXPIRED,542987.7345818181,0.0,2021-10-28,2021-10-28,,,,21.3,900,1200,1180.0,INDUSINDBK,
PUT_EXPIRED,2313282.553056818,0.0,2021-10-28,2021-10-28,,,,12.9,2750,0,670.0,ICICIBANK,
PUT_EXPIRED,2523975.699081818,0.0,2021-10-28,2021-10-28,,,,34.2,1200,0,1600.0,INFY,
CALL_EXPIRED,565351.1449018179,0.0,2021-10-28,2021-10-28,,,,15.35,2400,2400,810.0,AXISBANK,
PUT_EXPIRED,2530913.4623757186,0.0,2021-10-28,2021-10-28,,,,15.8,1886,0,687.1,BHARTIARTL,
PUT_EXPIRED,2329733.978781818,0.0,2021-10-28,2021-10-28,,,,228.95,250,0,7300.0,BAJFINANCE,
ASSIGNED,494019.8072218187,2592.596,2021-10-28,2021-10-28,,,,69.65,600,600,3600.0,TCS,
PUT_EXPIRED,2245475.313861818,0.0,2021-10-28,2021-10-28,,,,29.3,800,0,1900.0,KOTAKBANK,
CALL_EXPIRED,1307854.6413818183,0.0,2021-10-28,2021-10-28,,,,48.0,1000,1000,1560.0,ADANIENT,
SELL_PUT,2472374.4851319557,123.71555000000001,2021-10-29,2021-11-25,True,250,49000,39.1,750,0,2460.0,RELIANCE,2046
SELL_PUT,2458484.2227568184,239.45014999999998,2021-10-29,2021-11-25,True,1500,361500,14.05,4500,0,475.0,SBIN,685
SELL_CALL,562203.2273118182,89.50727,2021-10-29,2021-11-25,True,900,657000,21.45,900,1200,1240.0,INDUSINDBK,1278
SELL_PUT,2339020.701156818,111.8519,2021-10-29,2021-11-25,True,1375,1299375,9.4,2750,0,760.0,ICICIBANK,2258
SELL_PUT,2564239.088131818,161.61095,2021-10-29,2021-11-25,True,300,122700,26.95,1500,0,1620.0,INFY,1538
SELL_CALL,592354.9572218179,116.18768,2021-10-29,2021-11-25,True,1200,6712800,11.3,2400,2400,800.0,AXISBANK,10434
SELL_PUT,2568481.086295719,152.37608,2021-10-29,2021-11-25,True,1886,1886,10.0,3772,0,655.0,BHARTIARTL,1
SELL_PUT,2375428.7615318177,180.21725,2021-10-29,2021-11-25,True,125,31375,183.5,250,0,7100.0,BAJFINANCE,536
SELL_CALL,515941.0309418187,98.77627999999999,2021-10-29,2021-11-25,True,150,1454250,36.7,600,600,3600.0,TCS,13774
SELL_PUT,2279335.637861818,139.676,2021-10-29,2021-11-25,True,400,331200,42.5,800,0,2000.0,KOTAKBANK,3761
SELL_CALL,1356763.4139818184,191.22740000000002,2021-10-29,2021-11-25,True,500,124000,49.1,1000,1000,1480.0,ADANIENT,770
PUT_EXPIRED,2472374.4851319557,0.0,2021-11-25,2021-11-25,,,,39.1,750,0,2460.0,RELIANCE,
PUT_EXPIRED,2458484.2227568184,0.0,2021-11-25,2021-11-25,,,,14.05,4500,0,475.0,SBIN,
CALL_EXPIRED,562203.2273118182,0.0,2021-11-25,2021-11-25,,,,21.45,900,1200,1240.0,INDUSINDBK,
ASSIGNED,246511.35965681775,2509.3415,2021-11-25,2021-11-25,,,,9.4,2750,2750,760.0,ICICIBANK,
PUT_EXPIRED,2564239.088131818,0.0,2021-11-25,2021-11-25,,,,26.95,1500,0,1620.0,INFY,
CALL_EXPIRED,592354.9572218179,0.0,2021-11-25,2021-11-25,,,,11.3,2400,2400,800.0,AXISBANK,
PUT_EXPIRED,2568481.086295719,0.0,2021-11-25,2021-11-25,,,,10.0,3772,0,655.0,BHARTIARTL,
PUT_EXPIRED,2375428.7615318177,0.0,2021-11-25,2021-11-25,,,,183.5,250,0,7100.0,BAJFINANCE,
CALL_EXPIRED,515941.0309418187,0.0,2021-11-25,2021-11-25,,,,36.7,600,600,3600.0,TCS,
PUT_EXPIRED,2279335.637861818,0.0,2021-11-25,2021-11-25,,,,42.5,800,0,2000.0,KOTAKBANK,
CALLED_AWAY,2835201.575981818,1561.838,2021-11-25,2021-11-25,,,,49.1,1000,0,1480.0,ADANIENT,
SELL_PUT,2520685.3061319557,189.17899999999997,2021-11-26,2021-12-30,True,250,211500,48.5,1000,0,2360.0,RELIANCE,3767
SELL_PUT,2527748.2644068184,260.95835,2021-11-26,2021-12-30,True,1500,205500,15.45,4500,0,465.0,SBIN,1279
SELL_CALL,564421.9458118181,31.2815,2021-11-26,2021-12-30,True,900,23400,2.5,900,1200,1180.0,INDUSINDBK,2
SELL_CALL,261972.21463181774,76.645025,2021-11-26,2021-12-30,True,1375,790625,5.65,2750,2750,790.0,ICICIBANK,1010
SELL_PUT,2596579.618481818,134.46964999999997,2021-11-26,2021-12-30,True,300,191400,21.65,1500,0,1640.0,INFY,1580
SELL_CALL,607638.918181818,76.03904,2021-11-26,2021-12-30,True,1200,2080800,6.4,2400,2400,720.0,AXISBANK,2338
SELL_PUT,2609056.0081293187,162.6781664,2021-11-26,2021-12-30,True,1886,550712,21.6,1886,0,730.0,BHARTIARTL,1180
SELL_PUT,2438675.915206818,240.346325,2021-11-26,2021-12-30,True,125,79125,253.95,250,0,6800.0,BAJFINANCE,5193
SELL_CALL,531195.0943218187,75.93662,2021-11-26,2021-12-30,True,150,21150,25.55,600,600,3620.0,TCS,692
SELL_PUT,2317142.442421818,153.19544000000002,2021-11-26,2021-12-30,True,400,85600,47.45,800,0,1940.0,KOTAKBANK,1018
SELL_PUT,2974575.442731818,501.13325000000003,2021-11-26,2021-12-30,True,500,52500,93.25,1500,0,1680.0,ADANIENT,395
ASSIGNED,157854.8401319557,2830.466,2021-12-30,2021-12-30,,,,48.5,1000,1000,2360.0,RELIANCE,
ASSIGNED,432735.9495318185,2512.314875,2021-12-30,2021-12-30,,,,15.45,4500,4500,465.0,SBIN,
CALL_EXPIRED,564421.9458118181,0.0,2021-12-30,2021-12-30,,,,2.5,900,1200,1180.0,INDUSINDBK,
CALL_EXPIRED,261972.21463181774,0.0,2021-12-30,2021-12-30,,,,5.65,2750,2750,790.0,ICICIBANK,
PUT_EXPIRED,2596579.618481818,0.0,2021-12-30,2021-12-30,,,,21.65,1500,0,1640.0,INFY,
CALL_EXPIRED,607638.918181818,0.0,2021-12-30,2021-12-30,,,,6.4,2400,2400,720.0,AXISBANK,
ASSIGNED,1230614.9348363187,1661.0732930000001,2021-12-30,2021-12-30,,,,21.6,1886,1886,730.0,BHARTIARTL,
PUT_EXPIRED,2438675.915206818,0.0,2021-12-30,2021-12-30,,,,253.95,250,0,6800.0,BAJFINANCE,
CALLED_AWAY,2700914.0261218185,2281.0682,2021-12-30,2021-12-30,,,,25.55,600,0,3620.0,TCS,
ASSIGNED,763272.9712218181,1869.4712,2021-12-30,2021-12-30,,,,47.45,800,800,1940.0,KOTAKBANK,
PUT_EXPIRED,2974575.442731818,0.0,2021-12-30,2021-12-30,,,,93.25,1500,0,1680.0,ADANIENT,
SELL_CALL,187728.8201319557,126.02000000000001,2021-12-31,2022-01-27,True,250,200500,30.0,1000,1000,2480.0,RELIANCE,2392
SELL_CALL,472401.3869818185,159.56255000000002,2021-12-31,2022-01-27,True,1500,555000,8.85,4500,4500,475.0,SBIN,927
SELL_CALL,565519.5050618182,27.440749999999998,2021-12-31,2022-01-27,True,900,93600,1.25,900,1200,1200.0,INDUSINDBK,45
SELL_CALL,284969.75123181776,102.46340000000001,2021-12-31,2022-01-27,True,1375,1802625,8.4,2750,2750,780.0,ICICIBANK,1749
SELL_PUT,2618740.022841818,99.59564,2021-12-31,2022-01-27,True,300,829200,18.55,1200,0,1800.0,INFY,4116
SELL_CALL,630696.249941818,102.66824000000001,2021-12-31,2022-01-27,True,1200,567600,9.65,2400,2400,710.0,AXISBANK,975
SELL_CALL,1237692.0100863187,47.92475,2021-12-31,2022-01-27,True,950,1642550,7.5,950,1886,720.0,BHARTIARTL,3319
SELL_PUT,2463523.364569318,108.8006375,2021-12-31,2022-01-27,True,125,113875,66.55,375,0,6500.0,BAJFINANCE,1006
SELL_PUT,2723313.6111218184,100.41499999999999,2021-12-31,2022-01-27,True,150,15000,30.0,750,0,3540.0,TCS,196
SELL_CALL,777839.3902618181,73.58095999999999,2021-12-31,2022-01-27,True,400,534800,18.3,800,800,1900.0,KOTAKBANK,2622
SELL_PUT,3015436.7833818183,163.65935,2021-12-31,2022-01-27,True,500,155500,27.35,1500,0,1620.0,ADANIENT,407
CALL_EXPIRED,187728.8201319557,0.0,2022-01-27,2022-01-27,,,,30.0,1000,1000,2480.0,RELIANCE,
CALLED_AWAY,2607656.1763568185,2245.2106249999997,2022-01-27,2022-01-27,,,,8.85,4500,0,475.0,SBIN,
CALL_EXPIRED,565519.5050618182,0.0,2022-01-27,2022-01-27,,,,1.25,900,1200,1200.0,INDUSINDBK,
CALLED_AWAY,2427716.745481818,2253.00575,2022-01-27,2022-01-27,,,,8.4,2750,0,780.0,ICICIBANK,
ASSIGNED,456147.42684181826,2592.596,2022-01-27,2022-01-27,,,,18.55,1200,1200,1800.0,INFY,
CALLED_AWAY,2332901.597541818,1794.6524,2022-01-27,2022-01-27,,,,9.65,2400,0,710.0,AXISBANK,
CALL_EXPIRED,1237692.0100863187,0.0,2022-01-27,2022-01-27,,,,7.5,950,1886,720.0,BHARTIARTL,
PUT_EXPIRED,2463523.364569318,0.0,2022-01-27,2022-01-27,,,,66.55,375,0,6500.0,BAJFINANCE,
PUT_EXPIRED,2723313.6111218184,0.0,2022-01-27,2022-01-27,,,,30.0,750,0,3540.0,TCS,
CALL_EXPIRED,777839.3902618181,0.0,2022-01-27,2022-01-27,,,,18.3,800,800,1900.0,KOTAKBANK,
PUT_EXPIRED,3015436.7833818183,0.0,2022-01-27,2022-01-27,,,,27.35,1500,0,1620.0,ADANIENT,
SELL_CALL,220742.0460319557,136.7741,2022-01-28,2022-02-24,True,250,560750,33.15,1000,1000,2460.0,RELIANCE,4501
SELL_PUT,2676920.2180068186,260.95835,2022-01-28,2022-02-24,True,1500,397500,15.45,4500,0,505.0,SBIN,480
SELL_CALL,568052.1481518182,32.35690999999999,2022-01-28,2022-02-24,True,900,900,2.85,900,1200,1180.0,INDUSINDBK,1
SELL_PUT,2466746.859356818,157.386125,2022-01-28,2022-02-24,True,1375,1570250,14.25,2750,0,750.0,ICICIBANK,1926
SELL_CALL,476753.15704181825,94.2698,2022-01-28,2022-02-24,True,300,2234700,17.25,1200,1200,1800.0,INFY,13703
SELL_PUT,2369592.225781818,149.37176000000002,2022-01-28,2022-02-24,True,1200,626400,15.35,2400,0,740.0,AXISBANK,1774
SELL_CALL,1253005.8686263186,76.14146,2022-01-28,2022-02-24,True,950,2156500,16.2,950,1886,750.0,BHARTIARTL,10056
SELL_PUT,2525331.697206818,235.41736249999997,2022-01-28,2022-02-24,True,125,156250,165.45,375,0,6500.0,BAJFINANCE,1988
SELL_PUT,2743097.1578718186,91.45325,2022-01-28,2022-02-24,True,150,6600,26.5,750,0,3460.0,TCS,247
SELL_CALL,802012.898341818,106.49192000000001,2022-01-28,2022-02-24,True,400,851600,30.35,800,800,2000.0,KOTAKBANK,19140
SELL_PUT,3081711.0670318184,250.71635,2022-01-28,2022-02-24,True,500,376500,44.35,1500,0,1600.0,ADANIENT,1156
CALL_EXPIRED,220742.0460319557,0.0,2022-02-24,2022-02-24,,,,33.15,1000,1000,2460.0,RELIANCE,
ASSIGNED,401693.82013181876,2726.397875,2022-02-24,2022-02-24,,,,15.45,4500,4500,505.0,SBIN,
CALL_EXPIRED,568052.1481518182,0.0,2022-02-24,2022-02-24,,,,2.85,900,1200,1180.0,INDUSINDBK,
ASSIGNED,401770.2249818179,2476.634375,2022-02-24,2022-02-24,,,,14.25,2750,2750,750.0,ICICIBANK,
CALL_EXPIRED,476753.15704181825,0.0,2022-02-24,2022-02-24,,,,17.25,1200,1200,1800.0,INFY,
ASSIGNED,591456.340181818,2135.8855999999996,2022-02-24,2022-02-24,,,,15.35,2400,2400,740.0,AXISBANK,
CALL_EXPIRED,1253005.8686263186,0.0,2022-02-24,2022-02-24,,,,16.2,950,1886,750.0,BHARTIARTL,
PUT_EXPIRED,2525331.697206818,0.0,2022-02-24,2022-02-24,,,,165.45,375,0,6500.0,BAJFINANCE,
ASSIGNED,144987.1946218186,3109.96325,2022-02-24,2022-02-24,,,,26.5,750,750,3460.0,TCS,
CALL_EXPIRED,802012.898341818,0.0,2022-02-24,2022-02-24,,,,30.35,800,800,2000.0,KOTAKBANK,
ASSIGNED,678833.0270318184,2878.04,2022-02-24,2022-02-24,,,,44.35,1500,1500,1600.0,ADANIENT,
SELL_CALL,258987.34843195567,154.6976,2022-02-25,2022-03-31,True,250,237250,38.4,1000,1000,2380.0,RELIANCE,3071
SELL_CALL,453019.3137818188,199.50635,2022-02-25,2022-03-31,True,1500,4668000,11.45,4500,4500,500.0,SBIN,10439
SELL_CALL,569239.4001418182,27.74801,2022-02-25,2022-03-31,True,900,101700,1.35,900,1200,1200.0,INDUSINDBK,31
SELL_CALL,447788.8981818179,181.3268,2022-02-25,2022-03-31,True,1375,2699125,16.8,2750,2750,750.0,ICICIBANK,5513
SELL_CALL,497657.86304181826,95.294,2022-02-25,2022-03-31,True,300,1448700,17.5,1200,1200,1800.0,INFY,11572
SELL_CALL,641899.855221818,196.48496,2022-02-25,2022-03-31,True,1200,331200,21.1,2400,2400,770.0,AXISBANK,1784
SELL_CALL,1264722.0517063187,63.816919999999996,2022-02-25,2022-03-31,True,950,449350,12.4,950,1886,710.0,BHARTIARTL,1390
SELL_PUT,2560344.323769318,143.6234375,2022-02-25,2022-03-31,True,125,33000,93.75,375,0,6300.0,BAJFINANCE,680
SELL_CALL,204758.7546218186,228.44,2022-02-25,2022-03-31,True,150,53250,80.0,750,750,3580.0,TCS,803
SELL_CALL,836431.310501818,141.58784,2022-02-25,2022-03-31,True,400,487200,43.2,800,800,1900.0,KOTAKBANK,5291
SELL_CALL,781881.3340818183,376.69295,2022-02-25,2022-03-31,True,500,81500,68.95,1500,1500,1640.0,ADANIENT,674
CALLED_AWAY,2636490.0954319555,2497.253,2022-03-31,2022-03-31,,,,38.4,1000,0,2380.0,RELIANCE,
CALL_EXPIRED,453019.3137818188,0.0,2022-03-31,2022-03-31,,,,11.45,4500,4500,500.0,SBIN,
CALL_EXPIRED,569239.4001418182,0.0,2022-03-31,2022-03-31,,,,1.35,900,1200,1200.0,INDUSINDBK,
CALL_EXPIRED,447788.8981818179,0.0,2022-03-31,2022-03-31,,,,16.8,2750,2750,750.0,ICICIBANK,
CALLED_AWAY,2655389.2670418182,2268.596,2022-03-31,2022-03-31,,,,17.5,1200,0,1800.0,INFY,
CALL_EXPIRED,641899.855221818,0.0,2022-03-31,2022-03-31,,,,21.1,2400,2400,770.0,AXISBANK,
CALLED_AWAY,1938497.4101313187,724.641575,2022-03-31,2022-03-31,,,,12.4,950,936,710.0,BHARTIARTL,
SELL_RESIDUAL_SHARES,2642605.987914899,2524.6222164200003,2022-03-31,2022-03-31,,,,0,936,0,754.95,BHARTIARTL,
PUT_EXPIRED,2560344.323769318,0.0,2022-03-31,2022-03-31,,,,93.75,375,0,6300.0,BAJFINANCE,
CALLED_AWAY,2886944.499871819,2814.25475,2022-03-31,2022-03-31,,,,80.0,750,0,3580.0,TCS,
CALL_EXPIRED,836431.310501818,0.0,2022-03-31,2022-03-31,,,,43.2,800,800,1900.0,KOTAKBANK,
CALLED_AWAY,3239300.9330818183,2580.401,2022-03-31,2022-03-31,,,,68.95,1500,0,1640.0,ADANIENT,
SELL_PUT,2658291.7288319557,98.3666,2022-04-01,2022-04-28,True,250,820500,21.9,1000,0,2500.0,RELIANCE,4047
SELL_CALL,507972.8787648188,211.93501699999996,2022-04-01,2022-04-28,True,1495,2691000,12.3,4485,4500,520.0,SBIN,8303
SELL_CALL,570650.8839818182,28.51616,2022-04-01,2022-04-28,True,900,14400,1.6,900,1200,1200.0,INDUSINDBK,14
SELL_CALL,475034.3826068179,117.01557499999997,2022-04-01,2022-04-28,True,1375,635250,9.95,2750,2750,770.0,ICICIBANK,1732
SELL_PUT,2683887.9583618185,121.30868,2022-04-01,2022-04-28,True,300,93900,23.85,1200,0,1820.0,INFY,1253
SELL_CALL,679547.206021818,152.6492,2022-04-01,2022-04-28,True,1200,2749200,15.75,2400,2400,800.0,AXISBANK,7981
SELL_PUT,2664026.427169899,97.06074500000001,2022-04-01,2022-04-28,True,950,558600,7.55,2850,0,720.0,BHARTIARTL,1001
SELL_PUT,2580165.242494318,91.581275,2022-04-01,2022-04-28,True,125,37000,79.65,250,0,6900.0,BAJFINANCE,601
SELL_PUT,2908634.017346819,97.982525,2022-04-01,2022-04-28,True,150,19200,29.05,750,0,3560.0,TCS,254
SELL_CALL,849363.328501818,67.982,2022-04-01,2022-04-28,True,400,517600,16.25,800,800,1900.0,KOTAKBANK,1758
SELL_PUT,3302286.4829318183,239.45014999999998,2022-04-01,2022-04-28,True,500,56500,42.15,1500,0,1920.0,ADANIENT,275
PUT_EXPIRED,2658291.7288319557,0.0,2022-04-28,2022-04-28,,,,21.9,1000,0,2500.0,RELIANCE,
CALL_EXPIRED,507972.8787648188,0.0,2022-04-28,2022-04-28,,,,12.3,4485,4500,520.0,SBIN,
CALL_EXPIRED,570650.8839818182,0.0,2022-04-28,2022-04-28,,,,1.6,900,1200,1200.0,INDUSINDBK,
CALL_EXPIRED,475034.3826068179,0.0,2022-04-28,2022-04-28,,,,9.95,2750,2750,770.0,ICICIBANK,
ASSIGNED,497266.81796181854,2621.1404,2022-04-28,2022-04-28,,,,23.85,1200,1200,1820.0,INFY,
CALL_EXPIRED,679547.206021818,0.0,2022-04-28,2022-04-28,,,,15.75,2400,2400,800.0,AXISBANK,
PUT_EXPIRED,2664026.427169899,0.0,2022-04-28,2022-04-28,,,,7.55,2850,0,720.0,BHARTIARTL,
ASSIGNED,853090.0137443182,2075.2287499999998,2022-04-28,2022-04-28,,,,79.65,250,250,6900.0,BAJFINANCE,
PUT_EXPIRED,2908634.017346819,0.0,2022-04-28,2022-04-28,,,,29.05,750,0,3560.0,TCS,
CALL_EXPIRED,849363.328501818,0.0,2022-04-28,2022-04-28,,,,16.25,800,800,1900.0,KOTAKBANK,
PUT_EXPIRED,3302286.4829318183,0.0,2022-04-28,2022-04-28,,,,42.15,1500,0,1920.0,ADANIENT,
SELL_PUT,2691454.4426319557,137.2862,2022-04-29,2022-05-26,True,250,78500,44.4,750,0,2680.0,RELIANCE,974
SELL_CALL,534857.1007648187,115.778,2022-04-29,2022-05-26,True,1500,280500,6.0,4500,4500,535.0,SBIN,511
SELL_CALL,572779.9097418182,30.974239999999998,2022-04-29,2022-05-26,True,900,222300,2.4,900,1200,1200.0,INDUSINDBK,1119
SELL_CALL,495702.3994318179,94.483175,2022-04-29,2022-05-26,True,1375,847000,7.55,2750,2750,790.0,ICICIBANK,2006
SELL_CALL,501309.2888418185,37.529120000000006,2022-04-29,2022-05-26,True,300,1685700,3.4,1200,1200,1800.0,INFY,2331
SELL_CALL,689330.0122618179,57.19376,2022-04-29,2022-05-26,True,1200,1786800,4.1,2400,2400,820.0,AXISBANK,5227
SELL_PUT,2695103.784764899,130.14240499999997,2022-04-29,2022-05-26,True,950,129200,10.95,2850,0,710.0,BHARTIARTL,573
SELL_CALL,879538.2293693181,114.284375,2022-04-29,2022-05-26,True,125,166500,106.25,250,250,7100.0,BAJFINANCE,2766
SELL_PUT,2929949.815071819,96.702275,2022-04-29,2022-05-26,True,150,180900,28.55,750,0,3400.0,TCS,1391
SELL_CALL,865125.650741818,77.67776,2022-04-29,2022-05-26,True,400,500400,19.8,800,800,1900.0,KOTAKBANK,2829
SELL_PUT,3374316.050731818,270.43219999999997,2022-04-29,2022-05-26,True,500,42500,72.3,1000,0,2260.0,ADANIENT,227
ASSIGNED,679040.2491319557,2414.1935000000003,2022-05-26,2022-05-26,,,,44.4,750,750,2680.0,RELIANCE,
CALL_EXPIRED,566807.1007648187,0.0,2022-05-26,2022-05-26,,,,6.0,4500,4500,535.0,SBIN,
CALL_EXPIRED,572779.9097418182,0.0,2022-05-26,2022-05-26,,,,2.4,900,1200,1200.0,INDUSINDBK,
CALL_EXPIRED,495702.3994318179,0.0,2022-05-26,2022-05-26,,,,7.55,2750,2750,790.0,ICICIBANK,
CALL_EXPIRED,501309.2888418185,0.0,2022-05-26,2022-05-26,,,,3.4,1200,1200,1800.0,INFY,
CALL_EXPIRED,689330.0122618179,0.0,2022-05-26,2022-05-26,,,,4.1,2400,2400,820.0,AXISBANK,
ASSIGNED,669173.5350398989,2430.2497249999997,2022-05-26,2022-05-26,,,,10.95,2850,2850,710.0,BHARTIARTL,
CALL_EXPIRED,879538.2293693181,0.0,2022-05-26,2022-05-26,,,,106.25,250,250,7100.0,BAJFINANCE,
ASSIGNED,376893.372571819,3056.4425,2022-05-26,2022-05-26,,,,28.55,750,750,3400.0,TCS,
CALLED_AWAY,2383522.238741818,1603.412,2022-05-26,2022-05-26,,,,19.8,800,0,1900.0,KOTAKBANK,
ASSIGNED,1111604.5197318182,2711.5310000000004,2022-05-26,2022-05-26,,,,72.3,1000,1000,2260.0,ADANIENT,
SELL_CALL,707232.4902569556,120.25887499999999,2022-05-27,2022-06-30,True,250,115250,37.75,750,750,2720.0,RELIANCE,1394
SELL_CALL,595933.6412648187,123.4595,2022-05-27,2022-06-30,True,1500,4099500,6.5,4500,4500,500.0,SBIN,4947
SELL_CALL,573832.6226218182,27.28712,2022-05-27,2022-06-30,True,900,17100,1.2,900,1200,1200.0,INDUSINDBK,25
SELL_CALL,525414.4342068179,125.465225,2022-05-27,2022-06-30,True,1375,739750,10.85,2750,2750,770.0,ICICIBANK,1575
SELL_CALL,502720.7726818185,28.51616,2022-05-27,2022-06-30,True,300,424200,1.2,1200,1200,1800.0,INFY,407
SELL_CALL,710473.898901818,96.11336,2022-05-27,2022-06-30,True,1200,321600,8.85,2400,2400,730.0,AXISBANK,716
SELL_CALL,690309.947284899,96.08775499999999,2022-05-27,2022-06-30,True,950,492100,7.45,2850,2850,730.0,BHARTIARTL,1353
SELL_CALL,887126.0549443181,49.674425,2022-05-27,2022-06-30,True,125,16625,30.55,250,250,6900.0,BAJFINANCE,614
SELL_CALL,410429.806121819,138.56644999999997,2022-05-27,2022-06-30,True,150,377550,44.9,750,750,3400.0,TCS,4889
SELL_PUT,2411781.7494218177,120.48931999999999,2022-05-27,2022-06-30,True,400,69600,23.65,1200,0,1820.0,KOTAKBANK,442
SELL_CALL,1170728.2988318182,226.2209,2022-05-27,2022-06-30,True,500,420500,59.35,1000,1000,2200.0,ADANIENT,1784
CALL_EXPIRED,707232.4902569556,0.0,2022-06-30,2022-06-30,,,,37.75,750,750,2720.0,RELIANCE,
CALL_EXPIRED,595933.6412648187,0.0,2022-06-30,2022-06-30,,,,6.5,4500,4500,500.0,SBIN,
CALL_EXPIRED,573832.6226218182,0.0,2022-06-30,2022-06-30,,,,1.2,900,1200,1200.0,INDUSINDBK,
CALL_EXPIRED,525414.4342068179,0.0,2022-06-30,2022-06-30,,,,10.85,2750,2750,770.0,ICICIBANK,
CALL_EXPIRED,521920.7726818185,0.0,2022-06-30,2022-06-30,,,,1.2,1200,1200,1800.0,INFY,
CALL_EXPIRED,710473.898901818,0.0,2022-06-30,2022-06-30,,,,8.85,2400,2400,730.0,AXISBANK,
CALL_EXPIRED,690309.947284899,0.0,2022-06-30,2022-06-30,,,,7.45,2850,2850,730.0,BHARTIARTL,
CALL_EXPIRED,892126.0549443181,0.0,2022-06-30,2022-06-30,,,,30.55,250,250,6900.0,BAJFINANCE,
CALL_EXPIRED,410429.806121819,0.0,2022-06-30,2022-06-30,,,,44.9,750,750,3400.0,TCS,
ASSIGNED,225160.6090218178,2621.1404,2022-06-30,2022-06-30,,,,23.65,1200,1200,1820.0,KOTAKBANK,
CALL_EXPIRED,1170728.2988318182,0.0,2022-06-30,2022-06-30,,,,59.35,1000,1000,2200.0,ADANIENT,
SELL_CALL,716514.5120319556,55.478225,2022-07-01,2022-07-28,True,250,548500,12.45,750,750,2740.0,RELIANCE,9941
SELL_CALL,623939.0225148187,119.61875,2022-07-01,2022-07-28,True,1500,1633500,6.25,4500,4500,490.0,SBIN,2533
SELL_CALL,539230.9222818179,71.01192499999999,2022-07-01,2022-07-28,True,1375,1934625,5.05,2750,2750,750.0,ICICIBANK,2463
SELL_CALL,523033.2807218185,27.491960000000002,2022-07-01,2022-07-28,True,300,197400,0.95,1200,1200,1800.0,INFY,114
SELL_CALL,714038.0085018179,35.8904,2022-07-01,2022-07-28,True,1200,172800,1.5,2400,2400,730.0,AXISBANK,253
SELL_CALL,704345.684279899,71.76300499999999,2022-07-01,2022-07-28,True,950,496850,4.95,2850,2850,720.0,BHARTIARTL,1209
SELL_CALL,893223.6141943182,27.440749999999998,2022-07-01,2022-07-28,True,125,1750,4.5,250,250,6900.0,BAJFINANCE,12
SELL_CALL,447479.205321819,150.60080000000002,2022-07-01,2022-07-28,True,150,4050,49.6,750,750,3440.0,TCS,38
SELL_CALL,240324.9796618178,75.62936,2022-07-01,2022-07-28,True,400,505200,12.7,1200,1200,1800.0,KOTAKBANK,1582
SELL_CALL,1234486.2028318183,242.09599999999998,2022-07-01,2022-07-28,True,500,21000,64.0,1000,1000,2320.0,ADANIENT,47
SELL_CALL,575333.7992018182,28.82342,2022-07-22,2022-08-25,True,900,36900,1.7,900,1200,1200.0,INDUSINDBK,33
CALL_EXPIRED,716514.5120319556,0.0,2022-07-28,2022-07-28,,,,12.45,750,750,2740.0,RELIANCE,
CALLED_AWAY,2826623.6557648187,2315.36675,2022-07-28,2022-07-28,,,,6.25,4500,0,490.0,SBIN,
CALLED_AWAY,2599563.662906818,2167.259375,2022-07-28,2022-07-28,,,,5.05,2750,0,750.0,ICICIBANK,
CALL_EXPIRED,523033.2807218185,0.0,2022-07-28,2022-07-28,,,,0.95,1200,1200,1800.0,INFY,
CALL_EXPIRED,716438.0085018179,0.0,2022-07-28,2022-07-28,,,,1.5,2400,2400,730.0,AXISBANK,
CALL_EXPIRED,704345.684279899,0.0,2022-07-28,2022-07-28,,,,4.95,2850,2850,720.0,BHARTIARTL,
CALLED_AWAY,2616407.135444318,1816.47875,2022-07-28,2022-07-28,,,,4.5,250,0,6900.0,BAJFINANCE,
CALL_EXPIRED,453479.205321819,0.0,2022-07-28,2022-07-28,,,,49.6,750,750,3440.0,TCS,
CALLED_AWAY,2398056.3836618178,2268.596,2022-07-28,2022-07-28,,,,12.7,1200,0,1800.0,KOTAKBANK,
CALLED_AWAY,3553051.3108318183,2434.8920000000003,2022-07-28,2022-07-28,,,,64.0,1000,0,2320.0,ADANIENT,
SELL_CALL,738204.0295069556,97.982525,2022-07-29,2022-08-25,True,250,236000,29.05,750,750,2640.0,RELIANCE,4738
SELL_PUT,2863374.079164819,149.57659999999998,2022-07-29,2022-08-25,True,1500,220500,8.2,4500,0,505.0,SBIN,535
SELL_PUT,2614065.303856818,73.35905,2022-07-29,2022-08-25,True,1375,765875,5.3,2750,0,770.0,ICICIBANK,1000
SELL_CALL,524444.7645618184,28.51616,2022-07-29,2022-08-25,True,300,257400,1.2,1200,1200,1800.0,INFY,944
SELL_CALL,732559.1017018179,78.9068,2022-07-29,2022-08-25,True,1200,465600,6.75,2400,2400,770.0,AXISBANK,854
SELL_CALL,730878.609714899,114.574565,2022-07-29,2022-08-25,True,950,199500,9.35,2850,2850,710.0,BHARTIARTL,758
SELL_PUT,2645514.989956818,123.39548749999999,2022-07-29,2022-08-25,True,125,172500,77.95,375,0,6700.0,BAJFINANCE,2551
SELL_CALL,474346.539346819,95.165975,2022-07-29,2022-08-25,True,150,13200,27.95,750,750,3440.0,TCS,680
SELL_PUT,2422967.365381818,109.01827999999999,2022-07-29,2022-08-25,True,400,151600,20.85,1200,0,1740.0,KOTAKBANK,902
SELL_PUT,3587061.1227318184,140.18810000000002,2022-07-29,2022-08-25,True,500,22500,34.15,1000,0,2420.0,ADANIENT,25
CALL_EXPIRED,744204.0295069556,0.0,2022-08-25,2022-08-25,,,,29.05,750,750,2640.0,RELIANCE,
PUT_EXPIRED,2863374.079164819,0.0,2022-08-25,2022-08-25,,,,8.2,4500,0,505.0,SBIN,
CALL_EXPIRED,585533.7992018182,0.0,2022-08-25,2022-08-25,,,,1.7,900,1200,1200.0,INDUSINDBK,
PUT_EXPIRED,2614065.303856818,0.0,2022-08-25,2022-08-25,,,,5.3,2750,0,770.0,ICICIBANK,
CALL_EXPIRED,524444.7645618184,0.0,2022-08-25,2022-08-25,,,,1.2,1200,1200,1800.0,INFY,
CALL_EXPIRED,732559.1017018179,0.0,2022-08-25,2022-08-25,,,,6.75,2400,2400,770.0,AXISBANK,
CALLED_AWAY,2760801.8849898987,2126.7247249999996,2022-08-25,2022-08-25,,,,9.35,2850,0,710.0,BHARTIARTL,
PUT_EXPIRED,2645514.989956818,0.0,2022-08-25,2022-08-25,,,,77.95,375,0,6700.0,BAJFINANCE,
CALL_EXPIRED,474346.539346819,0.0,2022-08-25,2022-08-25,,,,27.95,750,750,3440.0,TCS,
PUT_EXPIRED,2422967.365381818,0.0,2022-08-25,2022-08-25,,,,20.85,1200,0,1740.0,KOTAKBANK,
PUT_EXPIRED,3587061.1227318184,0.0,2022-08-25,2022-08-25,,,,34.15,1000,0,2420.0,ADANIENT,
SELL_CALL,770378.1839819556,113.34552499999998,2022-08-26,2022-09-29,True,250,88250,35.05,750,750,2780.0,RELIANCE,2061
SELL_PUT,2887791.750814819,107.32835,2022-08-26,2022-09-29,True,1500,172500,5.45,4500,0,495.0,SBIN,586
SELL_CALL,596587.2525918182,61.54661,2022-08-26,2022-09-29,True,900,37800,12.35,900,1200,1170.0,INDUSINDBK,46
SELL_PUT,2634596.290106818,94.01374999999999,2022-08-26,2022-09-29,True,1375,644875,7.5,2750,0,830.0,ICICIBANK,1104
SELL_CALL,526753.1758018185,31.588759999999997,2022-08-26,2022-09-29,True,300,427200,1.95,1200,1200,1800.0,INFY,687
SELL_CALL,753583.3980218179,95.70367999999999,2022-08-26,2022-09-29,True,1200,277200,8.8,2400,2400,790.0,AXISBANK,727
SELL_PUT,2799027.255669899,154.62931999999998,2022-08-26,2022-09-29,True,950,877800,10.1,3800,0,700.0,BHARTIARTL,1269
SELL_PUT,2685797.064994318,161.6749625,2022-08-26,2022-09-29,True,125,49375,107.85,375,0,6700.0,BAJFINANCE,773
SELL_CALL,503024.61614681897,121.9232,2022-08-26,2022-09-29,True,150,65250,38.4,750,750,3380.0,TCS,660
SELL_PUT,2442556.577861818,90.78752,2022-08-26,2022-09-29,True,400,72400,16.4,1200,0,1780.0,KOTAKBANK,562
SELL_PUT,3664223.1084318184,288.0143,2022-08-26,2022-09-29,True,500,401500,77.45,1000,0,2900.0,ADANIENT,2122
CALL_EXPIRED,770378.1839819556,0.0,2022-09-29,2022-09-29,,,,35.05,750,750,2780.0,RELIANCE,
PUT_EXPIRED,2887791.750814819,0.0,2022-09-29,2022-09-29,,,,5.45,4500,0,495.0,SBIN,
CALL_EXPIRED,596587.2525918182,0.0,2022-09-29,2022-09-29,,,,12.35,900,1200,1170.0,INDUSINDBK,
PUT_EXPIRED,2634596.290106818,0.0,2022-09-29,2022-09-29,,,,7.5,2750,0,830.0,ICICIBANK,
CALL_EXPIRED,526753.1758018185,0.0,2022-09-29,2022-09-29,,,,1.95,1200,1200,1800.0,INFY,
CALL_EXPIRED,753583.3980218179,0.0,2022-09-29,2022-09-29,,,,8.8,2400,2400,790.0,AXISBANK,
PUT_EXPIRED,2799027.255669899,0.0,2022-09-29,2022-09-29,,,,10.1,3800,0,700.0,BHARTIARTL,
PUT_EXPIRED,2685797.064994318,0.0,2022-09-29,2022-09-29,,,,107.85,375,0,6700.0,BAJFINANCE,
CALL_EXPIRED,503024.61614681897,0.0,2022-09-29,2022-09-29,,,,38.4,750,750,3380.0,TCS,
ASSIGNED,303992.52626181813,2564.0516000000002,2022-09-29,2022-09-29,,,,16.4,1200,1200,1780.0,KOTAKBANK,
PUT_EXPIRED,3664223.1084318184,0.0,2022-09-29,2022-09-29,,,,77.45,1000,0,2900.0,ADANIENT,
SELL_CALL,777754.2350319556,48.948949999999996,2022-09-30,2022-10-27,True,250,208500,9.9,750,750,2640.0,RELIANCE,1061
SELL_PUT,2908845.9447148186,95.80610000000001,2022-09-30,2022-10-27,True,1500,111000,4.7,4500,0,495.0,SBIN,731
SELL_CALL,633023.7514018182,148.50119,2022-09-30,2022-10-27,True,900,1142100,40.65,900,1200,1200.0,INDUSINDBK,3617
SELL_PUT,2648823.869906818,72.42020000000001,2022-09-30,2022-10-27,True,1375,1386000,5.2,2750,0,800.0,ICICIBANK,2518
SELL_CALL,527865.6838418185,27.491960000000002,2022-09-30,2022-10-27,True,300,285300,0.95,1200,1200,1800.0,INFY,246
SELL_CALL,787403.8585818179,139.53944,2022-09-30,2022-10-27,True,1200,825600,14.15,2400,2400,760.0,AXISBANK,2667
SELL_PUT,2817749.4383298988,87.81734,2022-09-30,2022-10-27,True,950,257450,4.95,3800,0,730.0,BHARTIARTL,1191
SELL_PUT,2711616.185706818,112.12928750000002,2022-09-30,2022-10-27,True,125,30125,69.15,375,0,6700.0,BAJFINANCE,1068
SELL_CALL,510699.642996819,49.973150000000004,2022-09-30,2022-10-27,True,150,5850,10.3,750,750,3380.0,TCS,50
SELL_CALL,348815.29626181815,177.23,2022-09-30,2022-10-27,True,400,225200,37.5,1200,1200,1860.0,KOTAKBANK,1805
SELL_PUT,3791513.3699318185,459.7385,2022-09-30,2022-10-27,True,500,326000,127.75,1000,0,3300.0,ADANIENT,3346
CALL_EXPIRED,777754.2350319556,0.0,2022-10-27,2022-10-27,,,,9.9,750,750,2640.0,RELIANCE,
PUT_EXPIRED,2908845.9447148186,0.0,2022-10-27,2022-10-27,,,,4.7,4500,0,495.0,SBIN,
CALL_EXPIRED,633023.7514018182,0.0,2022-10-27,2022-10-27,,,,40.65,900,1200,1200.0,INDUSINDBK,
PUT_EXPIRED,2648823.869906818,0.0,2022-10-27,2022-10-27,,,,5.2,2750,0,800.0,ICICIBANK,
CALL_EXPIRED,547665.6838418185,0.0,2022-10-27,2022-10-27,,,,0.95,1200,1200,1800.0,INFY,
CALLED_AWAY,2609484.4841818176,1919.3744000000002,2022-10-27,2022-10-27,,,,14.15,2400,0,760.0,AXISBANK,
PUT_EXPIRED,2817749.4383298988,0.0,2022-10-27,2022-10-27,,,,4.95,3800,0,730.0,BHARTIARTL,
PUT_EXPIRED,2711616.185706818,0.0,2022-10-27,2022-10-27,,,,69.15,375,0,6700.0,BAJFINANCE,
CALL_EXPIRED,516699.642996819,0.0,2022-10-27,2022-10-27,,,,10.3,750,750,3380.0,TCS,
CALLED_AWAY,2578471.867061818,2343.4292,2022-10-27,2022-10-27,,,,37.5,1200,0,1860.0,KOTAKBANK,
PUT_EXPIRED,3791513.3699318185,0.0,2022-10-27,2022-10-27,,,,127.75,1000,0,3300.0,ADANIENT,
SELL_CALL,796827.7142569557,89.02077499999999,2022-10-28,2022-11-24,True,250,363750,25.55,750,750,2640.0,RELIANCE,6672
SELL_PUT,2951874.859914819,171.0848,2022-10-28,2022-11-24,True,1500,2278500,9.6,4500,0,550.0,SBIN,2529
SELL_CALL,651835.6268018183,88.12460000000002,2022-10-28,2022-11-24,True,450,1957050,21.0,900,1200,1200.0,INDUSINDBK,5092
SELL_PUT,2676617.476631818,118.893275,2022-10-28,2022-11-24,True,1375,787875,10.15,2750,0,880.0,ICICIBANK,1691
SELL_CALL,548778.1918818185,27.491960000000002,2022-10-28,2022-11-24,True,300,412500,0.95,1200,1200,1800.0,INFY,560
SELL_PUT,2637803.7900218177,120.69416,2022-10-28,2022-11-24,True,1200,1291200,11.85,2400,0,870.0,AXISBANK,1083
SELL_PUT,2840021.958614899,99.97971500000001,2022-10-28,2022-11-24,True,950,323000,7.85,2850,0,780.0,BHARTIARTL,636
SELL_PUT,2739845.798806818,120.38689999999998,2022-10-28,2022-11-24,True,125,66000,75.6,375,0,6600.0,BAJFINANCE,1125
SELL_CALL,522767.674921819,44.468075,2022-10-28,2022-11-24,True,150,19650,8.15,750,750,3380.0,TCS,459
SELL_PUT,2592380.539341818,71.32772,2022-10-28,2022-11-24,True,400,59600,11.65,1200,0,1780.0,KOTAKBANK,464
SELL_PUT,3846152.5120318183,210.8579,2022-10-28,2022-11-24,True,250,35500,54.85,1000,0,3150.0,ADANIENT,389
CALL_EXPIRED,796827.7142569557,0.0,2022-11-24,2022-11-24,,,,25.55,750,750,2640.0,RELIANCE,
PUT_EXPIRED,2951874.859914819,0.0,2022-11-24,2022-11-24,,,,9.6,4500,0,550.0,SBIN,
CALL_EXPIRED,651835.6268018183,0.0,2022-11-24,2022-11-24,,,,21.0,900,1200,1200.0,INDUSINDBK,
PUT_EXPIRED,2676617.476631818,0.0,2022-11-24,2022-11-24,,,,10.15,2750,0,880.0,ICICIBANK,
CALL_EXPIRED,548778.1918818185,0.0,2022-11-24,2022-11-24,,,,0.95,1200,1200,1800.0,INFY,
PUT_EXPIRED,2637803.7900218177,0.0,2022-11-24,2022-11-24,,,,11.85,2400,0,870.0,AXISBANK,
PUT_EXPIRED,2840021.958614899,0.0,2022-11-24,2022-11-24,,,,7.85,2850,0,780.0,BHARTIARTL,
PUT_EXPIRED,2739845.798806818,0.0,2022-11-24,2022-11-24,,,,75.6,375,0,6600.0,BAJFINANCE,
CALLED_AWAY,3055109.322671819,2658.35225,2022-11-24,2022-11-24,,,,8.15,750,0,3380.0,TCS,
PUT_EXPIRED,2592380.539341818,0.0,2022-11-24,2022-11-24,,,,11.65,1200,0,1780.0,KOTAKBANK,
PUT_EXPIRED,3846152.5120318183,0.0,2022-11-24,2022-11-24,,,,54.85,1000,0,3150.0,ADANIENT,
SELL_CALL,816162.7973069557,89.91695,2022-11-25,2022-12-29,True,250,356250,25.9,750,750,2720.0,RELIANCE,5489
SELL_PUT,2974050.2130648186,99.64685,2022-11-25,2022-12-29,True,1500,1902000,4.95,4500,0,580.0,SBIN,1572
SELL_CALL,669974.8066518182,85.82015,2022-11-25,2022-12-29,True,450,1044900,20.25,900,1200,1240.0,INDUSINDBK,5280
SELL_PUT,2691393.1787318178,74.2979,2022-11-25,2022-12-29,True,1375,578875,5.4,2750,0,890.0,ICICIBANK,849
SELL_CALL,554136.1562818185,42.0356,2022-11-25,2022-12-29,True,300,461100,4.5,1200,1200,1800.0,INFY,3054
SELL_PUT,2646031.9221018176,51.86792,2022-11-25,2022-12-29,True,1200,728400,3.45,2400,0,830.0,AXISBANK,756
SELL_PUT,2853063.6010748986,68.35753999999999,2022-11-25,2022-12-29,True,950,185250,4.6,2850,0,810.0,BHARTIARTL,297
SELL_PUT,2763833.6927443184,105.85606250000001,2022-11-25,2022-12-29,True,125,78875,64.25,375,0,6400.0,BAJFINANCE,1121
SELL_PUT,3068584.480041819,69.84262999999999,2022-11-25,2022-12-29,True,150,19350,15.05,900,0,3220.0,TCS,291
SELL_PUT,2605990.235821818,70.30351999999999,2022-11-25,2022-12-29,True,400,226000,11.4,1200,0,1840.0,KOTAKBANK,777
SELL_PUT,3945538.3655318185,364.14649999999995,2022-11-25,2022-12-29,True,250,49500,99.75,1000,0,3750.0,ADANIENT,684
CALL_EXPIRED,816162.7973069557,0.0,2022-12-29,2022-12-29,,,,25.9,750,750,2720.0,RELIANCE,
PUT_EXPIRED,2974050.2130648186,0.0,2022-12-29,2022-12-29,,,,4.95,4500,0,580.0,SBIN,
CALL_EXPIRED,669974.8066518182,0.0,2022-12-29,2022-12-29,,,,20.25,900,1200,1240.0,INDUSINDBK,
PUT_EXPIRED,2691393.1787318178,0.0,2022-12-29,2022-12-29,,,,5.4,2750,0,890.0,ICICIBANK,
CALL_EXPIRED,554136.1562818185,0.0,2022-12-29,2022-12-29,,,,4.5,1200,1200,1800.0,INFY,
PUT_EXPIRED,2646031.9221018176,0.0,2022-12-29,2022-12-29,,,,3.45,2400,0,830.0,AXISBANK,
PUT_EXPIRED,2853063.6010748986,0.0,2022-12-29,2022-12-29,,,,4.6,2850,0,810.0,BHARTIARTL,
PUT_EXPIRED,2763833.6927443184,0.0,2022-12-29,2022-12-29,,,,64.25,375,0,6400.0,BAJFINANCE,
PUT_EXPIRED,3068584.480041819,0.0,2022-12-29,2022-12-29,,,,15.05,900,0,3220.0,TCS,
ASSIGNED,395340.5510218181,2649.6848,2022-12-29,2022-12-29,,,,11.4,1200,1200,1840.0,KOTAKBANK,
PUT_EXPIRED,3945538.3655318185,0.0,2022-12-29,2022-12-29,,,,99.75,1000,0,3750.0,ADANIENT,
SELL_CALL,829182.0165819557,68.280725,2022-12-30,2023-01-25,True,250,319250,17.45,750,750,2680.0,RELIANCE,3178
SELL_PUT,2990844.0018148185,81.21125,2022-12-30,2023-01-25,True,1500,2833500,3.75,4500,0,580.0,SBIN,2445
SELL_CALL,681835.4947018182,64.31195000000001,2022-12-30,2023-01-25,True,450,456750,13.25,900,1200,1300.0,INDUSINDBK,2218
SELL_PUT,2711460.752491818,92.42624,2022-12-30,2023-01-25,True,700,326200,7.2,2800,0,860.0,ICICIBANK,1110
SELL_CALL,555368.2546418185,27.901639999999993,2022-12-30,2023-01-25,True,400,408000,1.05,1200,1200,1800.0,INFY,557
SELL_PUT,2661435.4733818173,76.44872000000001,2022-12-30,2023-01-25,True,1200,230400,6.45,2400,0,890.0,AXISBANK,326
SELL_PUT,2870507.6621898985,83.438885,2022-12-30,2023-01-25,True,950,388550,6.15,2850,0,780.0,BHARTIARTL,570
SELL_PUT,2784177.8191193184,93.37362499999999,2022-12-30,2023-01-25,True,125,182875,54.5,375,0,6200.0,BAJFINANCE,3420
SELL_PUT,3089009.5790293193,93.6510125,2022-12-30,2023-01-25,True,175,431725,23.45,875,0,3100.0,TCS,2287
SELL_CALL,410624.51198181807,76.03904,2022-12-30,2023-01-25,True,400,200800,12.8,1200,1200,1920.0,KOTAKBANK,1004
SELL_PUT,3993051.9177318183,186.4478,2022-12-30,2023-01-25,True,250,366250,47.7,1000,0,3600.0,ADANIENT,3228
CALL_EXPIRED,829182.0165819557,0.0,2023-01-25,2023-01-25,,,,17.45,750,750,2680.0,RELIANCE,
ASSIGNED,377716.19831481855,3127.8035,2023-01-25,2023-01-25,,,,3.75,4500,4500,580.0,SBIN,
CALL_EXPIRED,681835.4947018182,0.0,2023-01-25,2023-01-25,,,,13.25,900,1200,1300.0,INDUSINDBK,
ASSIGNED,300573.19769181777,2887.5548,2023-01-25,2023-01-25,,,,7.2,2800,2800,860.0,ICICIBANK,
CALL_EXPIRED,555368.2546418185,0.0,2023-01-25,2023-01-25,,,,1.05,1200,1200,1800.0,INFY,
PUT_EXPIRED,2661435.4733818173,0.0,2023-01-25,2023-01-25,,,,6.45,2400,0,890.0,AXISBANK,
ASSIGNED,644840.1371398987,2667.5250499999997,2023-01-25,2023-01-25,,,,6.15,2850,2850,780.0,BHARTIARTL,
ASSIGNED,456388.9803693183,2788.83875,2023-01-25,2023-01-25,,,,54.5,375,375,6200.0,BAJFINANCE,
PUT_EXPIRED,3089009.5790293193,0.0,2023-01-25,2023-01-25,,,,23.45,875,0,3100.0,TCS,
CALL_EXPIRED,410624.51198181807,0.0,2023-01-25,2023-01-25,,,,12.8,1200,1200,1920.0,KOTAKBANK,
ASSIGNED,388746.6577318185,4305.26,2023-01-25,2023-01-25,,,,47.7,1000,1000,3600.0,ADANIENT,
SELL_CALL,833792.5414819557,39.4751,2023-01-27,2023-02-23,True,250,179000,6.2,750,750,2640.0,RELIANCE,929
SELL_CALL,403255.02921481855,111.1691,2023-01-27,2023-02-23,True,1500,8080500,5.7,4500,4500,600.0,SBIN,10111
SELL_CALL,693158.0263118182,62.46838999999999,2023-01-27,2023-02-23,True,450,667800,12.65,900,1200,1220.0,INDUSINDBK,2743
SELL_CALL,312827.53721181775,65.66048,2023-01-27,2023-02-23,True,700,4671800,4.4,2800,2800,900.0,ICICIBANK,8697
SELL_CALL,556181.7868818184,26.467760000000002,2023-01-27,2023-02-23,True,400,194800,0.7,1200,1200,1800.0,INFY,485
SELL_PUT,2699082.8241818175,152.6492,2023-01-27,2023-02-23,True,1200,1401600,15.75,2400,0,850.0,AXISBANK,5336
SELL_CALL,658591.8471248987,70.790015,2023-01-27,2023-02-23,True,950,626050,4.85,2850,2850,820.0,BHARTIARTL,1504
SELL_CALL,488299.7330068183,132.9973625,2023-01-27,2023-02-23,True,125,202500,85.45,375,375,6200.0,BAJFINANCE,6242
SELL_PUT,3103286.988129319,72.59089999999999,2023-01-27,2023-02-23,True,175,25375,16.4,875,0,3260.0,TCS,203
SELL_CALL,422858.91978181805,65.5922,2023-01-27,2023-02-23,True,400,316000,10.25,1200,1200,1840.0,KOTAKBANK,1381
SELL_CALL,419467.7358318185,128.9219,2023-01-27,2023-02-23,True,250,727500,30.85,1000,1000,3600.0,ADANIENT,12810
CALL_EXPIRED,833792.5414819557,0.0,2023-02-23,2023-02-23,,,,6.2,750,750,2640.0,RELIANCE,
CALL_EXPIRED,403255.02921481855,0.0,2023-02-23,2023-02-23,,,,5.7,4500,4500,600.0,SBIN,
CALL_EXPIRED,693158.0263118182,0.0,2023-02-23,2023-02-23,,,,12.65,900,1200,1220.0,INDUSINDBK,
CALL_EXPIRED,312827.53721181775,0.0,2023-02-23,2023-02-23,,,,4.4,2800,2800,900.0,ICICIBANK,
CALL_EXPIRED,556181.7868818184,0.0,2023-02-23,2023-02-23,,,,0.7,1200,1200,1800.0,INFY,
ASSIGNED,656632.9501818174,2449.874,2023-02-23,2023-02-23,,,,15.75,2400,2400,850.0,AXISBANK,
CALL_EXPIRED,658591.8471248987,0.0,2023-02-23,2023-02-23,,,,4.85,2850,2850,820.0,BHARTIARTL,
CALLED_AWAY,2810859.644256818,2440.08875,2023-02-23,2023-02-23,,,,85.45,375,0,6200.0,BAJFINANCE,
PUT_EXPIRED,3103286.988129319,0.0,2023-02-23,2023-02-23,,,,16.4,875,0,3260.0,TCS,
CALL_EXPIRED,422858.91978181805,0.0,2023-02-23,2023-02-23,,,,10.25,1200,1200,1840.0,KOTAKBANK,
CALL_EXPIRED,419467.7358318185,0.0,2023-02-23,2023-02-23,,,,30.85,1000,1000,3600.0,ADANIENT,
SELL_CALL,836571.8396069556,33.201874999999994,2023-02-24,2023-03-29,True,250,90500,3.75,750,750,2640.0,RELIANCE,621
SELL_CALL,409509.92101481854,45.108200000000004,2023-02-24,2023-03-29,True,1500,2229000,1.4,4500,4500,580.0,SBIN,1336
SELL_CALL,702014.0075718182,54.01874,2023-02-24,2023-03-29,True,450,220950,9.9,900,1200,1180.0,INDUSINDBK,862
SELL_CALL,325919.00897181773,68.52824,2023-02-24,2023-03-29,True,700,576800,4.7,2800,2800,890.0,ICICIBANK,1074
SELL_CALL,557294.2949218184,27.491960000000002,2023-02-24,2023-03-29,True,400,421600,0.95,1200,1200,1800.0,INFY,482
SELL_CALL,674428.3078618174,84.64232,2023-02-24,2023-03-29,True,1200,562800,7.45,2400,2400,890.0,AXISBANK,1139
SELL_CALL,667515.0979398987,54.249185,2023-02-24,2023-03-29,True,950,222300,3.15,2850,2850,810.0,BHARTIARTL,657
SELL_PUT,2829409.9158318182,87.228425,2023-02-24,2023-03-29,True,125,46000,49.7,375,0,5900.0,BAJFINANCE,1443
SELL_PUT,3114599.553879319,62.43425,2023-02-24,2023-03-29,True,175,5075,13.0,875,0,3225.0,TCS,80
SELL_CALL,428216.88418181805,42.0356,2023-02-24,2023-03-29,True,400,219600,4.5,1200,1200,1840.0,KOTAKBANK,594
SELL_CALL,422433.8938318185,33.842,2023-02-24,2023-03-29,True,250,5000,3.0,1000,1000,3600.0,ADANIENT,3
CALL_EXPIRED,836571.8396069556,0.0,2023-03-29,2023-03-29,,,,3.75,750,750,2640.0,RELIANCE,
CALL_EXPIRED,409509.92101481854,0.0,2023-03-29,2023-03-29,,,,1.4,4500,4500,580.0,SBIN,
CALL_EXPIRED,702014.0075718182,0.0,2023-03-29,2023-03-29,,,,9.9,900,1200,1180.0,INDUSINDBK,
CALL_EXPIRED,325919.00897181773,0.0,2023-03-29,2023-03-29,,,,4.7,2800,2800,890.0,ICICIBANK,
CALL_EXPIRED,557294.2949218184,0.0,2023-03-29,2023-03-29,,,,0.95,1200,1200,1800.0,INFY,
CALL_EXPIRED,674428.3078618174,0.0,2023-03-29,2023-03-29,,,,7.45,2400,2400,890.0,AXISBANK,
CALL_EXPIRED,667515.0979398987,0.0,2023-03-29,2023-03-29,,,,3.15,2850,2850,810.0,BHARTIARTL,
ASSIGNED,614254.878956818,2655.0368750000002,2023-03-29,2023-03-29,,,,49.7,375,375,5900.0,BAJFINANCE,
ASSIGNED,289344.7568480694,3379.79703125,2023-03-29,2023-03-29,,,,13.0,875,875,3225.0,TCS,
CALL_EXPIRED,428216.88418181805,0.0,2023-03-29,2023-03-29,,,,4.5,1200,1200,1840.0,KOTAKBANK,
CALL_EXPIRED,422433.8938318185,0.0,2023-03-29,2023-03-29,,,,3.0,1000,1000,3600.0,ADANIENT,
SELL_CALL,838641.0702069557,30.769399999999997,2023-03-31,2023-04-27,True,250,35750,2.8,750,750,2640.0,RELIANCE,424
SELL_CALL,414419.4217148185,40.499300000000005,2023-03-31,2023-04-27,True,1500,1164000,1.1,4500,4500,580.0,SBIN,596
SELL_CALL,706609.5836818182,39.42389,2023-03-31,2023-04-27,True,450,11250,5.15,900,1200,1170.0,INDUSINDBK,60
SELL_CALL,356450.7357318177,128.27324,2023-03-31,2023-04-27,True,700,2032800,10.95,2800,2800,900.0,ICICIBANK,10805
SELL_CALL,557629.4658818184,24.82904,2023-03-31,2023-04-27,True,400,112000,0.3,1200,1200,1800.0,INFY,48
SELL_CALL,691984.4849018174,83.82296,2023-03-31,2023-04-27,True,1200,381600,7.35,2400,2400,890.0,AXISBANK,1499
SELL_CALL,678568.5513298988,61.54661,2023-03-31,2023-04-27,True,950,194750,3.9,2850,2850,790.0,BHARTIARTL,646
SELL_CALL,633309.672194318,88.9567625,2023-03-31,2023-04-27,True,125,585250,51.05,375,375,6000.0,BAJFINANCE,6988
SELL_CALL,319274.7948105694,126.21203750000001,2023-03-31,2023-04-27,True,175,389900,34.35,875,875,3300.0,TCS,5809
SELL_CALL,433455.25826181803,41.625919999999994,2023-03-31,2023-04-27,True,400,134000,4.4,1200,1200,1840.0,KOTAKBANK,906
SELL_CALL,424901.7588318185,32.135,2023-03-31,2023-04-27,True,250,4000,2.5,1000,1000,3900.0,ADANIENT,3
CALL_EXPIRED,838641.0702069557,0.0,2023-04-27,2023-04-27,,,,2.8,750,750,2640.0,RELIANCE,
CALL_EXPIRED,414419.4217148185,0.0,2023-04-27,2023-04-27,,,,1.1,4500,4500,580.0,SBIN,
CALL_EXPIRED,706609.5836818182,0.0,2023-04-27,2023-04-27,,,,5.15,900,1200,1170.0,INDUSINDBK,
CALLED_AWAY,2873807.9737318177,2642.762,2023-04-27,2023-04-27,,,,10.95,2800,0,900.0,ICICIBANK,
CALL_EXPIRED,557629.4658818184,0.0,2023-04-27,2023-04-27,,,,0.3,1200,1200,1800.0,INFY,
CALL_EXPIRED,691984.4849018174,0.0,2023-04-27,2023-04-27,,,,7.35,2400,2400,890.0,AXISBANK,
CALL_EXPIRED,678568.5513298988,0.0,2023-04-27,2023-04-27,,,,3.9,2850,2850,790.0,BHARTIARTL,
CALLED_AWAY,2880947.5346943177,2362.1375,2023-04-27,2023-04-27,,,,51.05,375,0,6000.0,BAJFINANCE,
CALL_EXPIRED,319274.7948105694,0.0,2023-04-27,2023-04-27,,,,34.35,875,875,3300.0,TCS,
CALLED_AWAY,2639136.7734618178,2318.4848,2023-04-27,2023-04-27,,,,4.4,1200,0,1840.0,KOTAKBANK,
CALL_EXPIRED,424901.7588318185,0.0,2023-04-27,2023-04-27,,,,2.5,1000,1000,3900.0,ADANIENT,
SELL_CALL,840896.8747444557,31.6954625,2023-04-28,2023-05-25,True,250,79250,3.05,750,750,2640.0,RELIANCE,745
SELL_CALL,440851.8612648185,117.56045,2023-04-28,2023-05-25,True,1500,286500,5.9,4500,4500,595.0,SBIN,744
SELL_CALL,715912.8586418182,56.72504,2023-04-28,2023-05-25,True,450,66150,10.4,900,1200,1210.0,INDUSINDBK,259
SELL_PUT,2881736.132511818,51.84122000000001,2023-04-28,2023-05-25,True,700,681800,2.85,2800,0,870.0,ICICIBANK,932
SELL_CALL,557904.8041818184,24.6617,2023-04-28,2023-05-25,True,400,6800,0.25,1200,1200,1800.0,INFY,19
SELL_CALL,698178.8015418174,45.68336,2023-04-28,2023-05-25,True,1200,1023600,2.6,2400,2400,930.0,AXISBANK,2961
SELL_CALL,691892.5464248988,71.004905,2023-04-28,2023-05-25,True,950,190000,4.7,2850,2850,830.0,BHARTIARTL,808
SELL_PUT,2892358.324669318,64.210025,2023-04-28,2023-05-25,True,125,128625,30.6,375,0,5900.0,BAJFINANCE,2630
SELL_CALL,329060.1077793194,58.437031250000004,2023-04-28,2023-05-25,True,175,69300,11.25,875,875,3360.0,TCS,760
SELL_PUT,2647005.1445818176,51.628879999999995,2023-04-28,2023-05-25,True,400,140400,6.6,1200,0,1820.0,KOTAKBANK,936
CALL_EXPIRED,840896.8747444557,0.0,2023-05-25,2023-05-25,,,,3.05,750,750,2640.0,RELIANCE,
CALL_EXPIRED,440851.8612648185,0.0,2023-05-25,2023-05-25,,,,5.9,4500,4500,595.0,SBIN,
CALLED_AWAY,1803757.4064918181,1155.4521499999998,2023-05-25,2023-05-25,,,,10.4,900,300,1210.0,INDUSINDBK,
SELL_RESIDUAL_SHARES,2181412.3220548183,1365.084437,2023-05-25,2023-05-25,,,,0,300,0,1263.4,INDUSINDBK,
PUT_EXPIRED,2881736.132511818,0.0,2023-05-25,2023-05-25,,,,2.85,2800,0,870.0,ICICIBANK,
CALL_EXPIRED,557904.8041818184,0.0,2023-05-25,2023-05-25,,,,0.25,1200,1200,1800.0,INFY,
CALL_EXPIRED,698178.8015418174,0.0,2023-05-25,2023-05-25,,,,2.6,2400,2400,930.0,AXISBANK,
CALL_EXPIRED,691892.5464248988,0.0,2023-05-25,2023-05-25,,,,4.7,2850,2850,830.0,BHARTIARTL,
PUT_EXPIRED,2892358.324669318,0.0,2023-05-25,2023-05-25,,,,30.6,375,0,5900.0,BAJFINANCE,
CALL_EXPIRED,329060.1077793194,0.0,2023-05-25,2023-05-25,,,,11.25,875,875,3360.0,TCS,
PUT_EXPIRED,2647005.1445818176,0.0,2023-05-25,2023-05-25,,,,6.6,1200,0,1820.0,KOTAKBANK,
SELL_CALL,849766.6891694557,55.185575,2023-05-26,2023-06-29,True,250,240250,11.9,750,750,2640.0,RELIANCE,4828
SELL_CALL,458316.1518148185,85.70945,2023-05-26,2023-06-29,True,1500,243000,3.9,4500,4500,615.0,SBIN,264
SELL_PUT,2208651.8950148183,120.42704000000002,2023-05-26,2023-06-29,True,450,673650,15.2,1800,0,1200.0,INDUSINDBK,2185
SELL_PUT,2889106.273131818,49.85938000000001,2023-05-26,2023-06-29,True,700,185500,2.65,2800,0,890.0,ICICIBANK,653
SELL_CALL,711786.7880218173,72.01352,2023-05-26,2023-06-29,True,1200,672000,5.7,2400,2400,970.0,AXISBANK,710
SELL_CALL,701098.6664373988,56.3799875,2023-05-26,2023-06-29,True,950,643150,3.25,2850,2850,870.0,BHARTIARTL,1033
SELL_PUT,2906496.9266318176,73.8980375,2023-05-26,2023-06-29,True,125,189125,37.9,375,0,6500.0,BAJFINANCE,1981
SELL_CALL,344076.8409980694,77.01678125000001,2023-05-26,2023-06-29,True,175,14175,17.25,875,875,3460.0,TCS,266
SELL_PUT,2659895.6791418176,69.46544000000002,2023-05-26,2023-06-29,True,400,97200,10.8,1200,0,1840.0,KOTAKBANK,645
CALL_EXPIRED,849766.6891694557,0.0,2023-06-28,2023-06-28,,,,11.9,750,750,2640.0,RELIANCE,
CALL_EXPIRED,509166.1518148185,0.0,2023-06-28,2023-06-28,,,,3.9,4500,4500,615.0,SBIN,
PUT_EXPIRED,2208651.8950148183,0.0,2023-06-28,2023-06-28,,,,15.2,1800,0,1200.0,INDUSINDBK,
PUT_EXPIRED,2889106.273131818,0.0,2023-06-28,2023-06-28,,,,2.65,2800,0,890.0,ICICIBANK,
CALLED_AWAY,3037343.5812218175,2443.2068,2023-06-28,2023-06-28,,,,5.7,2400,0,970.0,AXISBANK,
CALLED_AWAY,3177997.9981123987,2600.668325,2023-06-28,2023-06-28,,,,3.25,2850,0,870.0,BHARTIARTL,
PUT_EXPIRED,2906496.9266318176,0.0,2023-06-28,2023-06-28,,,,37.9,375,0,6500.0,BAJFINANCE,
CALL_EXPIRED,365076.8409980694,0.0,2023-06-28,2023-06-28,,,,17.25,875,875,3460.0,TCS,
PUT_EXPIRED,2659895.6791418176,0.0,2023-06-28,2023-06-28,,,,10.8,1200,0,1840.0,KOTAKBANK,
SELL_CALL,861551.1520194557,65.53715,2023-06-30,2023-07-27,True,250,296500,15.8,750,750,2660.0,RELIANCE,3026
SELL_CALL,527078.8498148185,87.30199999999999,2023-06-30,2023-07-27,True,1500,8107500,4.0,4500,4500,600.0,SBIN,4439
SELL_PUT,2218642.7280648183,59.16694999999999,2023-06-30,2023-07-27,True,500,52000,6.7,1500,0,1270.0,INDUSINDBK,374
SELL_PUT,2898987.495471818,58.77766,2023-06-30,2023-07-27,True,700,256900,3.55,2800,0,890.0,ICICIBANK,601
SELL_PUT,3048530.1674718177,63.41375,2023-06-30,2023-07-27,True,625,218125,3.6,3125,0,930.0,AXISBANK,504
SELL_PUT,3193499.260492399,78.73761999999999,2023-06-30,2023-07-27,True,950,329650,4.1,3800,0,830.0,BHARTIARTL,522
SELL_PUT,2919813.4482693174,70.9783625,2023-06-30,2023-07-27,True,125,750,35.7,375,0,6750.0,BAJFINANCE,7
SELL_CALL,400496.1131918194,149.47780625000001,2023-06-30,2023-07-27,True,175,47075,40.65,875,875,3380.0,TCS,1495
SELL_PUT,2666568.2970618177,47.38208,2023-06-30,2023-07-27,True,400,134000,5.6,1200,0,1740.0,KOTAKBANK,349
CALLED_AWAY,2854454.048769456,2097.1032499999997,2023-07-19,2023-07-19,,,,15.8,750,0,2660.0,RELIANCE,
SELL_PUT,2858217.000569456,37.048199999999994,2023-07-20,2023-07-27,True,250,258250,3.8,1000,0,2480.0,RELIANCE,5473
PUT_EXPIRED,2858217.000569456,0.0,2023-07-27,2023-07-27,,,,3.8,1000,0,2480.0,RELIANCE,
CALLED_AWAY,3224249.0048148185,2829.845,2023-07-27,2023-07-27,,,,4.0,4500,0,600.0,SBIN,
PUT_EXPIRED,2218642.7280648183,0.0,2023-07-27,2023-07-27,,,,6.7,1500,0,1270.0,INDUSINDBK,
PUT_EXPIRED,2898987.495471818,0.0,2023-07-27,2023-07-27,,,,3.55,2800,0,890.0,ICICIBANK,
PUT_EXPIRED,3048530.1674718177,0.0,2023-07-27,2023-07-27,,,,3.6,3125,0,930.0,AXISBANK,
PUT_EXPIRED,3193499.260492399,0.0,2023-07-27,2023-07-27,,,,4.1,3800,0,830.0,BHARTIARTL,
PUT_EXPIRED,2919813.4482693174,0.0,2023-07-27,2023-07-27,,,,35.7,375,0,6750.0,BAJFINANCE,
CALLED_AWAY,3362773.6355668195,3097.477625,2023-07-27,2023-07-27,,,,40.65,875,0,3380.0,TCS,
PUT_EXPIRED,2666568.2970618177,0.0,2023-07-27,2023-07-27,,,,5.6,1200,0,1740.0,KOTAKBANK,
SELL_PUT,2868108.187519456,58.813050000000004,2023-07-28,2023-08-31,True,250,88250,9.95,1000,0,2380.0,RELIANCE,1032
SELL_PUT,3249560.4257398187,113.579075,2023-07-28,2023-08-31,True,1500,307500,5.65,4500,0,585.0,SBIN,317
SELL_PUT,2235658.6111648185,84.1169,2023-07-28,2023-08-31,True,500,42500,11.4,1500,0,1340.0,INDUSINDBK,228
SELL_PUT,2911658.808611818,68.68686,2023-07-28,2023-08-31,True,700,555800,4.55,2800,0,940.0,ICICIBANK,1454
SELL_PUT,3069992.7577843177,99.9096875,2023-07-28,2023-08-31,True,625,207500,6.9,3125,0,910.0,AXISBANK,1250
SELL_PUT,3215626.9885223988,102.27197,2023-07-28,2023-08-31,True,950,577600,7.8,2850,0,850.0,BHARTIARTL,386
SELL_PUT,2936343.5566318175,82.39163749999999,2023-07-28,2023-08-31,True,125,42375,44.3,375,0,6900.0,BAJFINANCE,1383
SELL_PUT,3375915.7765293196,70.3590375,2023-07-28,2023-08-31,True,175,10850,15.1,875,0,3220.0,TCS,387
SELL_PUT,2675154.120101818,54.17696,2023-07-28,2023-08-31,True,400,84000,7.2,1200,0,1780.0,KOTAKBANK,460
PUT_EXPIRED,2868108.187519456,0.0,2023-08-31,2023-08-31,,,,9.95,1000,0,2380.0,RELIANCE,
ASSIGNED,613905.8618648187,3154.5638750000003,2023-08-31,2023-08-31,,,,5.65,4500,4500,585.0,SBIN,
PUT_EXPIRED,2235658.6111648185,0.0,2023-08-31,2023-08-31,,,,11.4,1500,0,1340.0,INDUSINDBK,
PUT_EXPIRED,2911658.808611818,0.0,2023-08-31,2023-08-31,,,,4.55,2800,0,940.0,ICICIBANK,
PUT_EXPIRED,3069992.7577843177,0.0,2023-08-31,2023-08-31,,,,6.9,3125,0,910.0,AXISBANK,
PUT_EXPIRED,3215626.9885223988,0.0,2023-08-31,2023-08-31,,,,7.8,2850,0,850.0,BHARTIARTL,
PUT_EXPIRED,2936343.5566318175,0.0,2023-08-31,2023-08-31,,,,44.3,375,0,6900.0,BAJFINANCE,
PUT_EXPIRED,3375915.7765293196,0.0,2023-08-31,2023-08-31,,,,15.1,875,0,3220.0,TCS,
ASSIGNED,536590.068501818,2564.0516000000002,2023-08-31,2023-08-31,,,,7.2,1200,1200,1780.0,KOTAKBANK,
SELL_PUT,2881412.2533944556,70.934125,2023-09-01,2023-09-28,True,250,104500,10.7,1250,0,2280.0,RELIANCE,1363
SELL_CALL,637647.8567148187,108.00515,2023-09-01,2023-09-28,True,1500,3255000,5.3,4500,4500,590.0,SBIN,3850
SELL_PUT,2241912.7154648183,45.8957,2023-09-01,2023-09-28,True,500,199000,4.2,1500,0,1300.0,INDUSINDBK,1298
SELL_PUT,2916657.3720518183,41.43656,2023-09-01,2023-09-28,True,700,106400,1.8,2800,0,910.0,ICICIBANK,470
SELL_PUT,3079622.3737218175,57.8840625,2023-09-01,2023-09-28,True,625,362500,3.1,3125,0,920.0,AXISBANK,1099
SELL_PUT,3222040.526582399,46.46193999999999,2023-09-01,2023-09-28,True,950,90250,1.7,3800,0,810.0,BHARTIARTL,252
SELL_PUT,2944690.2290318175,53.327600000000004,2023-09-01,2023-09-28,True,125,98875,22.4,375,0,6800.0,BAJFINANCE,1093
SELL_PUT,3383268.4790818198,49.7974475,2023-09-01,2023-09-28,True,175,6125,7.05,1050,0,3180.0,TCS,88
SELL_CALL,544817.165581818,52.902919999999995,2023-09-01,2023-09-28,True,400,814800,6.9,1200,1200,1860.0,KOTAKBANK,2091
PUT_EXPIRED,2881412.2533944556,0.0,2023-09-28,2023-09-28,,,,10.7,1250,0,2280.0,RELIANCE,
CALL_EXPIRED,637647.8567148187,0.0,2023-09-28,2023-09-28,,,,5.3,4500,4500,590.0,SBIN,
PUT_EXPIRED,2241912.7154648183,0.0,2023-09-28,2023-09-28,,,,4.2,1500,0,1300.0,INDUSINDBK,
PUT_EXPIRED,2916657.3720518183,0.0,2023-09-28,2023-09-28,,,,1.8,2800,0,910.0,ICICIBANK,
PUT_EXPIRED,3079622.3737218175,0.0,2023-09-28,2023-09-28,,,,3.1,3125,0,920.0,AXISBANK,
PUT_EXPIRED,3222040.526582399,0.0,2023-09-28,2023-09-28,,,,1.7,3800,0,810.0,BHARTIARTL,
PUT_EXPIRED,2944690.2290318175,0.0,2023-09-28,2023-09-28,,,,22.4,375,0,6800.0,BAJFINANCE,
PUT_EXPIRED,3383268.4790818198,0.0,2023-09-28,2023-09-28,,,,7.05,1050,0,3180.0,TCS,
CALL_EXPIRED,544817.165581818,0.0,2023-09-28,2023-09-28,,,,6.9,1200,1200,1860.0,KOTAKBANK,
SELL_PUT,2890979.5905194557,57.662875,2023-09-29,2023-10-26,True,250,167000,7.7,1250,0,2220.0,RELIANCE,1614
SELL_CALL,663856.0925398187,116.764175,2023-09-29,2023-10-26,True,1500,4812000,5.85,4500,4500,620.0,SBIN,5681
SELL_PUT,2251230.937339818,56.778124999999996,2023-09-29,2023-10-26,True,500,41000,6.25,1500,0,1340.0,INDUSINDBK,367
SELL_PUT,2923469.4945118185,47.87754000000001,2023-09-29,2023-10-26,True,700,28700,2.45,2800,0,895.0,ICICIBANK,81
SELL_PUT,3094234.2946593175,75.57906249999999,2023-09-29,2023-10-26,True,625,371875,4.7,3125,0,980.0,AXISBANK,1646
SELL_PUT,3232098.6207498987,59.405832499999995,2023-09-29,2023-10-26,True,950,322050,3.55,2850,0,880.0,BHARTIARTL,616
SELL_PUT,2963219.4872755674,89.49175625000001,2023-09-29,2023-10-26,True,125,76875,49.65,375,0,7400.0,BAJFINANCE,764
SELL_PUT,3403080.68086307,94.04821875,2023-09-29,2023-10-26,True,175,18550,22.75,875,0,3360.0,TCS,260
SELL_CALL,558365.364401818,71.80118,2023-09-29,2023-10-26,True,400,448000,11.35,1200,1200,1820.0,KOTAKBANK,899
PUT_EXPIRED,2890979.5905194557,0.0,2023-10-26,2023-10-26,,,,7.7,1250,0,2220.0,RELIANCE,
CALL_EXPIRED,663856.0925398187,0.0,2023-10-26,2023-10-26,,,,5.85,4500,4500,620.0,SBIN,
PUT_EXPIRED,2251230.937339818,0.0,2023-10-26,2023-10-26,,,,6.25,1500,0,1340.0,INDUSINDBK,
PUT_EXPIRED,2923469.4945118185,0.0,2023-10-26,2023-10-26,,,,2.45,2800,0,895.0,ICICIBANK,
ASSIGNED,28068.31028431747,3665.984375,2023-10-26,2023-10-26,,,,4.7,3125,3125,980.0,AXISBANK,
PUT_EXPIRED,3232098.6207498987,0.0,2023-10-26,2023-10-26,,,,3.55,2850,0,880.0,BHARTIARTL,
PUT_EXPIRED,2963219.4872755674,0.0,2023-10-26,2023-10-26,,,,49.65,375,0,7400.0,BAJFINANCE,
ASSIGNED,459560.39186306996,3520.289,2023-10-26,2023-10-26,,,,22.75,875,875,3360.0,TCS,
CALL_EXPIRED,558365.364401818,0.0,2023-10-26,2023-10-26,,,,11.35,1200,1200,1820.0,KOTAKBANK,
SELL_PUT,2901730.2250819555,61.8654375,2023-10-27,2023-11-30,True,250,119250,8.65,1250,0,2120.0,RELIANCE,1913
SELL_CALL,697014.6438398188,141.4487,2023-10-27,2023-11-30,True,1500,4617000,7.4,4500,4500,580.0,SBIN,5247
SELL_PUT,2259801.813464818,54.123875000000005,2023-10-27,2023-11-30,True,500,88000,5.75,1500,0,1340.0,INDUSINDBK,701
SELL_PUT,2933071.7077718186,57.786739999999995,2023-10-27,2023-11-30,True,700,20300,3.45,2800,0,865.0,ICICIBANK,94
SELL_CALL,63543.633409317474,149.67687500000002,2023-10-27,2023-11-30,True,625,535000,11.4,3125,3125,1030.0,AXISBANK,4644
SELL_PUT,3239742.7881448986,50.832605,2023-10-27,2023-11-30,True,950,128250,2.7,2850,0,860.0,BHARTIARTL,185
SELL_PUT,2983561.0589630674,95.92831249999999,2023-10-27,2023-11-30,True,125,44000,54.5,375,0,7100.0,BAJFINANCE,1272
SELL_CALL,471743.43911306997,66.95275,2023-10-27,2023-11-30,True,175,74200,14.0,875,875,3520.0,TCS,606
SELL_CALL,570717.810021818,67.55438000000001,2023-10-27,2023-11-30,True,400,190800,10.35,1200,1200,1780.0,KOTAKBANK,689
PUT_EXPIRED,2901730.2250819555,0.0,2023-11-30,2023-11-30,,,,8.65,1250,0,2120.0,RELIANCE,
CALL_EXPIRED,697014.6438398188,0.0,2023-11-30,2023-11-30,,,,7.4,4500,4500,580.0,SBIN,
PUT_EXPIRED,2259801.813464818,0.0,2023-11-30,2023-11-30,,,,5.75,1500,0,1340.0,INDUSINDBK,
PUT_EXPIRED,2933071.7077718186,0.0,2023-11-30,2023-11-30,,,,3.45,2800,0,865.0,ICICIBANK,
CALLED_AWAY,3278924.6255968176,3369.0078125,2023-11-30,2023-11-30,,,,11.4,3125,0,1030.0,AXISBANK,
PUT_EXPIRED,3239742.7881448986,0.0,2023-11-30,2023-11-30,,,,2.7,2850,0,860.0,BHARTIARTL,
PUT_EXPIRED,2983561.0589630674,0.0,2023-11-30,2023-11-30,,,,54.5,375,0,7100.0,BAJFINANCE,
CALL_EXPIRED,471743.43911306997,0.0,2023-11-30,2023-11-30,,,,14.0,875,875,3520.0,TCS,
CALL_EXPIRED,570717.810021818,0.0,2023-11-30,2023-11-30,,,,10.35,1200,1200,1780.0,KOTAKBANK,
SELL_PUT,2908495.0156444553,47.7094375,2023-12-01,2023-12-28,True,250,366500,5.45,1250,0,2260.0,RELIANCE,2119
SELL_CALL,719187.2126148188,102.431225,2023-12-01,2023-12-28,True,1500,546000,4.95,4500,4500,595.0,SBIN,1679
SELL_PUT,2275696.6779398182,80.135525,2023-12-01,2023-12-28,True,500,500000,10.65,1500,0,1400.0,INDUSINDBK,2554
SELL_PUT,2939186.3075318187,45.400240000000004,2023-12-01,2023-12-28,True,700,206500,2.2,2800,0,890.0,ICICIBANK,1052
SELL_PUT,3293380.849503068,75.02609375000002,2023-12-01,2023-12-28,True,625,1121875,4.65,3125,0,1020.0,AXISBANK,3110
SELL_PUT,3251220.8392373985,64.4489075,2023-12-01,2023-12-28,True,950,289750,4.05,2850,0,960.0,BHARTIARTL,885
SELL_PUT,2992300.0878818175,54.721081250000005,2023-12-01,2023-12-28,True,125,6250,23.45,375,0,6750.0,BAJFINANCE,163
SELL_CALL,485147.15108806995,71.288025,2023-12-01,2023-12-28,True,175,19075,15.4,875,875,3680.0,TCS,284
SELL_CALL,579184.057741818,53.75227999999999,2023-12-01,2023-12-28,True,400,423200,7.1,1200,1200,1850.0,KOTAKBANK,904
SELL_CALL,602035.6833418184,29.12084,2023-12-18,2023-12-28,True,400,262000,1.3,1200,1200,1800.0,INFY,1320
PUT_EXPIRED,2908495.0156444553,0.0,2023-12-28,2023-12-28,,,,5.45,1250,0,2260.0,RELIANCE,
CALLED_AWAY,3393880.752989819,2806.459625,2023-12-28,2023-12-28,,,,4.95,4500,0,595.0,SBIN,
PUT_EXPIRED,2275696.6779398182,0.0,2023-12-28,2023-12-28,,,,10.65,1500,0,1400.0,INDUSINDBK,
PUT_EXPIRED,2939186.3075318187,0.0,2023-12-28,2023-12-28,,,,2.2,2800,0,890.0,ICICIBANK,
CALL_EXPIRED,602035.6833418184,0.0,2023-12-28,2023-12-28,,,,1.3,1200,1200,1800.0,INFY,
PUT_EXPIRED,3293380.849503068,0.0,2023-12-28,2023-12-28,,,,4.65,3125,0,1020.0,AXISBANK,
PUT_EXPIRED,3251220.8392373985,0.0,2023-12-28,2023-12-28,,,,4.05,2850,0,960.0,BHARTIARTL,
PUT_EXPIRED,2992300.0878818175,0.0,2023-12-28,2023-12-28,,,,23.45,375,0,6750.0,BAJFINANCE,
CALLED_AWAY,3701776.84408807,3370.307,2023-12-28,2023-12-28,,,,15.4,875,0,3680.0,TCS,
CALLED_AWAY,2796853.100741818,2330.957,2023-12-28,2023-12-28,,,,7.1,1200,0,1850.0,KOTAKBANK,
SELL_PUT,2922820.454044455,74.5616,2023-12-29,2024-01-25,True,250,200250,14.4,1000,0,2480.0,RELIANCE,1586
SELL_PUT,3430626.5638898187,154.1891,2023-12-29,2024-01-25,True,1500,3180000,8.2,4500,0,620.0,SBIN,2213
SELL_PUT,2290221.408539818,75.2694,2023-12-29,2024-01-25,True,500,336500,14.6,1000,0,1540.0,INDUSINDBK,1012
SELL_PUT,2959390.865831819,95.44170000000001,2023-12-29,2024-01-25,True,700,44100,7.25,2800,0,955.0,ICICIBANK,256
SELL_CALL,608050.6370018184,45.04634,2023-12-29,2024-01-25,True,400,887200,5.05,1200,1200,1800.0,INFY,3742
SELL_PUT,3319514.350753068,116.49875,2023-12-29,2024-01-25,True,625,911250,8.4,3125,0,1050.0,AXISBANK,1970
SELL_PUT,3265822.7955648983,75.54367250000001,2023-12-29,2024-01-25,True,950,376200,5.15,2850,0,980.0,BHARTIARTL,754
SELL_PUT,3013930.8309880677,100.50689375,2023-12-29,2024-01-25,True,125,44750,57.95,375,0,6900.0,BAJFINANCE,789
SELL_PUT,3726035.75308182,109.84100624999999,2023-12-29,2024-01-25,True,175,428575,27.85,875,0,3600.0,TCS,1383
SELL_PUT,2810640.4502018183,72.65053999999999,2023-12-29,2024-01-25,True,400,46800,11.55,1200,0,1830.0,KOTAKBANK,251
PUT_EXPIRED,2922820.454044455,0.0,2024-01-25,2024-01-25,,,,14.4,1000,0,2480.0,RELIANCE,
ASSIGNED,637284.6773898187,3341.8865,2024-01-25,2024-01-25,,,,8.2,4500,4500,620.0,SBIN,
ASSIGNED,748366.2095398181,1855.199,2024-01-25,2024-01-25,,,,14.6,1000,1000,1540.0,INDUSINDBK,
PUT_EXPIRED,2959390.865831819,0.0,2024-01-25,2024-01-25,,,,7.25,2800,0,955.0,ICICIBANK,
CALL_EXPIRED,608050.6370018184,0.0,2024-01-25,2024-01-25,,,,5.05,1200,1200,1800.0,INFY,
ASSIGNED,34338.1960655679,3926.1546875,2024-01-25,2024-01-25,,,,8.4,3125,3125,1050.0,AXISBANK,
PUT_EXPIRED,3265822.7955648983,0.0,2024-01-25,2024-01-25,,,,5.15,2850,0,980.0,BHARTIARTL,
PUT_EXPIRED,3013930.8309880677,0.0,2024-01-25,2024-01-25,,,,57.95,375,0,6900.0,BAJFINANCE,
PUT_EXPIRED,3726035.75308182,0.0,2024-01-25,2024-01-25,,,,27.85,875,0,3600.0,TCS,
ASSIGNED,612005.0376018183,2635.4126,2024-01-25,2024-01-25,,,,11.55,1200,1200,1830.0,KOTAKBANK,
SELL_PUT,2930569.249844455,51.2042,2024-01-29,2024-02-29,True,250,95000,7.8,1000,0,2580.0,RELIANCE,2688
SELL_CALL,701159.1390148187,250.53837499999997,2024-01-29,2024-02-29,True,1500,334500,14.25,4500,4500,645.0,SBIN,842
SELL_CALL,767624.1298898181,92.07965,2024-01-29,2024-02-29,True,500,1488500,19.35,1000,1000,1600.0,INDUSINDBK,5041
SELL_PUT,2978897.901431819,92.9644,2024-01-29,2024-02-29,True,700,453600,7.0,2800,0,960.0,ICICIBANK,1593
SELL_CALL,616696.2477018184,54.3893,2024-01-29,2024-02-29,True,400,592000,7.25,1200,1200,1800.0,INFY,2196
SELL_CALL,87562.98075306791,212.71531250000004,2024-01-29,2024-02-29,True,625,1651250,17.1,3125,3125,1100.0,AXISBANK,9011
SELL_PUT,3291784.407292398,115.88827249999999,2024-01-29,2024-02-29,True,950,592800,9.15,2850,0,1100.0,BHARTIARTL,687
SELL_PUT,3041241.4017943176,120.67919375000002,2024-01-29,2024-02-29,True,125,61375,73.15,375,0,6700.0,BAJFINANCE,1332
SELL_PUT,3744104.14811307,87.85496875000001,2024-01-29,2024-02-29,True,175,11900,20.75,875,0,3620.0,TCS,245
SELL_CALL,649827.0263818183,158.01122,2024-01-29,2024-02-29,True,400,187200,31.65,1200,1200,1860.0,KOTAKBANK,1278
SELL_CALL,456973.4321368185,133.32669500000003,2024-01-30,2024-02-29,True,300,363000,34.45,900,1000,3600.0,ADANIENT,2767
PUT_EXPIRED,2930569.249844455,0.0,2024-02-29,2024-02-29,,,,7.8,1000,0,2580.0,RELIANCE,
CALLED_AWAY,3600618.825639819,3040.313375,2024-02-29,2024-02-29,,,,14.25,4500,0,645.0,SBIN,
CALL_EXPIRED,767624.1298898181,0.0,2024-02-29,2024-02-29,,,,19.35,1000,1000,1600.0,INDUSINDBK,
PUT_EXPIRED,2978897.901431819,0.0,2024-02-29,2024-02-29,,,,7.0,2800,0,960.0,ICICIBANK,
CALL_EXPIRED,616696.2477018184,0.0,2024-02-29,2024-02-29,,,,7.25,1200,1200,1800.0,INFY,
CALL_EXPIRED,87562.98075306791,0.0,2024-02-29,2024-02-29,,,,17.1,3125,3125,1100.0,AXISBANK,
PUT_EXPIRED,3291784.407292398,0.0,2024-02-29,2024-02-29,,,,9.15,2850,0,1100.0,BHARTIARTL,
ASSIGNED,525729.5599193177,3011.8418749999996,2024-02-29,2024-02-29,,,,73.15,375,375,6700.0,BAJFINANCE,
PUT_EXPIRED,3744104.14811307,0.0,2024-02-29,2024-02-29,,,,20.75,875,0,3620.0,TCS,
CALL_EXPIRED,649827.0263818183,0.0,2024-02-29,2024-02-29,,,,31.65,1200,1200,1860.0,KOTAKBANK,
CALL_EXPIRED,456973.4321368185,0.0,2024-02-29,2024-02-29,,,,34.45,900,1000,3600.0,ADANIENT,
SELL_PUT,2939663.267994455,55.98185,2024-03-01,2024-03-28,True,250,83750,9.15,1000,0,2780.0,RELIANCE,1411
SELL_PUT,3616737.893839819,80.9318,2024-03-01,2024-03-28,True,1500,1110000,3.6,4500,0,710.0,SBIN,1673
SELL_CALL,796647.3680398181,126.76185,2024-03-01,2024-03-28,True,500,405000,29.15,1000,1000,1560.0,INDUSINDBK,3427
SELL_PUT,2989616.151011819,61.75041999999999,2024-03-01,2024-03-28,True,700,1825600,3.85,2800,0,1000.0,ICICIBANK,4172
SELL_CALL,624684.1941418183,52.053560000000004,2024-03-01,2024-03-28,True,400,798800,6.7,1200,1200,1800.0,INFY,3271
SELL_CALL,143278.9179405679,221.56281249999998,2024-03-01,2024-03-28,True,625,193750,17.9,3125,3125,1130.0,AXISBANK,1278
SELL_PUT,3314338.1223998982,103.7848925,2024-03-01,2024-03-28,True,950,197600,7.95,2850,0,1070.0,BHARTIARTL,566
SELL_CALL,562643.5236130677,154.78630625,2024-03-01,2024-03-28,True,125,29000,98.85,375,375,6850.0,BAJFINANCE,553
SELL_PUT,3770324.83970057,116.80841249999999,2024-03-01,2024-03-28,True,175,261625,30.1,875,0,3900.0,TCS,1683
SELL_CALL,662478.4103018184,68.61608,2024-03-01,2024-03-28,True,400,110000,10.6,1200,1200,1820.0,KOTAKBANK,645
SELL_CALL,503449.6847018185,188.747435,2024-03-01,2024-03-28,True,300,555000,51.85,900,1000,3600.0,ADANIENT,2707
PUT_EXPIRED,2939663.267994455,0.0,2024-03-28,2024-03-28,,,,9.15,1000,0,2780.0,RELIANCE,
PUT_EXPIRED,3616737.893839819,0.0,2024-03-28,2024-03-28,,,,3.6,4500,0,710.0,SBIN,
CALL_EXPIRED,796647.3680398181,0.0,2024-03-28,2024-03-28,,,,29.15,1000,1000,1560.0,INDUSINDBK,
PUT_EXPIRED,2989616.151011819,0.0,2024-03-28,2024-03-28,,,,3.85,2800,0,1000.0,ICICIBANK,
CALL_EXPIRED,624684.1941418183,0.0,2024-03-28,2024-03-28,,,,6.7,1200,1200,1800.0,INFY,
CALL_EXPIRED,143278.9179405679,0.0,2024-03-28,2024-03-28,,,,17.9,3125,3125,1130.0,AXISBANK,
PUT_EXPIRED,3314338.1223998982,0.0,2024-03-28,2024-03-28,,,,7.95,2850,0,1070.0,BHARTIARTL,
CALLED_AWAY,3128700.093300568,2693.4303125,2024-03-28,2024-03-28,,,,98.85,375,0,6850.0,BAJFINANCE,
ASSIGNED,353742.5828255699,4082.256875,2024-03-28,2024-03-28,,,,30.1,875,875,3900.0,TCS,
CALL_EXPIRED,662478.4103018184,0.0,2024-03-28,2024-03-28,,,,10.6,1200,1200,1820.0,KOTAKBANK,
CALL_EXPIRED,503449.6847018185,0.0,2024-03-28,2024-03-28,,,,51.85,900,1000,3600.0,ADANIENT,
SELL_PUT,2950002.862394455,60.4056,2024-04-01,2024-04-25,True,250,120500,10.4,1000,0,2820.0,RELIANCE,1203
SELL_PUT,3632184.350864819,78.542975,2024-04-01,2024-04-25,True,1500,207000,3.45,4500,0,715.0,SBIN,445
SELL_CALL,805492.2709398181,55.0971,2024-04-01,2024-04-25,True,500,166000,8.9,1000,1000,1640.0,INDUSINDBK,1556
SELL_PUT,3000334.400591819,61.75041999999999,2024-04-01,2024-04-25,True,700,352100,3.85,2800,0,1040.0,ICICIBANK,842
SELL_CALL,626095.4979818183,28.69616,2024-04-01,2024-04-25,True,400,406000,1.2,1200,1200,1800.0,INFY,887
SELL_CALL,178287.14997181788,148.01796875,2024-04-01,2024-04-25,True,625,1626875,11.25,3125,3125,1100.0,AXISBANK,5230
SELL_PUT,3329555.393394898,77.729005,2024-04-01,2024-04-25,True,950,84550,8.05,1900,0,1170.0,BHARTIARTL,360
SELL_PUT,3150723.1929255677,101.900375,2024-04-01,2024-04-25,True,125,91875,59.0,375,0,6900.0,BAJFINANCE,1231
SELL_CALL,394306.08493181993,167.74789375,2024-04-01,2024-04-25,True,175,25550,46.55,875,875,4080.0,TCS,381
SELL_CALL,672439.3495218183,59.060779999999994,2024-04-01,2024-04-25,True,400,95600,8.35,1200,1200,1880.0,KOTAKBANK,636
SELL_CALL,539836.7696418185,152.91505999999998,2024-04-01,2024-04-25,True,300,261900,40.6,900,1000,3600.0,ADANIENT,2294
PUT_EXPIRED,2950002.862394455,0.0,2024-04-25,2024-04-25,,,,10.4,1000,0,2820.0,RELIANCE,
PUT_EXPIRED,3632184.350864819,0.0,2024-04-25,2024-04-25,,,,3.45,4500,0,715.0,SBIN,
CALL_EXPIRED,805492.2709398181,0.0,2024-04-25,2024-04-25,,,,8.9,1000,1000,1640.0,INDUSINDBK,
PUT_EXPIRED,3000334.400591819,0.0,2024-04-25,2024-04-25,,,,3.85,2800,0,1040.0,ICICIBANK,
CALL_EXPIRED,626095.4979818183,0.0,2024-04-25,2024-04-25,,,,1.2,1200,1200,1800.0,INFY,
CALLED_AWAY,3612190.784346818,3596.365625,2024-04-25,2024-04-25,,,,11.25,3125,0,1100.0,AXISBANK,
PUT_EXPIRED,3329555.393394898,0.0,2024-04-25,2024-04-25,,,,8.05,1900,0,1170.0,BHARTIARTL,
PUT_EXPIRED,3150723.1929255677,0.0,2024-04-25,2024-04-25,,,,59.0,375,0,6900.0,BAJFINANCE,
CALL_EXPIRED,394306.08493181993,0.0,2024-04-25,2024-04-25,,,,46.55,875,875,4080.0,TCS,
CALL_EXPIRED,672439.3495218183,0.0,2024-04-25,2024-04-25,,,,8.35,1200,1200,1880.0,KOTAKBANK,
CALL_EXPIRED,539836.7696418185,0.0,2024-04-25,2024-04-25,,,,40.6,900,1000,3600.0,ADANIENT,
SELL_PUT,2964178.831644455,74.03075000000001,2024-04-26,2024-05-30,True,250,108250,14.25,1000,0,2780.0,RELIANCE,794
SELL_PUT,3681261.366639819,197.984225,2024-04-26,2024-05-30,True,750,2044500,10.95,4500,0,770.0,SBIN,9858
SELL_CALL,814436.8199398181,55.451,2024-04-26,2024-05-30,True,500,277500,9.0,1000,1000,1580.0,INDUSINDBK,2357
SELL_PUT,3032396.844791819,137.55579999999998,2024-04-26,2024-05-30,True,700,477400,11.5,2800,0,1060.0,ICICIBANK,2144
SELL_CALL,626968.7128818183,26.785100000000003,2024-04-26,2024-05-30,True,400,218400,0.75,1200,1200,1800.0,INFY,165
SELL_PUT,3638479.982628068,117.05171874999998,2024-04-26,2024-05-30,True,625,360000,8.45,3125,0,1070.0,AXISBANK,3049
SELL_PUT,3356037.655994898,117.73740000000001,2024-04-26,2024-05-30,True,475,147725,11.2,2375,0,1270.0,BHARTIARTL,420
SELL_PUT,3265192.9618255678,430.2310999999999,2024-04-26,2024-05-30,True,125,16750,306.4,375,0,6950.0,BAJFINANCE,541
SELL_CALL,414685.02390681993,96.061025,2024-04-26,2024-05-30,True,175,164500,23.4,875,875,4050.0,TCS,1525
SELL_CALL,680427.2959618183,52.053560000000004,2024-04-26,2024-05-30,True,400,438800,6.7,1200,1200,1820.0,KOTAKBANK,1529
SELL_CALL,556000.6785868185,81.091055,2024-04-26,2024-05-30,True,300,279600,18.05,900,1000,3600.0,ADANIENT,1031
PUT_EXPIRED,2964178.831644455,0.0,2024-05-30,2024-05-30,,,,14.25,1000,0,2780.0,RELIANCE,
PUT_EXPIRED,3681261.366639819,0.0,2024-05-30,2024-05-30,,,,10.95,4500,0,770.0,SBIN,
CALL_EXPIRED,814436.8199398181,0.0,2024-05-30,2024-05-30,,,,9.0,1000,1000,1580.0,INDUSINDBK,
PUT_EXPIRED,3032396.844791819,0.0,2024-05-30,2024-05-30,,,,11.5,2800,0,1060.0,ICICIBANK,
CALL_EXPIRED,626968.7128818183,0.0,2024-05-30,2024-05-30,,,,0.75,1200,1200,1800.0,INFY,
PUT_EXPIRED,3638479.982628068,0.0,2024-05-30,2024-05-30,,,,8.45,3125,0,1070.0,AXISBANK,
PUT_EXPIRED,3356037.655994898,0.0,2024-05-30,2024-05-30,,,,11.2,2375,0,1270.0,BHARTIARTL,
ASSIGNED,655819.6183880679,3123.3434374999997,2024-05-30,2024-05-30,,,,306.4,375,375,6950.0,BAJFINANCE,
CALL_EXPIRED,439185.02390681993,0.0,2024-05-30,2024-05-30,,,,23.4,875,875,4050.0,TCS,
CALL_EXPIRED,680427.2959618183,0.0,2024-05-30,2024-05-30,,,,6.7,1200,1200,1820.0,KOTAKBANK,
CALL_EXPIRED,556000.6785868185,0.0,2024-05-30,2024-05-30,,,,18.05,900,1000,3600.0,ADANIENT,
SELL_PUT,2991258.970844455,119.86079999999998,2024-05-31,2024-06-27,True,250,1480750,27.2,1000,0,2700.0,RELIANCE,6676
SELL_PUT,3743790.605914819,245.76072499999998,2024-05-31,2024-06-27,True,750,72750,13.95,4500,0,785.0,SBIN,491
SELL_CALL,836634.3002398182,102.5197,2024-05-31,2024-06-27,True,500,292000,22.3,1000,1000,1540.0,INDUSINDBK,1166
SELL_PUT,3061529.6936518187,127.15113999999998,2024-05-31,2024-06-27,True,700,224700,10.45,2800,0,1060.0,ICICIBANK,1405
SELL_PUT,3691081.979190568,210.50343749999996,2024-05-31,2024-06-27,True,625,58125,16.9,3125,0,1110.0,AXISBANK,264
SELL_PUT,3401571.007338648,185.39865625,2024-05-31,2024-06-27,True,475,33250,19.25,2375,0,1310.0,BHARTIARTL,380
SELL_CALL,710389.625425568,217.4929625,2024-05-31,2024-06-27,True,125,19250,146.1,375,375,6950.0,BAJFINANCE,828
SELL_CALL,465274.9299880699,116.34391875,2024-05-31,2024-06-27,True,175,147525,29.95,875,875,3950.0,TCS,2246
SELL_CALL,692421.0156218183,66.28034000000001,2024-05-31,2024-06-27,True,400,100400,10.05,1200,1200,1820.0,KOTAKBANK,1247
SELL_CALL,739016.9996768185,673.67891,2024-05-31,2024-06-27,True,300,745800,204.1,900,1000,3600.0,ADANIENT,10974
SELL_CALL,663713.8588618183,34.85402,2024-06-26,2024-07-25,True,400,2800,2.65,1200,1200,1800.0,INFY,14
PUT_EXPIRED,2991258.970844455,0.0,2024-06-27,2024-06-27,,,,27.2,1000,0,2700.0,RELIANCE,
PUT_EXPIRED,3743790.605914819,0.0,2024-06-27,2024-06-27,,,,13.95,4500,0,785.0,SBIN,
CALL_EXPIRED,836634.3002398182,0.0,2024-06-27,2024-06-27,,,,22.3,1000,1000,1540.0,INDUSINDBK,
PUT_EXPIRED,3061529.6936518187,0.0,2024-06-27,2024-06-27,,,,10.45,2800,0,1060.0,ICICIBANK,
PUT_EXPIRED,3691081.979190568,0.0,2024-06-27,2024-06-27,,,,16.9,3125,0,1110.0,AXISBANK,
PUT_EXPIRED,3401571.007338648,0.0,2024-06-27,2024-06-27,,,,19.25,2375,0,1310.0,BHARTIARTL,
CALLED_AWAY,3327407.219488068,2732.4059374999997,2024-06-27,2024-06-27,,,,146.1,375,0,6950.0,BAJFINANCE,
CALL_EXPIRED,465274.9299880699,0.0,2024-06-27,2024-06-27,,,,29.95,875,875,3950.0,TCS,
CALLED_AWAY,2874127.4752218183,2293.5404000000003,2024-06-27,2024-06-27,,,,10.05,1200,0,1820.0,KOTAKBANK,
CALL_EXPIRED,740316.9996768185,0.0,2024-06-27,2024-06-27,,,,204.1,900,1000,3600.0,ADANIENT,
SELL_PUT,3003242.725894455,66.24495,2024-06-28,2024-07-25,True,250,2212750,12.05,1000,0,2900.0,RELIANCE,20053
SELL_PUT,3767532.600764819,108.00515,2024-06-28,2024-07-25,True,750,3123000,5.3,4500,0,800.0,SBIN,4631
SELL_CALL,862975.6641398182,58.6361,2024-06-28,2024-07-25,True,500,225500,9.9,1000,1000,1580.0,INDUSINDBK,915
SELL_PUT,3082745.6598668187,99.03378500000001,2024-06-28,2024-07-25,True,700,704200,10.15,2100,0,1160.0,ICICIBANK,1791
SELL_PUT,3725062.610815568,144.368375,2024-06-28,2024-07-25,True,625,356250,13.65,2500,0,1220.0,AXISBANK,786
SELL_PUT,3460002.3007511483,231.20658749999998,2024-06-28,2024-07-25,True,475,1588875,24.7,2375,0,1400.0,BHARTIARTL,15191
SELL_PUT,3355502.503331818,123.46615625,2024-06-28,2024-07-25,True,125,130000,75.25,375,0,6800.0,BAJFINANCE,1004
SELL_CALL,490928.8843818199,114.79560624999999,2024-06-28,2024-07-25,True,175,110600,29.45,875,875,4150.0,TCS,2401
SELL_PUT,2895149.1315418184,98.34367999999999,2024-06-28,2024-07-25,True,400,107200,13.2,1600,0,1740.0,KOTAKBANK,532
SELL_CALL,759978.4867318185,93.512945,2024-06-28,2024-07-25,True,300,437100,21.95,900,1000,3600.0,ADANIENT,1447
PUT_EXPIRED,3003242.725894455,0.0,2024-07-25,2024-07-25,,,,12.05,1000,0,2900.0,RELIANCE,
PUT_EXPIRED,3767532.600764819,0.0,2024-07-25,2024-07-25,,,,5.3,4500,0,800.0,SBIN,
CALL_EXPIRED,862975.6641398182,0.0,2024-07-25,2024-07-25,,,,9.9,1000,1000,1580.0,INDUSINDBK,
PUT_EXPIRED,3082745.6598668187,0.0,2024-07-25,2024-07-25,,,,10.15,2100,0,1160.0,ICICIBANK,
CALLED_AWAY,2821445.2628618185,2268.596,2024-07-25,2024-07-25,,,,2.65,1200,0,1800.0,INFY,
ASSIGNED,671411.4933155677,3651.1175000000003,2024-07-25,2024-07-25,,,,13.65,2500,2500,1220.0,AXISBANK,
PUT_EXPIRED,3460002.3007511483,0.0,2024-07-25,2024-07-25,,,,24.7,2375,0,1400.0,BHARTIARTL,
ASSIGNED,802446.0608318183,3056.4425,2024-07-25,2024-07-25,,,,75.25,375,375,6800.0,BAJFINANCE,
CALLED_AWAY,4127131.14469432,3797.7396875,2024-07-25,2024-07-25,,,,29.45,875,0,4150.0,TCS,
PUT_EXPIRED,2895149.1315418184,0.0,2024-07-25,2024-07-25,,,,13.2,1600,0,1740.0,KOTAKBANK,
CALL_EXPIRED,759978.4867318185,0.0,2024-07-25,2024-07-25,,,,21.95,900,1000,3600.0,ADANIENT,
SELL_PUT,3014180.196894455,62.529,2024-07-26,2024-08-29,False,250,179250,11.0,1000,0,2840.0,RELIANCE,1539
SELL_PUT,3800915.355789819,142.244975,2024-07-26,2024-08-29,False,750,960000,7.45,4500,0,810.0,SBIN,3068
SELL_CALL,871123.0443398182,52.619800000000005,2024-07-26,2024-08-29,False,500,199000,8.2,1000,1000,1540.0,INDUSINDBK,1338
SELL_PUT,3107937.5054718186,113.15439500000001,2024-07-26,2024-08-29,False,700,439600,12.05,2100,0,1140.0,ICICIBANK,2356
SELL_PUT,2832183.4416618184,61.821200000000005,2024-07-26,2024-08-29,False,400,378000,6.75,1600,0,1740.0,INFY,3744
SELL_CALL,698790.5708155677,120.9225,2024-07-26,2024-08-29,False,625,725000,11.0,2500,2500,1240.0,AXISBANK,2450
SELL_PUT,3470746.707432398,61.84331875,2024-07-26,2024-08-29,False,475,174800,4.55,2375,0,1380.0,BHARTIARTL,1684
SELL_CALL,842125.2038005682,164.60703124999998,2024-07-26,2024-08-29,False,125,651000,106.25,375,375,7000.0,BAJFINANCE,13883
SELL_PUT,4138355.09823182,63.5464625,2024-07-26,2024-08-29,False,175,263725,12.9,875,0,4100.0,TCS,3677
SELL_PUT,2903495.8039418184,53.327600000000004,2024-07-26,2024-08-29,False,400,114800,5.25,1600,0,1680.0,KOTAKBANK,1402
SELL_CALL,772241.2508618186,67.23587,2024-07-26,2024-08-29,False,300,73800,13.7,900,1000,3600.0,ADANIENT,742
PUT_EXPIRED,3014180.196894455,0.0,2024-08-29,2024-08-29,,,,11.0,1000,0,2840.0,RELIANCE,
PUT_EXPIRED,3800915.355789819,0.0,2024-08-29,2024-08-29,,,,7.45,4500,0,810.0,SBIN,
CALL_EXPIRED,871123.0443398182,0.0,2024-08-29,2024-08-29,,,,8.2,1000,1000,1540.0,INDUSINDBK,
PUT_EXPIRED,3107937.5054718186,0.0,2024-08-29,2024-08-29,,,,12.05,2100,0,1140.0,ICICIBANK,
PUT_EXPIRED,2832183.4416618184,0.0,2024-08-29,2024-08-29,,,,6.75,1600,0,1740.0,INFY,
CALL_EXPIRED,698790.5708155677,0.0,2024-08-29,2024-08-29,,,,11.0,2500,2500,1240.0,AXISBANK,
PUT_EXPIRED,3470746.707432398,0.0,2024-08-29,2024-08-29,,,,4.55,2375,0,1380.0,BHARTIARTL,
CALLED_AWAY,3464373.3100505685,2751.89375,2024-08-29,2024-08-29,,,,106.25,375,0,7000.0,BAJFINANCE,
PUT_EXPIRED,4138355.09823182,0.0,2024-08-29,2024-08-29,,,,12.9,875,0,4100.0,TCS,
PUT_EXPIRED,2903495.8039418184,0.0,2024-08-29,2024-08-29,,,,5.25,1600,0,1680.0,KOTAKBANK,
CALL_EXPIRED,772241.2508618186,0.0,2024-08-29,2024-08-29,,,,13.7,900,1000,3600.0,ADANIENT,
SELL_PUT,3030847.3186444547,82.87825000000001,2024-08-30,2024-09-26,False,250,247500,16.75,1000,0,2880.0,RELIANCE,2969
SELL_PUT,3818379.646339819,85.70945,2024-08-30,2024-09-26,False,750,765000,3.9,4500,0,770.0,SBIN,1415
SELL_CALL,876430.5106898182,42.53365,2024-08-30,2024-09-26,False,500,113000,5.35,1000,1000,1540.0,INDUSINDBK,846
SELL_PUT,3115865.664251819,51.84122000000001,2024-08-30,2024-09-26,False,700,501200,3.8,2100,0,1160.0,ICICIBANK,1044
SELL_PUT,2844057.5860018185,65.85566,2024-08-30,2024-09-26,False,400,315600,9.95,1200,0,1840.0,INFY,1318
SELL_CALL,717948.8450655678,91.72575,2024-08-30,2024-09-26,False,625,291250,7.7,2500,2500,1240.0,AXISBANK,694
SELL_PUT,3486815.952582398,80.75484999999999,2024-08-30,2024-09-26,False,475,506825,8.5,1900,0,1480.0,BHARTIARTL,2181
SELL_PUT,3480766.4050255683,81.905025,2024-08-30,2024-09-26,False,125,195000,32.95,500,0,6700.0,BAJFINANCE,2315
SELL_PUT,4153153.85560682,76.242625,2024-08-30,2024-09-26,False,175,366100,17.0,875,0,4300.0,TCS,2659
SELL_PUT,2912639.6451418186,56.1588,2024-08-30,2024-09-26,False,400,118800,5.75,1600,0,1680.0,KOTAKBANK,975
SELL_CALL,778585.0366518185,46.21421,2024-08-30,2024-09-26,False,300,150900,7.1,900,1000,3600.0,ADANIENT,732
PUT_EXPIRED,3030847.3186444547,0.0,2024-09-26,2024-09-26,,,,16.75,1000,0,2880.0,RELIANCE,
PUT_EXPIRED,3818379.646339819,0.0,2024-09-26,2024-09-26,,,,3.9,4500,0,770.0,SBIN,
CALL_EXPIRED,876430.5106898182,0.0,2024-09-26,2024-09-26,,,,5.35,1000,1000,1540.0,INDUSINDBK,
PUT_EXPIRED,3115865.664251819,0.0,2024-09-26,2024-09-26,,,,3.8,2100,0,1160.0,ICICIBANK,
PUT_EXPIRED,2844057.5860018185,0.0,2024-09-26,2024-09-26,,,,9.95,1200,0,1840.0,INFY,
CALLED_AWAY,3814703.2600655677,3245.585,2024-09-26,2024-09-26,,,,7.7,2500,0,1240.0,AXISBANK,
PUT_EXPIRED,3486815.952582398,0.0,2024-09-26,2024-09-26,,,,8.5,1900,0,1480.0,BHARTIARTL,
PUT_EXPIRED,3480766.4050255683,0.0,2024-09-26,2024-09-26,,,,32.95,500,0,6700.0,BAJFINANCE,
ASSIGNED,386155.32623182004,4498.529374999999,2024-09-26,2024-09-26,,,,17.0,875,875,4300.0,TCS,
PUT_EXPIRED,2912639.6451418186,0.0,2024-09-26,2024-09-26,,,,5.75,1600,0,1680.0,KOTAKBANK,
CALL_EXPIRED,778585.0366518185,0.0,2024-09-26,2024-09-26,,,,7.1,900,1000,3600.0,ADANIENT,
SELL_PUT,3036702.838544455,44.4801,2024-09-27,2024-10-31,False,250,192750,5.9,1000,0,2840.0,RELIANCE,1820
SELL_PUT,3837413.3629648187,91.283375,2024-09-27,2024-10-31,False,750,1245000,4.25,4500,0,760.0,SBIN,2304
SELL_CALL,891353.8256898181,76.685,2024-09-27,2024-10-31,False,500,360500,15.0,1000,1000,1540.0,INDUSINDBK,2655
SELL_PUT,3135930.718011819,94.94624,2024-09-27,2024-10-31,False,700,380800,9.6,2100,0,1260.0,ICICIBANK,1155
SELL_PUT,2871596.0972618186,121.48874,2024-09-27,2024-10-31,False,400,927600,23.05,1200,0,1800.0,INFY,5210
SELL_PUT,3841148.155378068,117.6046875,2024-09-27,2024-10-31,False,625,198125,8.5,3125,0,1210.0,AXISBANK,552
SELL_PUT,3521912.620527398,148.332055,2024-09-27,2024-10-31,False,475,245575,18.55,1900,0,1680.0,BHARTIARTL,1368
SELL_PUT,3511047.6751880683,131.22983749999997,2024-09-27,2024-10-31,False,125,101875,81.1,375,0,7400.0,BAJFINANCE,1277
SELL_CALL,426762.42350682005,167.902725,2024-09-27,2024-10-31,False,175,150150,46.6,875,875,4550.0,TCS,2749
SELL_PUT,2934139.6027418184,100.04240000000001,2024-09-27,2024-10-31,False,400,642800,13.5,1600,0,1800.0,KOTAKBANK,2225
SELL_CALL,787750.3300018186,59.706649999999996,2024-10-08,2024-10-31,False,300,53400,10.25,900,1000,3600.0,ADANIENT,663
ASSIGNED,193301.48454445507,3401.3540000000003,2024-10-31,2024-10-31,,,,2.95,2000.0,2000.0,1420.0,RELIANCE,
PUT_EXPIRED,3837413.3629648187,0.0,2024-10-31,2024-10-31,,,,4.25,4500,0,760.0,SBIN,
CALL_EXPIRED,891353.8256898181,0.0,2024-10-31,2024-10-31,,,,15.0,1000,1000,1540.0,INDUSINDBK,
PUT_EXPIRED,3135930.718011819,0.0,2024-10-31,2024-10-31,,,,9.6,2100,0,1260.0,ICICIBANK,
ASSIGNED,709003.5012618187,2592.596,2024-10-31,2024-10-31,,,,23.05,1200,1200,1800.0,INFY,
ASSIGNED,55377.32569056796,4520.8296875,2024-10-31,2024-10-31,,,,8.5,3125,3125,1210.0,AXISBANK,
ASSIGNED,326092.6153273978,3820.0051999999996,2024-10-31,2024-10-31,,,,18.55,1900,1900,1680.0,BHARTIARTL,
ASSIGNED,732723.6289380682,3324.04625,2024-10-31,2024-10-31,,,,81.1,375,375,7400.0,BAJFINANCE,
CALL_EXPIRED,435512.42350682005,0.0,2024-10-31,2024-10-31,,,,46.6,875,875,4550.0,TCS,
ASSIGNED,50690.67474181857,3448.928,2024-10-31,2024-10-31,,,,13.5,1600,1600,1800.0,KOTAKBANK,
CALL_EXPIRED,787750.3300018186,0.0,2024-10-31,2024-10-31,,,,10.25,900,1000,3600.0,ADANIENT,
SELL_CALL,207920.34874445508,81.1358,2024-11-01,2024-11-28,False,500,999000,7.35,2000.0,2000.0,1420.0,RELIANCE,423
SELL_PUT,3882885.9910148187,202.37195,2024-11-01,2024-11-28,False,750,1910250,10.15,4500,0,780.0,SBIN,421
SELL_CALL,892176.8987898182,26.9269,2024-11-01,2024-11-28,False,500,36000,0.85,1000,1000,1600.0,INDUSINDBK,18
SELL_PUT,3158812.115581819,113.60243,2024-11-01,2024-11-28,False,700,142100,10.95,2100,0,1230.0,ICICIBANK,115
SELL_CALL,729240.2905018186,103.21076,2024-11-01,2024-11-28,False,400,559200,16.95,1200,1200,1860.0,INFY,226
SELL_CALL,93018.22756556797,171.598125,2024-11-01,2024-11-28,False,625,366875,12.1,3125,3125,1220.0,AXISBANK,267
SELL_CALL,352281.0184173978,126.59691,2024-11-01,2024-11-28,False,475,1338075,13.85,1900,1900,1700.0,BHARTIARTL,636
SELL_CALL,751432.6712755682,97.2076625,2024-11-01,2024-11-28,False,125,93000,50.15,375,375,7400.0,BAJFINANCE,181
SELL_CALL,448475.29473182006,74.62877499999999,2024-11-01,2024-11-28,False,175,459900,14.9,875,875,4300.0,TCS,425
SELL_CALL,74015.33058181856,115.34415999999999,2024-11-01,2024-11-28,False,400,218800,14.65,1600,1600,1820.0,KOTAKBANK,115
SELL_CALL,794898.5492018186,51.7808,2024-11-01,2024-11-28,False,300,600,8.0,900,1000,3580.0,ADANIENT,1
CALL_EXPIRED,207920.34874445508,0.0,2024-11-28,2024-11-28,,,,7.35,2000.0,2000.0,1420.0,RELIANCE,
PUT_EXPIRED,3882885.9910148187,0.0,2024-11-28,2024-11-28,,,,10.15,4500,0,780.0,SBIN,
CALL_EXPIRED,892176.8987898182,0.0,2024-11-28,2024-11-28,,,,0.85,1000,1000,1600.0,INDUSINDBK,
PUT_EXPIRED,3158812.115581819,0.0,2024-11-28,2024-11-28,,,,10.95,2100,0,1230.0,ICICIBANK,
CALL_EXPIRED,729240.2905018186,0.0,2024-11-28,2024-11-28,,,,16.95,1200,1200,1860.0,INFY,
CALL_EXPIRED,93018.22756556797,0.0,2024-11-28,2024-11-28,,,,12.1,3125,3125,1220.0,AXISBANK,
CALL_EXPIRED,352281.0184173978,0.0,2024-11-28,2024-11-28,,,,13.85,1900,1900,1700.0,BHARTIARTL,
CALL_EXPIRED,751432.6712755682,0.0,2024-11-28,2024-11-28,,,,50.15,375,375,7400.0,BAJFINANCE,
CALL_EXPIRED,448475.29473182006,0.0,2024-11-28,2024-11-28,,,,14.9,875,875,4300.0,TCS,
CALL_EXPIRED,74015.33058181856,0.0,2024-11-28,2024-11-28,,,,14.65,1600,1600,1820.0,KOTAKBANK,
CALL_EXPIRED,794898.5492018186,0.0,2024-11-28,2024-11-28,,,,8.0,900,1000,3580.0,ADANIENT,
SELL_CALL,211383.0497444551,37.29900000000001,2024-11-29,2024-12-26,False,500,669500,1.75,2000.0,2000.0,1420.0,RELIANCE,2218
SELL_PUT,3912894.3839148185,141.6071,2024-11-29,2024-12-26,False,750,3616500,6.7,4500,0,800.0,SBIN,5243
SELL_PUT,3168410.706341819,61.40923999999999,2024-11-29,2024-12-26,False,700,179200,4.6,2100,0,1220.0,ICICIBANK,725
SELL_CALL,744038.4501818187,81.84032,2024-11-29,2024-12-26,False,400,752000,12.4,1200,1200,1960.0,INFY,3311
SELL_CALL,108402.83287806797,84.1446875,2024-11-29,2024-12-26,False,625,165625,4.95,3125,3125,1210.0,AXISBANK,542
SELL_CALL,388026.8666773978,164.15174000000002,2024-11-29,2024-12-26,False,475,408500,18.9,1900,1900,1680.0,BHARTIARTL,10804
SELL_CALL,755032.3341005682,37.837175,2024-11-29,2024-12-26,False,125,57625,9.7,375,375,7400.0,BAJFINANCE,758
SELL_CALL,466362.56611932005,93.97861250000001,2024-11-29,2024-12-26,False,175,402675,20.55,875,875,4500.0,TCS,8034
SELL_CALL,87936.93458181855,78.396,2024-11-29,2024-12-26,False,400,290800,8.75,1600,1600,1860.0,KOTAKBANK,985
CALL_EXPIRED,211383.0497444551,0.0,2024-12-26,2024-12-26,,,,1.75,2000.0,2000.0,1420.0,RELIANCE,
PUT_EXPIRED,3912894.3839148185,0.0,2024-12-26,2024-12-26,,,,6.7,4500,0,800.0,SBIN,
PUT_EXPIRED,3168410.706341819,0.0,2024-12-26,2024-12-26,,,,4.6,2100,0,1220.0,ICICIBANK,
CALL_EXPIRED,744038.4501818187,0.0,2024-12-26,2024-12-26,,,,12.4,1200,1200,1960.0,INFY,
CALL_EXPIRED,108402.83287806797,0.0,2024-12-26,2024-12-26,,,,4.95,3125,3125,1210.0,AXISBANK,
CALL_EXPIRED,388026.8666773978,0.0,2024-12-26,2024-12-26,,,,18.9,1900,1900,1680.0,BHARTIARTL,
CALL_EXPIRED,755032.3341005682,0.0,2024-12-26,2024-12-26,,,,9.7,375,375,7400.0,BAJFINANCE,
CALL_EXPIRED,466362.56611932005,0.0,2024-12-26,2024-12-26,,,,20.55,875,875,4500.0,TCS,
CALL_EXPIRED,87936.93458181855,0.0,2024-12-26,2024-12-26,,,,8.75,1600,1600,1860.0,KOTAKBANK,
SELL_CALL,212953.18734445507,29.8624,2024-12-27,2025-01-30,False,500,395000,0.8,2000.0,2000.0,1420.0,RELIANCE,221
SELL_PUT,3945143.9703148184,150.4136,2024-12-27,2025-01-30,False,750,711750,7.2,4500,0,770.0,SBIN,2601
SELL_PUT,3178950.598371819,65.10797,2024-12-27,2025-01-30,False,700,245700,5.05,2100,0,1230.0,ICICIBANK,663
SELL_CALL,762840.8755818186,97.5746,2024-12-27,2025-01-30,False,400,182000,15.75,1200,1200,2020.0,INFY,943
SELL_CALL,113826.57819056798,45.004687499999996,2024-12-27,2025-01-30,False,625,188750,1.75,3125,3125,1210.0,AXISBANK,378
SELL_CALL,409010.7204173978,106.14626,2024-12-27,2025-01-30,False,475,407075,11.1,1900,1900,1680.0,BHARTIARTL,2436
SELL_CALL,771089.2974630682,86.78663749999998,2024-12-27,2025-01-30,False,125,101375,43.05,375,375,7400.0,BAJFINANCE,1940
SELL_CALL,487518.2446943201,106.821425,2024-12-27,2025-01-30,False,175,396375,24.3,875,875,4400.0,TCS,3124
SELL_CALL,101300.73042181856,76.20416,2024-12-27,2025-01-30,False,400,205600,8.4,1600,1600,1860.0,KOTAKBANK,983
CALL_EXPIRED,212953.18734445507,0.0,2025-01-30,2025-01-30,,,,0.8,2000.0,2000.0,1420.0,RELIANCE,
ASSIGNED,475999.2725648186,4144.69775,2025-01-30,2025-01-30,,,,7.2,4500,4500,770.0,SBIN,
PUT_EXPIRED,3178950.598371819,0.0,2025-01-30,2025-01-30,,,,5.05,2100,0,1230.0,ICICIBANK,
CALL_EXPIRED,762840.8755818186,0.0,2025-01-30,2025-01-30,,,,15.75,1200,1200,2020.0,INFY,
CALL_EXPIRED,113826.57819056798,0.0,2025-01-30,2025-01-30,,,,1.75,3125,3125,1210.0,AXISBANK,
CALL_EXPIRED,409010.7204173978,0.0,2025-01-30,2025-01-30,,,,11.1,1900,1900,1680.0,BHARTIARTL,
CALLED_AWAY,3543181.501213068,2907.79625,2025-01-30,2025-01-30,,,,43.05,375,0,7400.0,BAJFINANCE,
CALL_EXPIRED,554018.24469432,0.0,2025-01-30,2025-01-30,,,,24.3,875,875,4400.0,TCS,
CALLED_AWAY,3074184.024821819,3116.7056000000002,2025-01-30,2025-01-30,,,,8.4,1600,0,1860.0,KOTAKBANK,
SELL_CALL,216117.06254445508,36.1248,2025-01-31,2025-02-27,False,500,461500,1.6,2000.0,2000.0,1420.0,RELIANCE,901
SELL_CALL,528867.8391648186,231.4334,2025-01-31,2025-02-27,False,750,1040250,11.8,4500,4500,810.0,SBIN,2446
SELL_PUT,3199531.037281819,104.56109,2025-01-31,2025-02-27,False,700,158900,9.85,2100,0,1190.0,ICICIBANK,596
SELL_CALL,785348.7409018186,112.13468,2025-01-31,2025-02-27,False,400,370800,18.85,1200,1200,1960.0,INFY,2712
SELL_CALL,115670.63944056797,30.93875,2025-01-31,2025-02-27,False,625,61250,0.6,3125,3125,1300.0,AXISBANK,41
SELL_CALL,434442.0981473978,123.62227,2025-01-31,2025-02-27,False,475,138225,13.45,1900,1900,1740.0,BHARTIARTL,1493
SELL_PUT,3577746.987563068,159.51365,2025-01-31,2025-02-27,False,125,250125,92.6,375,0,7500.0,BAJFINANCE,5487
SELL_CALL,574433.0843068201,103.9103875,2025-01-31,2025-02-27,False,175,89250,23.45,875,875,4350.0,TCS,1667
SELL_PUT,3096472.751221819,111.2736,2025-01-31,2025-02-27,False,400,790000,14.0,1600,0,1800.0,KOTAKBANK,1903
CALL_EXPIRED,216117.06254445508,0.0,2025-02-27,2025-02-27,,,,1.6,2000.0,2000.0,1420.0,RELIANCE,
CALL_EXPIRED,528867.8391648186,0.0,2025-02-27,2025-02-27,,,,11.8,4500,4500,810.0,SBIN,
PUT_EXPIRED,3199531.037281819,0.0,2025-02-27,2025-02-27,,,,9.85,2100,0,1190.0,ICICIBANK,
CALL_EXPIRED,785348.7409018186,0.0,2025-02-27,2025-02-27,,,,18.85,1200,1200,1960.0,INFY,
CALL_EXPIRED,115670.63944056797,0.0,2025-02-27,2025-02-27,,,,0.6,3125,3125,1300.0,AXISBANK,
CALL_EXPIRED,434442.0981473978,0.0,2025-02-27,2025-02-27,,,,13.45,1900,1900,1740.0,BHARTIARTL,
PUT_EXPIRED,3577746.987563068,0.0,2025-02-27,2025-02-27,,,,92.6,375,0,7500.0,BAJFINANCE,
CALL_EXPIRED,574433.0843068201,0.0,2025-02-27,2025-02-27,,,,23.45,875,875,4350.0,TCS,
PUT_EXPIRED,3096472.751221819,0.0,2025-02-27,2025-02-27,,,,14.0,1600,0,1800.0,KOTAKBANK,
SELL_CALL,217089.5485444551,27.514000000000003,2025-02-28,2025-03-27,False,500,51500,0.5,2000.0,2000.0,1420.0,RELIANCE,67
SELL_CALL,534447.2229148187,45.61625,2025-02-28,2025-03-27,False,750,1371750,1.25,4500,4500,770.0,SBIN,3213
SELL_PUT,3219483.942011819,102.09527,2025-02-28,2025-03-27,False,700,346500,9.55,2100,0,1160.0,ICICIBANK,1159
SELL_CALL,789687.9975818186,40.74332,2025-02-28,2025-03-27,False,400,413600,3.65,1200,1200,1860.0,INFY,2857
SELL_CALL,439433.7911573978,43.30699,2025-02-28,2025-03-27,False,475,325375,2.65,1900,1900,1740.0,BHARTIARTL,1576
SELL_PUT,3621202.541463068,194.4461,2025-02-28,2025-03-27,False,125,114125,116.4,375,0,8300.0,BAJFINANCE,4174
SELL_CALL,575847.5834693201,29.2508375,2025-02-28,2025-03-27,False,175,154875,1.65,875,875,4300.0,TCS,333
SELL_PUT,3128802.0245018187,150.72672,2025-02-28,2025-03-27,False,400,185200,20.3,1600,0,1860.0,KOTAKBANK,1540
SELL_CALL,116892.14694056798,28.4925,2025-03-12,2025-03-27,False,625,1250,0.4,3125,3125,1220.0,AXISBANK,10
CALL_EXPIRED,217089.5485444551,0.0,2025-03-27,2025-03-27,,,,0.5,2000.0,2000.0,1420.0,RELIANCE,
CALLED_AWAY,3995822.275164819,3624.9477500000003,2025-03-27,2025-03-27,,,,1.25,4500,0,770.0,SBIN,
PUT_EXPIRED,3219483.942011819,0.0,2025-03-27,2025-03-27,,,,9.55,2100,0,1160.0,ICICIBANK,
CALL_EXPIRED,789687.9975818186,0.0,2025-03-27,2025-03-27,,,,3.65,1200,1200,1860.0,INFY,
CALL_EXPIRED,116892.14694056798,0.0,2025-03-27,2025-03-27,,,,0.4,3125,3125,1220.0,AXISBANK,
CALL_EXPIRED,439433.7911573978,0.0,2025-03-27,2025-03-27,,,,2.65,1900,1900,1740.0,BHARTIARTL,
PUT_EXPIRED,3621202.541463068,0.0,2025-03-27,2025-03-27,,,,116.4,375,0,8300.0,BAJFINANCE,
CALL_EXPIRED,575847.5834693201,0.0,2025-03-27,2025-03-27,,,,1.65,875,875,4300.0,TCS,
PUT_EXPIRED,3128802.0245018187,0.0,2025-03-27,2025-03-27,,,,20.3,1600,0,1860.0,KOTAKBANK,
SELL_CALL,220552.2495444551,37.29900000000001,2025-03-28,2025-04-24,False,500,637500,1.75,2000.0,2000.0,1420.0,RELIANCE,2654
SELL_PUT,4015147.645714819,99.62944999999999,2025-03-28,2025-04-24,False,750,775500,3.7,5250,0,730.0,SBIN,2121
SELL_PUT,3231278.9024018194,70.03961000000001,2025-03-28,2025-04-24,False,700,301700,5.65,2100,0,1270.0,ICICIBANK,1162
SELL_CALL,795103.0271418187,44.97044,2025-03-28,2025-04-24,False,400,292000,4.55,1200,1200,1780.0,INFY,656
SELL_CALL,125895.57631556797,59.070625,2025-03-28,2025-04-24,False,625,110000,2.9,3125,3125,1210.0,AXISBANK,334
SELL_CALL,461742.4392773978,111.35188,2025-03-28,2025-04-24,False,475,304000,11.8,1900,1900,1820.0,BHARTIARTL,1253
SELL_PUT,3660250.414813068,177.12664999999998,2025-03-28,2025-04-24,False,125,80000,104.6,375,0,8600.0,BAJFINANCE,2476
SELL_CALL,577479.97644432,30.107025,2025-03-28,2025-04-24,False,175,74025,1.9,875,875,4300.0,TCS,313
SELL_PUT,3140074.039741819,67.98476000000001,2025-03-28,2025-04-24,False,400,261200,9.45,1200,0,2020.0,KOTAKBANK,775
CALL_EXPIRED,220552.2495444551,0.0,2025-04-24,2025-04-24,,,,1.75,2000.0,2000.0,1420.0,RELIANCE,
PUT_EXPIRED,4015147.645714819,0.0,2025-04-24,2025-04-24,,,,3.7,5250,0,730.0,SBIN,
PUT_EXPIRED,3231278.9024018194,0.0,2025-04-24,2025-04-24,,,,5.65,2100,0,1270.0,ICICIBANK,
CALL_EXPIRED,795103.0271418187,0.0,2025-04-24,2025-04-24,,,,4.55,1200,1200,1780.0,INFY,
CALL_EXPIRED,125895.57631556797,0.0,2025-04-24,2025-04-24,,,,2.9,3125,3125,1210.0,AXISBANK,
CALLED_AWAY,3916124.7669773977,3617.6723,2025-04-24,2025-04-24,,,,11.8,1900,0,1820.0,BHARTIARTL,
PUT_EXPIRED,3660250.414813068,0.0,2025-04-24,2025-04-24,,,,104.6,375,0,8600.0,BAJFINANCE,
CALL_EXPIRED,577479.97644432,0.0,2025-04-24,2025-04-24,,,,1.9,875,875,4300.0,TCS,
PUT_EXPIRED,3140074.039741819,0.0,2025-04-24,2025-04-24,,,,9.45,1200,0,2020.0,KOTAKBANK,
SELL_CALL,229593.0321444551,59.2174,2025-04-25,2025-05-29,False,500,1053500,4.55,2000.0,2000.0,1420.0,RELIANCE,6102
SELL_PUT,4098496.443914819,351.20180000000005,2025-04-25,2025-05-29,False,750,902250,18.6,4500,0,770.0,SBIN,8054
SELL_PUT,3254892.4231818193,116.47922000000001,2025-04-25,2025-05-29,False,700,333200,11.3,2100,0,1330.0,ICICIBANK,1542
SELL_CALL,796334.4955018187,28.531639999999996,2025-04-25,2025-05-29,False,400,602000,1.05,1200,1200,1800.0,INFY,718
SELL_CALL,144548.588815568,96.9875,2025-04-25,2025-05-29,False,625,303750,6.0,3125,3125,1270.0,AXISBANK,2267
SELL_PUT,3969282.1985173975,232.56846,2025-04-25,2025-05-29,False,475,357675,28.1,1900,0,1760.0,BHARTIARTL,1491
SELL_PUT,3738668.587313068,331.8275,2025-04-25,2025-05-29,False,125,135875,210.0,375,0,8800.0,BAJFINANCE,3115
SELL_PUT,3193958.614061819,235.42568000000003,2025-04-25,2025-05-29,False,400,133200,45.1,1200,0,2120.0,KOTAKBANK,546
CALL_EXPIRED,229593.0321444551,0.0,2025-05-29,2025-05-29,,,,4.55,2000.0,2000.0,1420.0,RELIANCE,
PUT_EXPIRED,4098496.443914819,0.0,2025-05-29,2025-05-29,,,,18.6,4500,0,770.0,SBIN,
PUT_EXPIRED,3254892.4231818193,0.0,2025-05-29,2025-05-29,,,,11.3,2100,0,1330.0,ICICIBANK,
CALL_EXPIRED,796334.4955018187,0.0,2025-05-29,2025-05-29,,,,1.05,1200,1200,1800.0,INFY,
CALL_EXPIRED,144548.588815568,0.0,2025-05-29,2025-05-29,,,,6.0,3125,3125,1270.0,AXISBANK,
PUT_EXPIRED,3969282.1985173975,0.0,2025-05-29,2025-05-29,,,,28.1,1900,0,1760.0,BHARTIARTL,
PUT_EXPIRED,3738668.587313068,0.0,2025-05-29,2025-05-29,,,,210.0,375,0,8800.0,BAJFINANCE,
ASSIGNED,646909.3076618188,3049.3064,2025-05-29,2025-05-29,,,,45.1,1200,1200,2120.0,KOTAKBANK,
SELL_CALL,248495.0661444551,97.96600000000001,2025-05-30,2025-06-26,False,500,519500,9.5,2000.0,2000.0,1490.0,RELIANCE,3586
SELL_PUT,4115730.033864819,91.41005,2025-05-30,2025-06-26,False,750,1217250,3.3,5250,0,760.0,SBIN,6429
SELL_PUT,3268779.164171819,78.25901,2025-05-30,2025-06-26,False,700,291900,6.65,2100,0,1380.0,ICICIBANK,452
SELL_CALL,824563.6154618188,30.88004,2025-05-30,2025-06-26,False,400,62400,1.55,1200,1200,1780.0,INFY,79
SELL_CALL,165536.17787806797,106.1609375,2025-05-30,2025-06-26,False,625,118750,6.75,3125,3125,1270.0,AXISBANK,851
SELL_PUT,3988373.4888573973,98.70966,2025-05-30,2025-06-26,False,475,404225,10.1,1900,0,1780.0,BHARTIARTL,925
SELL_PUT,3762737.817438068,118.269875,2025-05-30,2025-06-26,False,125,82875,64.5,375,0,8700.0,BAJFINANCE,822
SELL_CALL,659974.2777018188,75.02996,2025-05-30,2025-06-26,False,400,826400,10.95,1200,1200,2200.0,KOTAKBANK,2228
CALLED_AWAY,3225374.2031444553,3120.863,2025-06-26,2025-06-26,,,,9.5,2000.0,0.0,1490.0,RELIANCE,
PUT_EXPIRED,4115730.033864819,0.0,2025-06-26,2025-06-26,,,,3.3,5250,0,760.0,SBIN,
PUT_EXPIRED,3268779.164171819,0.0,2025-06-26,2025-06-26,,,,6.65,2100,0,1380.0,ICICIBANK,
CALL_EXPIRED,824563.6154618188,0.0,2025-06-26,2025-06-26,,,,1.55,1200,1200,1780.0,INFY,
CALL_EXPIRED,165536.17787806797,0.0,2025-06-26,2025-06-26,,,,6.75,3125,3125,1270.0,AXISBANK,
PUT_EXPIRED,3988373.4888573973,0.0,2025-06-26,2025-06-26,,,,10.1,1900,0,1780.0,BHARTIARTL,
PUT_EXPIRED,3762737.817438068,0.0,2025-06-26,2025-06-26,,,,6.45,3750.0,0.0,870.0,BAJFINANCE,
CALLED_AWAY,3297206.7937018187,2767.484,2025-06-26,2025-06-26,,,,10.95,1200,0,2200.0,KOTAKBANK,
SELL_PUT,3235411.0717444555,63.1314,2025-06-27,2025-07-31,False,500,571500,5.05,2000,0.0,1420.0,RELIANCE,2465
SELL_PUT,4134793.931839819,98.602025,2025-06-27,2025-07-31,False,750,1260750,3.65,5250,0,760.0,SBIN,2732
SELL_PUT,3277122.6865718192,56.4776,2025-06-27,2025-07-31,False,700,146300,4.0,2100,0,1370.0,ICICIBANK,455
SELL_CALL,830815.3572618187,48.2582,2025-06-27,2025-07-31,False,400,210400,5.25,1200,1200,1780.0,INFY,852
SELL_CALL,191037.28162806795,123.89624999999998,2025-06-27,2025-07-31,False,625,1010000,8.2,3125,3125,1300.0,AXISBANK,5226
SELL_PUT,4009641.2271073973,107.26175,2025-06-27,2025-07-31,False,475,326800,11.25,1900,0,1920.0,BHARTIARTL,1717
SELL_PUT,3798386.547313068,163.77012499999998,2025-06-27,2025-07-31,False,750,1891500,9.55,3750,0.0,900.0,BAJFINANCE,2708
SELL_PUT,3315351.802341819,94.99136,2025-06-27,2025-07-31,False,400,501600,15.2,1200,0,2100.0,KOTAKBANK,1427
ASSIGNED,392009.7177444557,3401.3540000000003,2025-07-31,2025-07-31,,,,5.05,2000,2000.0,1420.0,RELIANCE,
PUT_EXPIRED,4134793.931839819,0.0,2025-07-31,2025-07-31,,,,3.65,5250,0,760.0,SBIN,
PUT_EXPIRED,3277122.6865718192,0.0,2025-07-31,2025-07-31,,,,4.0,2100,0,1370.0,ICICIBANK,
CALL_EXPIRED,830815.3572618187,0.0,2025-07-31,2025-07-31,,,,5.25,1200,1200,1780.0,INFY,
CALL_EXPIRED,194162.28162806795,0.0,2025-07-31,2025-07-31,,,,8.2,3125,3125,1300.0,AXISBANK,
ASSIGNED,357278.8783073975,4362.3488,2025-07-31,2025-07-31,,,,11.25,1900,1900,1920.0,BHARTIARTL,
ASSIGNED,419348.89106306806,4037.65625,2025-07-31,2025-07-31,,,,9.55,3750,3750.0,900.0,BAJFINANCE,
ASSIGNED,792331.0403418187,3020.762,2025-07-31,2025-07-31,,,,15.2,1200,1200,2100.0,KOTAKBANK,
SELL_CALL,409019.1883444557,90.5294,2025-08-01,2025-08-28,False,500,1657500,8.55,2000.0,2000.0,1460.0,RELIANCE,4775
SELL_PUT,4165101.150539819,142.78130000000002,2025-08-01,2025-08-28,False,750,1179000,5.8,5250,0,760.0,SBIN,3636
SELL_PUT,3290486.482411819,76.20416,2025-08-01,2025-08-28,False,700,448000,6.4,2100,0,1410.0,ICICIBANK,1069
SELL_CALL,831568.7043418187,26.652919999999998,2025-08-01,2025-08-28,False,400,50000,0.65,1200,1200,1780.0,INFY,61
SELL_CALL,197095.81194056795,35.2196875,2025-08-01,2025-08-28,False,625,147500,0.95,3125,3125,1210.0,AXISBANK,254
SELL_CALL,370124.70942739747,74.16887999999999,2025-08-01,2025-08-28,False,475,115900,6.8,1900,1900,2020.0,BHARTIARTL,803
SELL_CALL,440243.09706306807,105.794,2025-08-01,2025-08-28,False,750,3533250,5.6,3750.0,3750.0,940.0,BAJFINANCE,4622
SELL_CALL,802945.6388218187,65.40151999999999,2025-08-01,2025-08-28,False,400,901600,8.9,1200,1200,2100.0,KOTAKBANK,4002
CALL_EXPIRED,420019.1883444557,0.0,2025-08-28,2025-08-28,,,,8.55,2000.0,2000.0,1460.0,RELIANCE,
PUT_EXPIRED,4165101.150539819,0.0,2025-08-28,2025-08-28,,,,5.8,5250,0,760.0,SBIN,
ASSIGNED,325941.21706181904,3545.2653499999997,2025-08-28,2025-08-28,,,,6.4,2100,2100,1410.0,ICICIBANK,
CALL_EXPIRED,831568.7043418187,0.0,2025-08-28,2025-08-28,,,,0.65,1200,1200,1780.0,INFY,
CALL_EXPIRED,197095.81194056795,0.0,2025-08-28,2025-08-28,,,,0.95,3125,3125,1210.0,AXISBANK,
CALL_EXPIRED,370124.70942739747,0.0,2025-08-28,2025-08-28,,,,6.8,1900,1900,2020.0,BHARTIARTL,
CALL_EXPIRED,440243.09706306807,0.0,2025-08-28,2025-08-28,,,,5.6,3750.0,3750.0,940.0,BAJFINANCE,
CALL_EXPIRED,802945.6388218187,0.0,2025-08-28,2025-08-28,,,,8.9,1200,1200,2100.0,KOTAKBANK,
SELL_CALL,431251.3601444557,67.82820000000001,2025-08-29,2025-09-30,False,500,1429000,5.65,2000.0,2000.0,1460.0,RELIANCE,11157
SELL_PUT,4181550.322764819,88.327775,2025-08-29,2025-09-30,False,750,1339500,3.15,5250,0,760.0,SBIN,1935
SELL_CALL,334389.32849181903,56.88857,2025-08-29,2025-09-30,False,700,487200,4.05,2100,2100,1470.0,ICICIBANK,1158
SELL_CALL,832202.5211018187,26.18324,2025-08-29,2025-09-30,False,400,155600,0.55,1200,1200,1800.0,INFY,108
SELL_CALL,198317.31944056795,28.4925,2025-08-29,2025-09-30,False,625,13125,0.4,3125,3125,1220.0,AXISBANK,2
SELL_CALL,386661.03917739744,88.67025000000001,2025-08-29,2025-09-30,False,475,161500,8.75,1900,1900,1980.0,BHARTIARTL,1044
SELL_CALL,464499.0933130681,119.00375000000001,2025-08-29,2025-09-30,False,750,484500,6.5,3750.0,3750.0,930.0,BAJFINANCE,819
SELL_CALL,808659.4941818188,46.144639999999995,2025-08-29,2025-09-30,False,400,821600,4.8,1200,1200,2100.0,KOTAKBANK,3906
CALL_EXPIRED,431251.3601444557,0.0,2025-09-30,2025-09-30,,,,5.65,2000.0,2000.0,1460.0,RELIANCE,
PUT_EXPIRED,4181550.322764819,0.0,2025-09-30,2025-09-30,,,,3.15,5250,0,760.0,SBIN,
CALL_EXPIRED,334389.32849181903,0.0,2025-09-30,2025-09-30,,,,4.05,2100,2100,1470.0,ICICIBANK,
CALL_EXPIRED,832202.5211018187,0.0,2025-09-30,2025-09-30,,,,0.55,1200,1200,1800.0,INFY,
CALL_EXPIRED,198317.31944056795,0.0,2025-09-30,2025-09-30,,,,0.4,3125,3125,1220.0,AXISBANK,
CALL_EXPIRED,386661.03917739744,0.0,2025-09-30,2025-09-30,,,,8.75,1900,1900,1980.0,BHARTIARTL,
CALLED_AWAY,3948350.7601880683,3648.333125,2025-09-30,2025-09-30,,,,6.5,3750.0,0.0,930.0,BAJFINANCE,
CALL_EXPIRED,808659.4941818188,0.0,2025-09-30,2025-09-30,,,,4.8,1200,1200,2100.0,KOTAKBANK,
SELL_CALL,444575.3125444557,76.0476,2025-10-01,2025-10-28,False,500,2184500,6.7,2000.0,2000.0,1440.0,RELIANCE,4488
SELL_PUT,4200352.748164819,97.5746,2025-10-01,2025-10-28,False,750,1573500,4.2,4500,0,830.0,SBIN,2356
SELL_CALL,353087.164861819,97.16363,2025-10-01,2025-10-28,False,700,1353800,8.95,2100,2100,1420.0,ICICIBANK,4429
SELL_CALL,832955.8681818186,26.652919999999998,2025-10-01,2025-10-28,False,400,120400,0.65,1200,1200,1800.0,INFY,80
SELL_CALL,231133.42975306796,152.6396875,2025-10-01,2025-10-28,False,625,151250,10.55,3125,3125,1210.0,AXISBANK,1385
SELL_CALL,399412.24212739745,73.79705,2025-10-01,2025-10-28,False,475,302100,6.75,1900,1900,1980.0,BHARTIARTL,1245
SELL_PUT,3988108.3448130684,179.915375,2025-10-01,2025-10-28,False,750,666000,10.65,3750,0.0,950.0,BAJFINANCE,3082
SELL_CALL,846287.9449818188,171.5492,2025-10-01,2025-10-28,False,400,1255200,31.5,1200,1200,2100.0,KOTAKBANK,19772
CALLED_AWAY,3321558.384544456,3016.928,2025-10-28,2025-10-28,,,,6.7,2000.0,0.0,1440.0,RELIANCE,
PUT_EXPIRED,4200352.748164819,0.0,2025-10-28,2025-10-28,,,,4.2,4500,0,830.0,SBIN,
CALL_EXPIRED,353087.164861819,0.0,2025-10-28,2025-10-28,,,,8.95,2100,2100,1420.0,ICICIBANK,
CALL_EXPIRED,860555.8681818186,0.0,2025-10-28,2025-10-28,,,,0.65,1200,1200,1800.0,INFY,
CALLED_AWAY,4008429.787565568,3953.6421875,2025-10-28,2025-10-28,,,,10.55,3125,0,1210.0,AXISBANK,
CALLED_AWAY,4157478.6074273977,3933.6347,2025-10-28,2025-10-28,,,,6.75,1900,0,1980.0,BHARTIARTL,
PUT_EXPIRED,3988108.3448130684,0.0,2025-10-28,2025-10-28,,,,10.65,3750,0.0,950.0,BAJFINANCE,
CALLED_AWAY,3363645.182981819,2642.762,2025-10-28,2025-10-28,,,,31.5,1200,0,2100.0,KOTAKBANK,
SELL_PUT,3329105.0381444558,53.346399999999996,2025-10-29,2025-11-25,False,500,320500,3.8,2000,0.0,1410.0,RELIANCE,1125
SELL_PUT,4224309.918614819,117.82955,2025-10-29,2025-11-25,False,750,151500,5.35,4500,0,885.0,SBIN,161
SELL_CALL,364777.536221819,69.62863999999999,2025-10-29,2025-11-25,False,700,1374800,5.6,2100,2100,1440.0,ICICIBANK,2152
SELL_PUT,4021324.177878068,74.3596875,2025-10-29,2025-11-25,False,625,393750,4.15,3125,0,1180.0,AXISBANK,298
SELL_PUT,4174393.449857398,90.15757,2025-10-29,2025-11-25,False,475,126350,8.95,1900,0,1980.0,BHARTIARTL,333
SELL_PUT,4028052.6955630686,180.64925,2025-10-29,2025-11-25,False,750,433500,10.7,3750,0.0,1020.0,BAJFINANCE,332
SELL_PUT,3377168.352581819,76.8304,2025-10-29,2025-11-25,False,400,161200,8.5,1600,0,2060.0,KOTAKBANK,416
SELL_CALL,863221.7003818186,34.16779999999999,2025-11-19,2025-12-30,False,400,55200,2.25,1200,1200,1800.0,INFY,298
PUT_EXPIRED,3329105.0381444558,0.0,2025-11-25,2025-11-25,,,,3.8,2000,0.0,1410.0,RELIANCE,
PUT_EXPIRED,4224309.918614819,0.0,2025-11-25,2025-11-25,,,,5.35,4500,0,885.0,SBIN,
CALL_EXPIRED,364777.536221819,0.0,2025-11-25,2025-11-25,,,,5.6,2100,2100,1440.0,ICICIBANK,
PUT_EXPIRED,4021324.177878068,0.0,2025-11-25,2025-11-25,,,,4.15,3125,0,1180.0,AXISBANK,
PUT_EXPIRED,4174393.449857398,0.0,2025-11-25,2025-11-25,,,,8.95,1900,0,1980.0,BHARTIARTL,
ASSIGNED,198479.8318130686,4572.8637499999995,2025-11-25,2025-11-25,,,,10.7,3750,3750.0,1020.0,BAJFINANCE,
PUT_EXPIRED,3377168.352581819,0.0,2025-11-25,2025-11-25,,,,8.5,1600,0,2060.0,KOTAKBANK,
SELL_PUT,3335655.605744456,49.432399999999994,2025-11-26,2025-12-30,False,500,497000,3.3,2000,0.0,1460.0,RELIANCE,1733
SELL_PUT,4240198.792464819,86.12615,2025-11-26,2025-12-30,False,750,144750,3.55,4500,0,935.0,SBIN,237
SELL_CALL,376677.085641819,70.45058,2025-11-26,2025-12-30,False,700,395500,5.7,2100,2100,1430.0,ICICIBANK,1110
SELL_PUT,4031105.799440568,62.128437500000004,2025-11-26,2025-12-30,False,625,510625,3.15,3125,0,1200.0,AXISBANK,1028
SELL_PUT,4198878.545887398,119.90397,2025-11-26,2025-12-30,False,475,438900,12.95,1900,0,2060.0,BHARTIARTL,2618
SELL_CALL,252244.8758130686,234.956,2025-11-26,2025-12-30,False,750,745500,14.4,3750.0,3750.0,1040.0,BAJFINANCE,2001
SELL_PUT,3383121.2685818193,47.084,2025-11-26,2025-12-30,False,400,113200,3.75,1600,0,1960.0,KOTAKBANK,326
PUT_EXPIRED,3335655.605744456,0.0,2025-12-30,2025-12-30,,,,3.3,2000,0.0,1460.0,RELIANCE,
PUT_EXPIRED,4240198.792464819,0.0,2025-12-30,2025-12-30,,,,3.55,4500,0,935.0,SBIN,
CALL_EXPIRED,376677.085641819,0.0,2025-12-30,2025-12-30,,,,5.7,2100,2100,1430.0,ICICIBANK,
CALL_EXPIRED,863221.7003818186,0.0,2025-12-30,2025-12-30,,,,2.25,1200,1200,1800.0,INFY,
PUT_EXPIRED,4031105.799440568,0.0,2025-12-30,2025-12-30,,,,3.15,3125,0,1200.0,AXISBANK,
PUT_EXPIRED,4198878.545887398,0.0,2025-12-30,2025-12-30,,,,12.95,1900,0,2060.0,BHARTIARTL,
CALL_EXPIRED,252244.8758130686,0.0,2025-12-30,2025-12-30,,,,14.4,3750.0,3750.0,1040.0,BAJFINANCE,
PUT_EXPIRED,3383121.2685818193,0.0,2025-12-30,2025-12-30,,,,3.75,1600,0,1960.0,KOTAKBANK,
SELL_PUT,3340014.784144456,40.8216,2025-12-31,2026-01-27,False,500,592500,2.2,2000,0.0,1460.0,RELIANCE,1289
SELL_PUT,4248019.369714819,54.42275,2025-12-31,2026-01-27,False,750,87000,1.75,4500,0,925.0,SBIN,80
SELL_CALL,385961.909311819,60.17633,2025-12-31,2026-01-27,False,700,332500,4.45,2100,2100,1410.0,ICICIBANK,899
SELL_CALL,868039.0783418185,42.62204,2025-12-31,2026-01-27,False,400,263200,4.05,1200,1200,1780.0,INFY,920
SELL_PUT,4039642.313503068,57.235937500000006,2025-12-31,2026-01-27,False,625,205625,2.75,3125,0,1180.0,AXISBANK,513
SELL_PUT,4207560.737527397,57.80836000000001,2025-12-31,2026-01-27,False,475,617500,4.6,1900,0,2000.0,BHARTIARTL,1990
SELL_CALL,288267.1379380686,165.237875,2025-12-31,2026-01-27,False,750,1514250,9.65,3750.0,3750.0,1040.0,BAJFINANCE,2483
SELL_PUT,3389552.305861819,48.96272000000001,2025-12-31,2026-01-27,False,400,123600,4.05,1600,0,2040.0,KOTAKBANK,321
ASSIGNED,416518.28214445617,3496.502,2026-01-27,2026-01-27,,,,2.2,2000,2000.0,1460.0,RELIANCE,
PUT_EXPIRED,4248019.369714819,0.0,2026-01-27,2026-01-27,,,,1.75,4500,0,925.0,SBIN,
CALL_EXPIRED,385961.909311819,0.0,2026-01-27,2026-01-27,,,,4.45,2100,2100,1410.0,ICICIBANK,
CALL_EXPIRED,868039.0783418185,0.0,2026-01-27,2026-01-27,,,,4.05,1200,1200,1780.0,INFY,
PUT_EXPIRED,4039642.313503068,0.0,2026-01-27,2026-01-27,,,,2.75,3125,0,1180.0,AXISBANK,
ASSIGNED,403017.6075273976,4543.13,2026-01-27,2026-01-27,,,,4.6,1900,1900,2000.0,BHARTIARTL,
CALL_EXPIRED,288267.1379380686,0.0,2026-01-27,2026-01-27,,,,9.65,3750.0,3750.0,1040.0,BAJFINANCE,
PUT_EXPIRED,3389552.305861819,0.0,2026-01-27,2026-01-27,,,,0.8099999999999999,8000.0,0.0,408.0,KOTAKBANK,
SELL_CALL,442392.91814445617,125.36399999999999,2026-01-28,2026-02-24,False,500,1216000,13.0,2000.0,2000.0,1460.0,RELIANCE,3246
SELL_PUT,4277691.583589819,140.286125,2026-01-28,2026-02-24,False,750,2235750,7.95,3750,0,1000.0,SBIN,3018
SELL_CALL,401208.30769181903,83.60162000000001,2026-01-28,2026-02-24,False,700,212800,7.3,2100,2100,1430.0,ICICIBANK,1784
SELL_CALL,876322.8355818185,56.242760000000004,2026-01-28,2026-02-24,False,400,276800,6.95,1200,1200,1780.0,INFY,2584
SELL_PUT,4072302.7853780678,152.02812500000002,2026-01-28,2026-02-24,False,625,1490000,10.5,3125,0,1250.0,AXISBANK,3758
SELL_CALL,429489.89512739755,127.7124,2026-01-28,2026-02-24,False,475,135850,14.0,1900,1900,2080.0,BHARTIARTL,799
SELL_CALL,316631.9889380686,135.149,2026-01-28,2026-02-24,False,750,159750,7.6,3750.0,3750.0,1010.0,BAJFINANCE,168
SELL_PUT,3409848.860261819,103.4456,2026-01-28,2026-02-24,False,2000,114000,2.55,8000,0.0,388.0,KOTAKBANK,84
CALL_EXPIRED,442392.91814445617,0.0,2026-02-24,2026-02-24,,,,13.0,2000.0,2000.0,1460.0,RELIANCE,
PUT_EXPIRED,4277691.583589819,0.0,2026-02-24,2026-02-24,,,,7.95,3750,0,1000.0,SBIN,
CALL_EXPIRED,401208.30769181903,0.0,2026-02-24,2026-02-24,,,,7.3,2100,2100,1430.0,ICICIBANK,
CALL_EXPIRED,876322.8355818185,0.0,2026-02-24,2026-02-24,,,,6.95,1200,1200,1780.0,INFY,
PUT_EXPIRED,4072302.7853780678,0.0,2026-02-24,2026-02-24,,,,10.5,3125,0,1250.0,AXISBANK,
CALL_EXPIRED,429489.89512739755,0.0,2026-02-24,2026-02-24,,,,14.0,1900,1900,2080.0,BHARTIARTL,
CALLED_AWAY,4100171.8508130684,3960.138125,2026-02-24,2026-02-24,,,,7.6,3750.0,0.0,1010.0,BAJFINANCE,
PUT_EXPIRED,3409848.860261819,0.0,2026-02-24,2026-02-24,,,,2.55,8000,0.0,388.0,KOTAKBANK,
SELL_CALL,451134.87494445615,58.0432,2026-02-25,2026-03-30,False,500,406000,4.4,2000.0,2000.0,1510.0,RELIANCE,1591
SELL_PUT,4320250.66008982,190.92350000000002,2026-02-25,2026-03-30,False,750,593250,14.25,3000,0,1160.0,SBIN,1765
SELL_CALL,413421.624201819,71.68348999999999,2026-02-25,2026-03-30,False,700,351400,5.85,2100,2100,1460.0,ICICIBANK,1065
SELL_CALL,877076.1826618185,26.652919999999998,2026-02-25,2026-03-30,False,400,11200,0.65,1200,1200,1780.0,INFY,13
SELL_PUT,4089959.711878068,93.0735,2026-02-25,2026-03-30,False,625,179375,7.1,2500,0,1320.0,AXISBANK,354
SELL_CALL,448297.30095739756,97.59417,2026-02-25,2026-03-30,False,475,604675,9.95,1900,1900,2040.0,BHARTIARTL,3054
SELL_PUT,4132272.0243130685,149.8265,2026-02-25,2026-03-30,False,750,228750,8.6,3750,0.0,970.0,BAJFINANCE,435
SELL_PUT,3436121.930661819,126.9296,2026-02-25,2026-03-30,False,2000,286000,3.3,8000,0.0,407.5,KOTAKBANK,40
CALL_EXPIRED,451134.87494445615,0.0,2026-03-30,2026-03-30,,,,4.4,2000.0,2000.0,1510.0,RELIANCE,
ASSIGNED,836088.1220898195,4162.538,2026-03-30,2026-03-30,,,,14.25,3000,3000,1160.0,SBIN,
CALL_EXPIRED,413421.624201819,0.0,2026-03-30,2026-03-30,,,,5.85,2100,2100,1460.0,ICICIBANK,
CALL_EXPIRED,877076.1826618185,0.0,2026-03-30,2026-03-30,,,,0.65,1200,1200,1780.0,INFY,
ASSIGNED,786011.2568780677,3948.455,2026-03-30,2026-03-30,,,,7.1,2500,2500,1320.0,AXISBANK,
CALL_EXPIRED,448297.30095739756,0.0,2026-03-30,2026-03-30,,,,9.95,1900,1900,2040.0,BHARTIARTL,
ASSIGNED,490422.1636880683,4349.860625,2026-03-30,2026-03-30,,,,8.6,3750,3750.0,970.0,BAJFINANCE,
ASSIGNED,172221.0496618189,3900.8810000000003,2026-03-30,2026-03-30,,,,3.3,8000,8000.0,407.5,KOTAKBANK,
SELL_CALL,473711.07714445615,123.7978,2026-04-01,2026-04-28,False,500,433000,11.35,2000.0,2000.0,1460.0,RELIANCE,1601
SELL_CALL,845920.8234898195,67.29860000000001,2026-04-01,2026-04-28,False,750,1461000,3.3,3000,3000,1150.0,SBIN,2750
SELL_CALL,415906.90092181903,34.723279999999995,2026-04-01,2026-04-28,False,700,213500,1.2,2100,2100,1410.0,ICICIBANK,375
SELL_CALL,877410.9936218185,25.18904,2026-04-01,2026-04-28,False,400,104000,0.3,1200,1200,1800.0,INFY,214
SELL_CALL,805277.1356280678,109.12125,2026-04-01,2026-04-28,False,625,128125,7.75,2500,2500,1320.0,AXISBANK,512
SELL_CALL,455745.57388739754,56.727070000000005,2026-04-01,2026-04-28,False,475,767125,3.95,1900,1900,2000.0,BHARTIARTL,2155
SELL_CALL,499172.16531306825,62.498375,2026-04-01,2026-04-28,False,750,144000,2.35,3750.0,3750.0,970.0,BAJFINANCE,271
SELL_CALL,180958.60646181888,62.4432,2026-04-01,2026-04-28,False,2000,178000,1.1,8000.0,8000.0,405.0,KOTAKBANK,90
CALL_EXPIRED,473711.07714445615,0.0,2026-04-28,2026-04-28,,,,11.35,2000.0,2000.0,1460.0,RELIANCE,
CALL_EXPIRED,845920.8234898195,0.0,2026-04-28,2026-04-28,,,,3.3,3000,3000,1150.0,SBIN,
CALL_EXPIRED,415906.90092181903,0.0,2026-04-28,2026-04-28,,,,1.2,2100,2100,1410.0,ICICIBANK,
CALL_EXPIRED,877410.9936218185,0.0,2026-04-28,2026-04-28,,,,0.3,1200,1200,1800.0,INFY,
CALL_EXPIRED,805277.1356280678,0.0,2026-04-28,2026-04-28,,,,7.75,2500,2500,1320.0,AXISBANK,
CALL_EXPIRED,455745.57388739754,0.0,2026-04-28,2026-04-28,,,,3.95,1900,1900,2000.0,BHARTIARTL,
CALL_EXPIRED,499172.16531306825,0.0,2026-04-28,2026-04-28,,,,2.35,3750.0,3750.0,970.0,BAJFINANCE,
CALL_EXPIRED,180958.60646181888,0.0,2026-04-28,2026-04-28,,,,1.1,8000.0,8000.0,405.0,KOTAKBANK,
SELL_CALL,508433.42854445614,177.6486,2026-04-29,2026-05-26,False,500,1257500,17.45,2000.0,2000.0,1460.0,RELIANCE,10182
SELL_CALL,879348.9130898195,171.9104,2026-04-29,2026-05-26,False,750,2133000,11.2,3000,3000,1150.0,SBIN,3822
SELL_CALL,422573.638841819,53.26208,2026-04-29,2026-05-26,False,700,207900,3.2,2100,2100,1410.0,ICICIBANK,141
SELL_CALL,838232.3218780678,169.81375,2026-04-29,2026-05-26,False,625,314375,13.25,2500,2500,1360.0,AXISBANK,1436
SELL_CALL,474543.5272173975,107.04667,2026-04-29,2026-05-26,False,475,868775,9.95,1900,1900,2000.0,BHARTIARTL,7325
SELL_CALL,585391.2025630682,405.96275,2026-04-29,2026-05-26,False,750,258000,23.1,3750.0,3750.0,970.0,BAJFINANCE,1291
SELL_CALL,217572.57126181887,186.0352,2026-04-29,2026-05-26,False,2000,222000,4.6,8000.0,8000.0,405.0,KOTAKBANK,221
CALL_EXPIRED,508433.42854445614,0.0,2026-05-26,2026-05-26,,,,17.45,2000.0,2000.0,1460.0,RELIANCE,
CALL_EXPIRED,931398.9130898195,0.0,2026-05-26,2026-05-26,,,,11.2,3000,3000,1150.0,SBIN,
CALL_EXPIRED,422573.638841819,0.0,2026-05-26,2026-05-26,,,,3.2,2100,2100,1410.0,ICICIBANK,
CALL_EXPIRED,838232.3218780678,0.0,2026-05-26,2026-05-26,,,,13.25,2500,2500,1360.0,AXISBANK,
CALL_EXPIRED,474543.5272173975,0.0,2026-05-26,2026-05-26,,,,9.95,1900,1900,2000.0,BHARTIARTL,
CALL_EXPIRED,585391.2025630682,0.0,2026-05-26,2026-05-26,,,,23.1,3750.0,3750.0,970.0,BAJFINANCE,
CALL_EXPIRED,217572.57126181887,0.0,2026-05-26,2026-05-26,,,,4.6,8000.0,8000.0,405.0,KOTAKBANK,
SELL_CALL,520157.74334445613,75.6852,2026-05-27,2026-06-30,False,500,507000,5.9,2000.0,2000.0,1460.0,RELIANCE,1203
SELL_CALL,933167.3678898194,31.545199999999998,2026-05-27,2026-06-30,False,750,805500,0.6,3000,3000,1150.0,SBIN,150
SELL_CALL,426104.28086181905,39.357980000000005,2026-05-27,2026-06-30,False,700,41300,1.7,2100,2100,1410.0,ICICIBANK,116
SELL_CALL,865836.2333780678,146.08849999999998,2026-05-27,2026-06-30,False,625,72500,11.1,2500,2500,1370.0,AXISBANK,331
SELL_CALL,485680.4462773975,73.08094,2026-05-27,2026-06-30,False,475,1281550,5.9,1900,1900,2000.0,BHARTIARTL,3826
SELL_CALL,623822.1118130683,194.09074999999999,2026-05-27,2026-06-30,False,750,339000,10.3,3750.0,3750.0,980.0,BAJFINANCE,756
SELL_CALL,241841.26966181886,131.3016,2026-05-27,2026-06-30,False,2000,1084000,3.05,8000.0,8000.0,410.0,KOTAKBANK,377
CALL_EXPIRED,532157.7433444562,0.0,2026-06-30,2026-06-30,,,,5.9,2000.0,2000.0,1460.0,RELIANCE,
CALL_EXPIRED,933167.3678898194,0.0,2026-06-30,2026-06-30,,,,0.6,3000,3000,1150.0,SBIN,
CALL_EXPIRED,426104.28086181905,0.0,2026-06-30,2026-06-30,,,,1.7,2100,2100,1410.0,ICICIBANK,
CALL_EXPIRED,865836.2333780678,0.0,2026-06-30,2026-06-30,,,,11.1,2500,2500,1370.0,AXISBANK,
CALL_EXPIRED,485680.4462773975,0.0,2026-06-30,2026-06-30,,,,5.9,1900,1900,2000.0,BHARTIARTL,
CALLED_AWAY,4317478.900563068,3843.2112500000003,2026-06-30,2026-06-30,,,,10.3,3750.0,0.0,980.0,BAJFINANCE,
CALL_EXPIRED,241841.26966181886,0.0,2026-06-30,2026-06-30,,,,3.05,8000.0,8000.0,410.0,KOTAKBANK,
