date,NIFTY,RELIANCE,SBIN,INDUSINDBK,ICICIBANK,INFY,AXISBANK,BHARTIARTL,BAJFINANCE,TCS,KOTAKBANK,ADANIENT
2020-01-01,12182.5,1509.6,334.45,1484.3,536.75,736.85,748.7,453.3,4231.3,2167.6,1674.05,207.85
2020-01-02,12282.2,1535.3,339.3,1529,540.6,734.7,756.95,455.2,4246.05,2157.65,1671.55,211.2
2020-01-03,12226.65,1537.15,333.7,1528.85,538.85,746,742.95,455.1,4193.45,2200.65,1657.1,208.3
2020-01-06,11993.05,1501.5,319,1469.4,525.7,738.85,723.25,449.65,3996.7,2200.45,1652.55,199.55
2020-01-07,12052.95,1524.6,318.4,1461.65,522.9,727.9,725.75,445.1,4007.65,2205.85,1670.85,204.05
2020-01-08,12025.35,1513.15,319.8,1458.6,525.95,718.2,724.5,458.85,4049.95,2255.25,1654.85,201.5
2020-01-09,12215.9,1548,330.2,1507.65,546.3,727.55,742.85,460.1,4124.2,2214.35,1665.05,208
2020-01-10,12256.8,1547.65,332.25,1491.25,540.25,738.15,740.05,457,4144.85,2213.55,1684.7,209.1
2020-01-13,12329.55,1543.7,330.75,1539.65,538.6,773.55,737.4,468.9,4164.5,2190.35,1691.1,213.6
2020-01-14,12362.3,1529.4,328,1481.65,537.6,775.65,747.9,469.35,4193,2206.9,1676.8,214.35
2020-01-15,12343.3,1523.85,324.25,1400.5,535.6,767.55,746.3,467.85,4207.25,2226.9,1675.6,216.6
2020-01-16,12355.5,1537.9,323.3,1386.45,537.15,767,737.3,473.9,4220.25,2238.8,1701.55,220
2020-01-17,12352.35,1581,318,1352.25,532.05,767.85,739.9,500.05,4231.75,2219.1,1698.1,228.4
2020-01-20,12224.55,1532.35,314,1331.95,534.85,768.45,727.2,508.7,4152.6,2170.35,1617.9,226.55
2020-01-21,12169.85,1533.9,313.7,1336.35,531.05,762.5,717.6,511.75,4138.6,2171.05,1625.1,224.25
2020-01-22,12106.9,1533.35,316.15,1327.4,522.85,770.2,712.6,514.5,4142.2,2206.9,1585.5,225.9
2020-01-23,12180.35,1526.85,323.2,1331.8,527.7,784.35,723,523.65,4125.8,2190.95,1605.85,229.6
2020-01-24,12248.25,1521.55,324.05,1316.1,533.85,782.75,737.4,524.25,4194.5,2183.4,1642.95,229.75
2020-01-27,12119.0,1506.55,316.2,1271.2,537.25,778.1,740.25,514.4,4164.35,2169.25,1618.35,230.55
2020-01-28,12055.8,1471.75,315.1,1254.75,528.2,778,737.15,491.25,4213,2183.75,1626.05,229.9
2020-01-29,12129.5,1479.85,316.45,1258.25,526.6,789.7,735.25,490.25,4419,2154.6,1640.45,232.3
2020-01-30,12035.8,1443.75,310.7,1231.5,532.2,780.7,730.9,489.8,4364.3,2137.85,1628.25,231.5
2020-01-31,11962.1,1411.65,318.45,1258.85,525.65,775.95,729.3,496.45,4365.9,2079.05,1691.75,229.45
2020-02-03,11707.9,1385.5,298.1,1263.1,515.55,767.4,708.95,510.05,4359.35,2102.5,1676.25,220.9
2020-02-04,11979.65,1426.4,306.25,1272.65,530.8,787.85,715,518.9,4519.25,2107.75,1698.3,225.45
2020-02-05,12089.15,1448.5,311,1272.8,539.1,784.55,724.05,533.35,4528.2,2146.55,1689.75,236.25
2020-02-06,12137.95,1457.8,321.95,1334.25,541.6,771.35,736.95,546.8,4666.35,2128.35,1674,236.5
2020-02-07,12098.35,1433.65,320.55,1298.8,536.45,777.3,748.15,539.45,4654.3,2136.55,1653.05,239.5
2020-02-10,12031.5,1435.6,318.5,1274.95,533.95,773.2,741.1,538.7,4721.75,2161.95,1669.3,244.5
2020-02-11,12107.9,1452.75,324.35,1292.65,539.75,773.55,749.95,534.3,4749.35,2153.4,1677.45,245.3
2020-02-12,12201.2,1470.3,320.2,1277.4,549.3,781.05,755.25,539.6,4768.7,2170.75,1714.9,249.7
2020-02-13,12174.65,1474.15,327.45,1230.75,541,792.25,747.8,539.95,4795.35,2191.95,1689.8,251.45
2020-02-14,12113.45,1487.6,319.4,1176,545.8,786.45,736.5,565,4781.75,2184.2,1680.95,256.15
2020-02-17,12045.8,1478.25,314.2,1172.95,541.6,789.45,738.4,564.85,4776.65,2203.25,1691.1,252.5
2020-02-18,11992.5,1467.4,317.55,1140.7,541.2,797.65,733.65,548.25,4758,2215.75,1691,249.45
2020-02-19,12125.9,1503.8,320.35,1142.15,544.8,800.45,741.05,543.4,4878.05,2196.35,1701.1,254
2020-02-20,12080.85,1485.95,327.65,1182.2,547,797,744.3,545.6,4880.45,2156.8,1685.95,258.65
2020-02-24,11829.4,1444.95,322.95,1170.25,529.85,795.85,725.45,529.9,4803.95,2115.35,1678.25,247.25
2020-02-25,11797.9,1416.4,326.8,1153.85,530.95,798.4,728.75,535.25,4825.95,2156.15,1675.8,246.45
2020-02-26,11678.5,1392,328.2,1135,523.7,782.75,729.4,535.95,4810,2123.6,1666.5,242.8
2020-02-27,11633.3,1386.25,321.95,1115.55,515.35,777.85,735.85,531.65,4759.8,2105.5,1682.75,234.15
2020-02-28,11201.75,1328.65,303,1104.05,497.25,731.7,697.3,523.5,4465.85,2000.15,1620.35,218.65
2020-03-02,11132.75,1316.15,287.4,1079.25,506.1,741.05,684.2,518.35,4360.75,2001.3,1599,218.6
2020-03-03,11303.3,1342.85,289.85,1108.05,514.75,747,687.15,520.8,4454.1,2036.2,1626.3,225.75
2020-03-04,11251.0,1339.7,285.3,1065.95,508.35,758.75,682.2,516.75,4286.4,2083.2,1607.95,221.1
2020-03-05,11269.0,1311.15,288.5,1075,504.5,754.6,677.9,526.9,4330.7,2125.05,1651.35,221.75
2020-03-06,10989.45,1271,270.5,1014.8,486.35,738.95,657.65,519.15,4225.85,2116.45,1631.05,214.75
2020-03-09,10451.45,1114.15,253.45,903.1,457.75,704.45,623.55,496.25,4026.8,1972.35,1578.15,199.7
2020-03-11,10458.4,1153.55,245.1,853.55,465.65,686,619.35,493.8,4030.65,1953.7,1589.3,195.75
2020-03-12,9590.15,1063,212.6,784.65,425.65,631.2,543.25,464.95,3734.35,1769.85,1465.05,162.15
2020-03-13,9955.2,1105.3,242,803.75,447.2,642.35,568.8,491.85,3952.55,1806.3,1470.05,148.75
2020-03-16,9197.4,1015.7,223.35,664.15,402.9,583.15,508.6,464.8,3672.25,1696.4,1383.7,134.7
2020-03-17,8967.05,1008,215.15,604.15,367.25,554.95,488.35,454.7,3444.85,1658,1322.7,133.4
2020-03-18,8468.8,968.5,215.2,460.8,355.05,534.3,473.45,425.55,3061.35,1654.4,1171.95,130.2
2020-03-19,8263.45,917.7,203.65,444.05,338.55,545.55,428.25,444.75,2746.1,1636.35,1210.85,128.9
2020-03-20,8745.45,1017.95,209.85,440.35,345.7,585.2,428.15,462.65,2951.9,1797.45,1262.35,137.7
2020-03-23,7610.25,884.05,181.6,336.45,284,526.45,308.65,407.35,2266.15,1669.7,1098.25,120.9
2020-03-24,7801.05,943.4,183.2,312.35,296.5,589.8,303.15,404.05,2474.2,1703.15,1152.9,130.35
2020-03-25,8317.85,1082.25,189.9,301.3,316.9,606.2,326.8,429.1,2585.6,1750.3,1290.15,132.3
2020-03-26,8641.45,1066.2,192.75,435.9,330.25,643,341.4,470.7,2793.7,1790.95,1372.95,140.25
2020-03-27,8660.25,1065.6,195.95,411.1,339.85,652.7,359.75,448.95,2542.3,1824.5,1399.1,128
2020-03-30,8281.1,1030.45,186.9,413.4,313.4,626.7,368.15,431.05,2242.1,1778.5,1293.7,128.7
2020-03-31,8597.75,1113.75,196.85,351.3,323.75,641.5,379,440.9,2215.8,1826.1,1296.05,137.6
2020-04-01,8253.8,1080.45,186.55,342.25,311.15,602.8,358.65,421.35,2219.35,1708.75,1181.65,133.95
2020-04-03,8083.8,1077.45,175.5,313.2,286.65,585.7,325.45,423.95,2207.5,1654.2,1140.85,129.05
2020-04-07,8792.2,1206.1,186.4,383.85,326.1,639,388.85,470.2,2253.35,1775.2,1198.05,138.15
2020-04-08,8748.75,1192.15,183,399.15,318.95,631.6,391.35,461.65,2332.9,1705.45,1187.65,138.1
2020-04-09,9111.9,1219.95,187.75,395.4,342.7,636.25,420.15,488.7,2551.85,1766.15,1272.9,142.45
2020-04-13,8993.85,1189.15,183.5,410.4,330.65,637.4,418.95,512.2,2287.3,1759.25,1250.9,146
2020-04-15,8925.3,1149.85,182.35,424.1,327.35,639.05,417.3,510.5,2182.45,1735.15,1173.75,145.25
2020-04-16,8992.8,1168.05,188.5,435.4,342,623.85,422.55,500.45,2220,1716.05,1130.85,143.3
2020-04-17,9266.75,1224,193.25,474.45,375.55,628.75,478.8,502.45,2308.15,1806.2,1186.25,143.9
2020-04-20,9261.85,1243.8,192.5,456.7,361.3,653.3,455.95,490.3,2308.25,1818.65,1177.75,146.7
2020-04-21,8981.45,1237.35,184.75,400.85,331.85,633.2,420.65,500.5,2099.75,1737.65,1130.15,135.95
2020-04-22,9187.3,1363.6,188.7,415.9,335.95,641.85,431.15,501.4,2148.25,1769.5,1152.15,137.6
2020-04-23,9313.9,1370.9,186.7,409.95,352.95,679.3,430.05,496,2172.45,1878.25,1249.65,140.5
2020-04-24,9154.4,1417,179.75,382.9,334.85,658,403.95,494.25,1976.25,1818.55,1239.55,134.65
2020-04-27,9282.3,1429.75,180.9,407.4,347.9,664.6,427.3,494.05,2044.05,1836.6,1303.6,134.6
2020-04-28,9380.9,1428.15,184.3,468.05,359.85,660.7,455.45,485.65,2228.1,1859.05,1326.65,139.3
2020-04-29,9553.35,1426.95,190.1,471.1,370.45,676.55,439.1,496,2296.45,1905.65,1327.85,139.5
2020-04-30,9859.9,1466,190.5,468.15,380.15,715.5,444.9,514.3,2318.1,2014.45,1357.2,141.4
2020-05-04,9293.5,1435.2,178.85,423.05,338.05,673.7,402.8,532.5,2079.65,1930.45,1277.8,131.55
2020-05-05,9205.6,1460.65,170.4,418.7,330.85,673.7,389,528.05,2002.35,1932.75,1238.35,132.7
2020-05-06,9270.9,1460.75,171.1,425.5,341.4,665.9,388.85,546,2106.25,1903.6,1245.95,133.25
2020-05-07,9199.05,1506.95,170.75,454.35,336.75,664.95,397.35,528.05,2060.55,1891.65,1199.8,134.9
2020-05-08,9251.5,1561.8,166.65,440.35,337.7,674.2,382.05,530.05,2024.15,1893.4,1217.45,137.15
2020-05-11,9239.2,1576.8,165.45,433.4,320.15,682.9,379.55,536.2,2015.05,1935.3,1188.45,140.05
2020-05-12,9196.55,1479.25,166.9,446.2,321.2,687.65,386.85,559.85,2069.7,1949.5,1157.2,139.9
2020-05-13,9383.55,1496.45,174.1,448.6,338.05,694.15,414,555.95,2161.05,1949.65,1186.7,141.15
2020-05-14,9142.75,1435.95,167.95,428,327.4,658.15,401.95,539.85,2112,1902.35,1173.1,140.9
2020-05-15,9136.85,1459.4,166.4,418.7,322.7,652.3,388.55,554.1,2086.45,1892.9,1178.3,141.05
2020-05-18,8823.25,1440.75,155.3,376.75,298.5,663.9,358.8,538.05,1938.6,1945.6,1113.65,135.9
2020-05-19,8879.1,1408.9,152.8,367.8,300.3,668.6,354.5,598.8,1964.95,1948.65,1130.45,139.7
2020-05-20,9066.55,1433.7,153.4,357.3,305.65,669.55,362.5,594.05,2042.8,1953.6,1160.1,141.35
2020-05-21,9106.25,1441.25,151.95,346.8,304.4,672.2,357.2,594.55,1990.2,1991.2,1150.25,138.3
2020-05-22,9039.25,1431.55,150.85,338.35,291.05,692.35,336.95,593.2,1895.3,2020.35,1160.2,138.1
2020-05-26,9029.05,1424.05,151.4,348.2,292.7,680.55,341.3,559.25,1829,1943,1153.2,139.5
2020-05-27,9314.95,1445.55,158.6,368.95,318.85,705.45,387,563.1,1936.45,2005.3,1217.55,141
2020-05-28,9490.1,1472.25,158.2,386.85,326.85,707.4,390.95,562.75,1947.7,2004.3,1229.45,142.65
2020-05-29,9580.3,1464.4,161.3,393.65,331.95,691,384.95,552.6,1953.65,1972.35,1224,148.35
2020-06-01,9826.15,1520.35,170.05,410.1,339.25,699.55,396.95,559.05,2160.85,2045.25,1248.4,150.5
2020-06-02,9979.1,1535.7,170.25,434.7,348.4,708.1,410.1,558.1,2346.2,2047.15,1342.9,149.95
2020-06-03,10061.55,1541.65,174.9,432.35,356.85,701.55,409.55,551.65,2411.9,2046.15,1386.55,150.65
2020-06-04,10029.1,1579.8,174.05,415.05,347.85,707.75,394.35,572.45,2313.05,2091.55,1334.4,148
2020-06-05,10142.15,1581.7,187.8,422.35,357.2,703.55,405.3,584.35,2390.35,2048.25,1337.8,152.45
2020-06-08,10167.45,1569.5,186.8,451.6,359.8,720.85,430.25,585.15,2507.25,2071.75,1336.75,152.65
2020-06-09,10046.65,1537.15,184.45,463.9,348.55,717.6,420.05,567.8,2443.6,2072.05,1304.15,151.9
2020-06-10,10116.15,1572.15,187.7,499.6,353,715.85,427.45,567.1,2435.65,2108.75,1332.25,151.85
2020-06-11,9902.0,1537.7,177.15,523.15,341.25,703.95,413.45,551.85,2338.9,2067.65,1298.7,151.8
2020-06-12,9972.9,1588.8,179.15,528.45,344.2,692.05,408,560.1,2450.15,2039.5,1279.8,152.3
2020-06-15,9813.7,1614.55,173.7,490.55,331.1,687.55,389.6,550.7,2351.4,2029.9,1248.9,149.25
2020-06-16,9914.0,1617.7,172.9,481.8,342.95,701.2,381.55,544.9,2365,2045.8,1276.8,146.2
2020-06-17,9881.15,1615.35,172.95,491.15,341.95,703.65,389.6,563.45,2396,2047.8,1243.8,147.15
2020-06-18,10091.65,1655.9,179.65,499.2,352,713.9,405.4,560.9,2525.95,2038.1,1303.35,147.85
2020-06-19,10244.4,1759.4,184.5,483.65,363.8,705.55,417.05,572.5,2698.6,2044.6,1302.5,152.7
2020-06-22,10311.2,1746.15,187.7,489.9,367.55,703.7,430.15,581.05,2840.3,2027.95,1355.35,154.65
2020-06-23,10471.0,1720.9,192.45,520.4,376.15,720.65,443.65,578.8,3025.5,2035.3,1389.9,157.2
2020-06-24,10305.3,1727.85,184.6,481.7,348.1,714.15,424.65,557.35,2934.45,2042.2,1343.9,154.8
2020-06-25,10288.9,1717.9,185.25,475.15,351,700.5,421.7,559,3005.35,2016.1,1381.7,161.65
2020-06-26,10383.0,1741.65,184.6,492.55,349.1,748.2,424.85,560.4,2903.5,2118.85,1340.1,162.15
2020-06-29,10312.4,1723.15,179.25,480,343.1,731.75,404.8,567.1,2857.95,2101.65,1355.65,159.75
2020-06-30,10302.1,1704.1,178.45,474.8,351.45,735.95,406.65,559.85,2831,2082.15,1360.45,156.25
2020-07-01,10430.05,1737.6,184.8,492.45,364.05,731.9,433.25,560.15,2953.9,2092.05,1356.75,157.65
2020-07-02,10551.7,1760.35,185.45,494.8,362.85,756.6,423.2,558.45,2964.25,2157.15,1352,158.2
2020-07-03,10607.35,1787.9,184.7,487.2,361,762.7,428.45,581.45,2931.5,2199.65,1353.8,160
2020-07-06,10763.65,1851.8,188.05,495.9,361.85,764,434,576.6,3108.8,2263.2,1367.9,164.2
2020-07-07,10799.65,1823.45,188.6,526.3,376.05,794.15,447.35,567.15,3351.95,2269.9,1368.25,168.15
2020-07-08,10705.75,1798,191.9,552.6,368.95,774.7,444.15,561.3,3208.05,2218.9,1352.75,163
2020-07-09,10813.45,1824.25,199.1,556.55,370.35,781.7,453.75,568.65,3330,2204.35,1368.15,162.75
2020-07-10,10768.05,1878.05,195.6,539.25,360.35,781.85,439.6,574.7,3314.15,2222.35,1349.35,159.7
2020-07-13,10802.7,1935,192.7,539.65,353.6,797.05,440.05,586.8,3234.6,2220,1335.55,156.05
2020-07-14,10607.35,1917,186.05,510.8,345.55,783.25,417.7,589.35,3190.95,2171.95,1298.3,149.75
2020-07-15,10618.2,1844,183.8,503.55,345.8,830.95,426.65,563.6,3149.25,2233.9,1290,147.75
2020-07-16,10739.95,1843.4,186.25,518.6,344.65,911,434,562.75,3204.8,2234.75,1322.65,148.9
2020-07-17,10901.7,1911.7,188.2,520.8,353.8,903.15,433.1,566.75,3301.3,2200.75,1327.45,151.6
2020-07-20,11022.2,1919.9,190.75,528.75,363,934.3,434,575.75,3441.5,2207.9,1319.05,160.7
2020-07-21,11162.25,1971.55,194.4,523.5,378.8,936.75,446.2,567.75,3292.45,2225.05,1359,167.3
2020-07-22,11132.6,2004,192,513.55,381.1,917.9,478.95,569.15,3253,2190.95,1342.35,169.4
2020-07-23,11215.45,2057.8,198.25,513.9,392.25,907.95,460.85,567.2,3297.8,2171.2,1374.05,169.95
2020-07-24,11194.15,2146.15,191.95,522.25,381.8,922.85,445.6,559.45,3251.85,2157.4,1350,168.75
2020-07-27,11131.8,2156.2,187.15,506.65,358.5,948.45,431.55,559.5,3171.15,2206.8,1322.6,165.95
2020-07-28,11300.55,2177.7,189.45,526.95,352.1,962.85,437.05,564.6,3239.6,2309.75,1384.05,173.55
2020-07-29,11202.85,2096.65,191.2,550.5,351.05,954.15,440.9,566.2,3284.25,2276.05,1389.45,179.1
2020-07-30,11102.15,2108.85,186.55,519.85,344.95,961.45,425.85,552.7,3218.3,2279.5,1385,175.05
2020-07-31,11073.45,2067.1,191.45,523.75,346.8,966,431.65,554.85,3251.3,2281.4,1365.75,175.25
2020-08-03,10891.6,2009,192.25,503.05,343.25,956.9,417.35,547.35,3174.5,2254.15,1308.55,172.25
2020-08-04,11095.25,2150.6,191.6,492.6,351,949.85,429.15,549,3235.6,2249.7,1323.95,182.1
2020-08-05,11101.65,2126.45,191.45,492.75,352.2,944.7,434.95,558.95,3262.15,2259.5,1334.2,179.6
2020-08-06,11200.15,2134.1,190.95,494.9,358.75,970.85,433,555.3,3345.2,2308.1,1340.1,185.95
2020-08-07,11214.05,2146.45,190.65,509,357.95,950.9,433.3,560.8,3464.3,2295.35,1342.5,192.9
2020-08-10,11270.15,2119.85,193.8,509.35,363.55,951.35,431.1,558.85,3442.95,2282.8,1360.2,195.7
2020-08-11,11322.5,2133.8,195.05,522,367.35,948.45,448,551.1,3457.4,2279.9,1364.6,195.85
2020-08-12,11308.4,2127.6,203.3,520.65,366.85,954.95,451.1,547.7,3418.25,2257.35,1335.1,197.7
2020-08-13,11300.45,2122.05,201.9,518.75,368.05,951.2,448.1,535.35,3419.65,2254.45,1336.25,200.75
2020-08-14,11178.4,2113.8,196.5,507.2,361.4,953.6,435.85,528.6,3331.1,2242.15,1307.45,196.2
2020-08-17,11247.1,2091.35,193.1,513.15,360.2,957.5,438.15,521.4,3384.8,2253.4,1327.55,197.8
2020-08-18,11385.35,2118.55,195.1,521.6,369.55,967.55,445.8,526.3,3419.9,2269.75,1369.35,213.7
2020-08-19,11408.4,2131.55,197.05,522.15,374.45,959.3,444.2,535.85,3409.95,2256.6,1355.6,239.55
2020-08-20,11312.2,2097.05,194.75,513.4,367.75,955.15,434.95,525.55,3393.8,2252.85,1338.35,234
2020-08-21,11371.6,2081.85,198.4,513.55,371.15,948.8,440.45,520.25,3389.3,2248.6,1339.4,233.35
2020-08-24,11466.45,2095.75,201.45,529.15,380.35,947.4,445.8,526.9,3492.05,2248.1,1387.25,248.7
2020-08-25,11472.25,2082.1,207.95,536.5,386.35,938.1,451.8,528.65,3642.9,2242.65,1400.1,307.55
2020-08-26,11549.6,2137.3,209.85,567.65,389.35,950.8,463.35,514.5,3645.55,2253.5,1436.7,285.55
2020-08-27,11559.25,2110.6,215.65,605.85,392.2,947.05,473.05,511.15,3632.5,2248.4,1420,286.7
2020-08-28,11647.6,2116.15,224.85,665.65,409.7,935.25,509.2,523.45,3670.8,2238.55,1467.1,288.25
2020-08-31,11387.5,2080.7,212,630.2,394.6,928.6,496.75,513.1,3487.8,2257.25,1401.35,279.55
2020-09-01,11470.25,2087.25,218.1,627.45,390.95,914.15,485.7,546.25,3643.85,2246.35,1430.65,281.1
2020-09-02,11535.0,2128.2,216.25,640.55,392.4,924,484.4,550.55,3668.65,2265.15,1423.5,293.05
2020-09-03,11527.45,2112.1,213.15,631.85,382.75,935.55,474.95,538,3619.7,2299.5,1396.7,291.25
2020-09-04,11333.85,2077.25,206.6,616.15,372.55,919.15,455.2,523.15,3596.8,2288.8,1380.05,285.15
2020-09-07,11355.05,2082.65,207.9,608.7,373.4,925.05,458.7,515.45,3505.15,2327.05,1368.75,285.25
2020-09-08,11317.35,2107.1,204.05,600.4,375.7,939.3,444.35,498.1,3500,2348.2,1350.7,277.7
2020-09-09,11278.0,2161.35,194.85,604.6,367.6,927.75,431.25,504.25,3422.85,2327.65,1326.15,283.05
2020-09-10,11449.25,2314,198.15,620.45,370.7,940.05,446.85,497.35,3498.7,2331.15,1319.5,298.3
2020-09-11,11464.45,2319.75,202.7,610.35,370.5,945.7,447.2,491.65,3544.4,2374.1,1330.35,296
2020-09-14,11440.05,2302.55,198.5,609.35,363.7,978.4,440.55,474.1,3440.7,2491.4,1304.7,293.15
2020-09-15,11521.8,2318.85,200.15,633.4,371.55,982.45,449.55,485.55,3513.4,2491.4,1323.95,288.55
2020-09-16,11604.55,2324.55,198.2,621.65,374.7,1001.75,446,481.75,3521.5,2503,1325.4,297.1
2020-09-17,11516.1,2298.75,195.45,617.35,369,1011,442.9,479,3471.95,2460.95,1305.1,293.7
2020-09-18,11504.95,2305.7,192.6,613.2,369.55,1002.15,443.35,494.55,3474.8,2449.9,1277.1,291.55
2020-09-21,11250.55,2255.85,185.8,560.6,350.7,1009.9,423.35,467.75,3330.15,2465.3,1287.85,277.1
2020-09-22,11153.65,2211.15,186.2,544,354.4,1007.5,412,470.95,3303,2522.95,1270.55,280.4
2020-09-23,11131.85,2230.8,183.8,528.05,351.85,1019.75,419.75,433.8,3243.85,2467.45,1275.4,283.55
2020-09-24,10805.55,2181.2,176.35,490.25,335.7,975.4,402.45,419.3,3028.9,2332.25,1246.1,270.45
2020-09-25,11050.25,2201.7,182.2,514.85,348.65,1011.45,415.05,439.65,3138.95,2422.3,1253.05,280.3
2020-09-28,11227.55,2216.25,187.25,555.1,363,1010.4,439.25,443.65,3335.15,2426.3,1278.7,295.7
2020-09-29,11222.4,2245.05,185.05,536.25,357.05,1009,426.85,435.6,3294.75,2488.4,1263.25,297.9
2020-09-30,11247.55,2234.35,185.4,527.4,354.75,1008.25,424.65,420.95,3278.6,2492.3,1268.2,297.1
2020-10-01,11416.95,2225.25,190.3,592.2,369.2,1017.65,443.7,432.35,3442.8,2523.45,1305.05,308.15
2020-10-05,11503.35,2212.2,188.75,601.55,373.1,1048.7,444.15,424.45,3382.9,2705.8,1314.6,326.6
2020-10-06,11662.4,2210.35,191.6,622.8,380.6,1055.75,449.65,426.75,3474.3,2714.3,1338.25,327.15
2020-10-07,11738.85,2257.5,190.7,619.1,382.65,1066.55,453.1,422.45,3331.15,2735.95,1324.7,330.1
2020-10-08,11834.6,2239.25,191.5,617.7,387.5,1093.7,451.9,424.45,3326.45,2825.7,1320.1,316.25
2020-10-09,11914.2,2233.45,198.3,623.05,401.5,1106.8,468.05,425.2,3317.9,2812.95,1319.85,313
2020-10-12,11930.95,2237.05,198.7,614.45,404.05,1132.1,468,415.05,3327.2,2830,1312.9,315.35
2020-10-13,11934.5,2280.7,195.7,608.2,396.25,1157.8,461.35,415.3,3272.6,2826.55,1344.95,313.2
2020-10-14,11971.05,2287.5,200.05,622.65,406.8,1137,471.3,413.25,3372.05,2809.6,1353.35,313.4
2020-10-15,11680.35,2206.5,192.85,598,391,1108.25,462.6,399.2,3214.75,2740.6,1309.55,307.1
2020-10-16,11762.45,2175.8,195.95,608.3,396.1,1127.5,472.4,401.65,3231.35,2763.3,1336.55,307
2020-10-19,11873.05,2176.2,204,627.1,417.1,1125.9,492.95,397.7,3267.2,2711.55,1376.7,316.95
2020-10-20,11896.8,2155.9,203.05,625.25,414.6,1137.5,493.95,405,3262.15,2739,1368.8,321.9
2020-10-21,11937.65,2124.6,203.75,628.1,420.3,1148.35,501.45,419,3232.85,2675.4,1393.3,312
2020-10-22,11896.45,2106.95,203.3,608.75,412.9,1129.05,510.3,430.65,3314.45,2671.15,1393.05,311.5
2020-10-23,11930.35,2113.05,202.8,608.15,416.95,1122.5,507.2,434.4,3316.9,2686.8,1383.05,315.45
2020-10-26,11767.75,2029.1,196.7,616.65,404.45,1112.45,493.35,434.05,3293.9,2688.2,1416.9,307.4
2020-10-27,11889.4,2034.5,194.65,614,409.95,1090.85,508.1,433.35,3453.25,2630.15,1587.65,314.05
2020-10-28,11729.6,2011.45,190.45,592.85,396.05,1076.55,504.7,451.85,3370.8,2622.2,1551.35,318.85
2020-10-29,11670.8,2026.9,188.7,588.7,399.9,1074.85,493.85,450.8,3380.05,2632.65,1570.9,328.9
2020-10-30,11642.4,2054.5,189.25,585.7,392.6,1060.6,492.5,433.75,3309,2664.85,1547.4,339.7
2020-11-02,11669.15,1877.45,196.05,628.35,417.45,1072.3,522.65,457.4,3419.8,2604.6,1580.7,341.1
2020-11-03,11813.5,1850.4,204.75,646.6,443.85,1062.55,534.15,454.6,3490.8,2633.6,1593.6,344.8
2020-11-04,11908.5,1913.2,207,678.05,437.05,1093.95,525.15,453.05,3561.45,2653.15,1630.7,351.85
2020-11-05,12120.3,1955,218.65,714.4,438.5,1104,539.3,457.3,3736.9,2685.7,1675.45,352.75
2020-11-06,12263.55,2029.15,219.2,738.65,442.8,1112.75,541.75,449.9,3780.75,2707.45,1718.05,352.1
2020-11-09,12461.05,2050.7,219.5,775.45,462.7,1136.55,565.05,471.8,3865,2726.6,1728.15,357.9
2020-11-10,12631.1,2084.55,231.7,835.2,483.85,1091.05,583.6,466.4,4208.55,2649.6,1752.95,359.5
2020-11-11,12749.15,1997.2,234.2,787.95,486.55,1122.5,608.65,478.6,4268.8,2687.8,1807.85,360.1
2020-11-12,12690.8,1980,226.8,769.2,476.7,1117.75,599.7,479.85,4298.3,2671.05,1754.75,365.55
2020-11-13,12719.95,1996.4,229.45,768.55,485.55,1124.2,610.35,475.75,4376.05,2656.85,1763.3,368.6
2020-11-17,12874.2,1993.25,240.2,784.15,486.4,1123.7,628.8,484.55,4488,2666.05,1796.65,394.3
2020-11-18,12938.25,1987.2,252,828.3,497.65,1110.55,636.3,478.4,4653.75,2626.65,1830.6,394.5
2020-11-19,12771.7,1973.15,239.75,818,478.75,1096.75,611.5,468.55,4536.55,2636.9,1826.35,385.75
2020-11-20,12859.05,1899.5,242.75,811,480.2,1103.35,607.85,483.7,4715.85,2660.25,1889.4,388.3
2020-11-23,12926.45,1950.7,238.7,849.75,468.25,1139.85,595.6,477.25,4811.45,2724.25,1897.85,409.05
2020-11-24,13055.15,1964.05,243.85,853.7,478.2,1140.05,619.65,474.25,4810.65,2722.05,1924.9,407.2
2020-11-25,12858.4,1947.8,243,855.05,472.7,1115.65,599.85,464.1,4689.75,2701.3,1862.45,399.25
2020-11-26,12987.0,1952.6,245.45,850.55,475.3,1113.2,612.55,468.4,4821.25,2720.6,1889.1,401.95
2020-11-27,12968.95,1929.8,244.25,857.65,473.35,1100,601.6,463.25,4908.8,2679.65,1907.1,398.4
2020-12-01,13109.05,1954.9,248.05,895.5,485.1,1137.85,603.65,479.45,4861.1,2726.8,1875.85,421.9
2020-12-02,13113.75,1958.15,246.95,897.3,480.45,1140.9,608.1,484.9,4823.9,2749.55,1814.2,453.75
2020-12-03,13133.9,1964.05,256.3,896.25,481.85,1126.45,602.7,479.9,4867.45,2709.45,1821,447.55
2020-12-04,13258.55,1946.75,263.5,913.65,502.05,1134.65,614.5,493.75,4875.35,2727.55,1846.25,445.95
2020-12-07,13355.75,1958.2,269.6,935.15,510.45,1143.5,619.25,508.95,4829.45,2737.7,1820.55,457.55
2020-12-08,13392.95,1993.75,271.9,916.7,508.4,1153.35,620.65,503.6,4792.15,2797.3,1833.8,451.9
2020-12-09,13529.1,2026.95,270.35,928.5,511.5,1175.2,634.2,503.05,4844.15,2810.8,1883.55,449.1
2020-12-10,13478.3,2007,269.55,915.85,506.95,1167.75,627.05,505.15,4794.8,2784.3,1903.3,447.25
2020-12-11,13513.85,2005.8,272.45,923.75,515.45,1163.2,613.25,504.4,4843.85,2783.6,1920.4,449.8
2020-12-14,13558.15,1991.3,274.2,921.25,525.8,1164.55,615.9,503.05,4898.65,2797.7,1939.35,455.15
2020-12-15,13567.85,1974.35,270.65,926.75,518.05,1154.6,607.1,504.2,5122.5,2761.55,1951.15,462.45
2020-12-16,13682.7,1976.55,269.4,921.8,512.45,1165.7,606.1,516.2,5146.6,2814.2,1952.55,463.25
2020-12-17,13740.7,1985.6,267.7,935.8,510.4,1159.2,605.4,515.1,5286.7,2838.2,1965.45,459.3
2020-12-18,13760.55,1991.55,271.45,905.2,517.15,1189.8,609.5,510.65,5252.5,2861,1949.35,455.15
2020-12-21,13328.4,1939.7,254.7,842.7,494.5,1177.3,582.5,490.9,5041.85,2820.15,1920.85,429.2
2020-12-22,13466.3,1936.7,257.45,840.7,500.3,1220.5,589.75,500.3,5011.4,2872.5,1902.95,458.8
2020-12-23,13601.1,1943.85,263,855.35,503.6,1253.05,592.45,507.2,5088.9,2908.75,1920.75,463.6
2020-12-24,13749.25,1994.15,266.85,852.8,513.55,1236.05,610.2,517.3,5184.9,2909.35,1960.6,473.65
2020-12-28,13873.2,2003.3,275.2,866.95,520.1,1240.3,617.65,521.6,5204.1,2929.4,1988.9,490.85
2020-12-29,13932.6,1990.05,277.9,912.9,528.8,1250.3,630.2,520.25,5200.5,2930.5,1999.3,489.2
2020-12-30,13981.95,1995.5,276.9,899.05,528.75,1246.8,625.1,516.15,5334.15,2909.3,2017.95,484.15
2020-12-31,13981.75,1985.3,274.95,894.95,535.05,1255.8,620.45,509.7,5295.2,2862.75,1995.6,479.55
2021-01-01,14018.5,1987.5,279.4,900.15,527.5,1260.45,623.8,515.15,5280.15,2928.25,1994.05,491.15
2021-01-04,14132.9,1990.85,281.05,897.85,531.7,1288.25,624.7,517.1,5216.2,3039.45,1965.55,494.5
2021-01-05,14199.5,1966.1,281.75,921.65,537.25,1293.8,664.45,514,5119,3093,1959.75,494.4
2021-01-06,14146.25,1914.25,285.05,922.35,546.7,1282.1,654.25,525.3,5030.3,3051.5,1970.4,490.9
2021-01-07,14137.35,1911.15,287.7,952.05,541.1,1262.15,671.1,545.25,5081,3032.8,1952.4,518.1
2021-01-08,14347.25,1933.7,286,939.8,542.05,1312.1,672.7,540.25,5082,3120.9,1970.7,518
2021-01-11,14484.75,1897.25,282.5,929.1,544.7,1376.2,666.95,547.15,4984.25,3176.45,1938.15,519.15
2021-01-12,14563.45,1957.05,292.5,927.65,548,1371.75,675.7,565.75,5042.2,3174.85,1903.45,525.4
2021-01-13,14564.85,1938.8,306.8,942.75,556.5,1387.15,687.8,578.25,4902.9,3158.95,1882.1,536.05
2021-01-14,14595.6,1960.6,307.25,969.7,553.3,1370.5,676,580.55,4877.35,3250.7,1892.65,532.1
2021-01-15,14433.7,1937.45,303.85,965.9,543,1344.95,674.85,602.65,4883.6,3233.35,1863.9,527.3
2021-01-18,14281.3,1983.95,294.45,932.8,533.15,1312.05,657,586.95,4719.85,3221.75,1846.95,507.85
2021-01-19,14521.15,2016.4,298.6,939.9,546.45,1316.65,668.75,592.3,4959.15,3260.7,1887,530.1
2021-01-20,14644.7,2054.7,302.55,947.7,551,1339.45,675.75,596.15,4981.95,3308.8,1883.6,546.75
2021-01-21,14590.35,2099.4,294.85,925.85,552.7,1339.7,675.85,581.35,5118.3,3273.85,1857.8,536.9
2021-01-22,14371.9,2049.6,283.7,893.3,533.8,1340.85,644.5,576.85,4972.55,3303.1,1828,526.8
2021-01-25,14238.9,1941,280.95,849.15,538.05,1325.1,658.4,580.75,4908.7,3291.3,1794.4,513.9
2021-01-27,13967.5,1895,275.65,820.15,522.35,1301,632.1,570.8,4845,3261.05,1764.7,512.8
2021-01-28,13817.55,1876.55,282.35,802.6,528.25,1276.2,670.7,570.9,4810.25,3196.55,1722.85,511.85
2021-01-29,13634.6,1841.95,282.1,846.1,537,1239.05,662.9,553.6,4734.55,3111.35,1712.95,506.65
2021-02-01,14281.2,1895.3,310.7,970.6,603.8,1260.9,709.35,579.15,5058.6,3139.35,1801.5,537.2
2021-02-02,14647.85,1925.8,333.1,975.65,617.35,1271.25,714.2,599.35,5173.2,3203.45,1861.3,564.2
2021-02-03,14789.95,1930.65,335.95,1048.55,622.35,1284.65,733.8,608.85,5245.1,3200.05,1852.2,566.6
2021-02-04,14895.65,1924.3,355.1,1032.15,628.3,1279.35,743.9,600.6,5504.85,3188.45,1910.4,589.7
2021-02-05,14924.25,1923.75,393.1,1025.1,614.15,1272.1,719.6,581.1,5538.55,3157.95,1982.7,595.35
2021-02-08,15115.8,1951.45,397.05,1035.1,629.6,1303.55,736.15,597.3,5497.7,3214.1,1957.15,628.3
2021-02-09,15109.3,1956.15,394.8,1025.8,633.35,1305.55,742.5,598.95,5400.3,3176.9,1949.15,629.85
2021-02-10,15106.5,1974.3,392.25,1022.8,632.15,1296.5,734.8,590.2,5475.9,3213.3,1952.05,650.7
2021-02-11,15173.3,2055.7,390.15,1021.9,630.65,1292.65,740.1,598.1,5567.05,3206,1961,658.6
2021-02-12,15163.3,2041.6,393.15,1027.4,647.6,1309.8,750.4,586.25,5577.45,3190.8,1951.05,718.95
2021-02-15,15314.7,2032.6,406.95,1057.6,673.95,1309.65,794,593.7,5779.85,3139.85,1985.95,763.45
2021-02-16,15313.45,2059.5,402.35,1058.25,658.35,1290.4,775.05,593.95,5760.25,3108.8,2019.65,780.2
2021-02-17,15208.9,2083.25,411.75,1033.2,657.35,1281.3,777.75,593.85,5705.15,3073.1,1989.45,785.45
2021-02-18,15118.95,2067.7,415.2,1046.05,644.65,1292.45,777,589.05,5563.35,3057.35,1945.45,808.2
2021-02-19,14981.75,2080.3,399.55,1065.9,624.05,1291.3,749.65,581.35,5497.95,3071.85,1938.75,781.9
2021-02-22,14675.7,2008.1,389.5,1022.9,609.85,1265.2,719.45,570.3,5376.85,2958.45,1949.6,805.9
2021-02-23,14707.8,2023.45,395.6,1048.3,616.3,1266.35,715.95,565.55,5383.7,2980.2,1872.95,799.65
2021-02-24,14982.0,2061,406.25,1070,641.1,1274.3,749.4,572.95,5562.9,2948.1,1911.2,805.2
2021-02-25,15097.35,2144.35,407.25,1109.75,628,1274.55,770.65,579.15,5529.95,2995.3,1895.5,843.5
2021-02-26,14529.15,2085.8,390.15,1062.95,597.75,1253.3,724.8,556.3,5264.9,2894.3,1780.35,833.65
2021-03-01,14761.55,2101.7,394.95,1067.95,608.35,1267,728.55,532.2,5266.8,2924.2,1845.4,851.5
2021-03-02,14919.1,2106,394.2,1073.35,610.5,1304.5,731.25,541.2,5316.3,3006.35,1844.65,872.55
2021-03-03,15245.6,2202.1,405.05,1099.75,632.1,1343.55,753.95,546.3,5542.9,3059.1,1899.5,915.35
2021-03-04,15080.75,2175.85,395.65,1091.95,620.75,1330.35,736.8,539.6,5485.9,3049.7,1897.7,918.4
2021-03-05,14938.1,2178.7,383.65,1039.9,609.45,1316.7,730.75,532.8,5444.9,3008.05,1922.5,909.9
2021-03-08,14956.2,2191.1,389.6,1018.25,608.05,1335.75,743.3,525.7,5320.65,3006.95,1915.85,910.2
2021-03-09,15098.4,2191.05,387.6,1024.8,625.1,1345.55,745.45,521.75,5415.05,3050.95,1978.95,905.2
2021-03-10,15174.8,2181.95,387.7,1039.85,625.6,1368.15,760.75,525.85,5545.05,3070.95,1963.95,898.15
2021-03-12,15030.95,2137.6,381.1,1022.65,612.85,1374.85,750.6,524.2,5557.85,3057.95,1935.15,894.1
2021-03-15,14929.5,2108.9,383.9,1038.65,603.5,1373.6,744.4,522.85,5439.05,3066.15,1918.65,896.2
2021-03-16,14910.45,2100.6,378.55,1034.7,594.95,1384,737.75,529.3,5455.95,3110.05,1903.2,897.8
2021-03-17,14721.3,2055.35,368.15,1008.95,589.5,1387,727.9,522.9,5359.8,3112.95,1868.35,873.9
2021-03-18,14557.85,2009.1,367.1,1002.8,578.6,1337.1,718.75,527.2,5371.85,3036.5,1830.4,871.05
2021-03-19,14744.0,2082,371.15,1011.9,586.65,1344.45,726.25,529.95,5453.25,3050.2,1834.15,889.65
2021-03-22,14736.4,2062.4,367,968.15,573.45,1370.8,716.2,528,5389.35,3129.65,1822.65,991.05
2021-03-23,14814.75,2087.5,372.7,990.05,586.4,1371.55,730.55,529.25,5378.8,3142.6,1812.65,1058.4
2021-03-24,14549.4,2047.3,359.85,958.7,567.5,1353.75,706.4,523.65,5270.3,3121.1,1782.45,1025.45
2021-03-25,14324.9,1991.45,355.2,957.8,571.55,1333.8,694.6,507.75,5122.2,3064.85,1762.9,981.55
2021-03-26,14507.3,1994.65,357.2,952.75,578.55,1336.2,698.2,522.5,5183.05,3066.8,1771.05,988.3
2021-03-30,14845.1,2029.3,360.8,961.05,591.45,1385.3,695.35,521.5,5193.55,3158.55,1781.25,1031.55
2021-03-31,14690.7,2003.1,364.3,954.45,582.1,1368.05,697.45,517.3,5149.85,3177.85,1753,1031.15
2021-04-01,14867.35,2021.85,370.65,993.3,594.4,1385.2,713,520.8,5272.15,3165,1804.55,1107.2
2021-04-05,14637.8,1992.6,353.55,937.35,571.25,1409.9,685.25,528.25,4962.5,3238.9,1759.2,1138.25
2021-04-06,14683.5,1984.3,350.55,927.25,565.9,1411.05,677.9,532.2,4993.1,3264.7,1768.3,1225.4
2021-04-07,14819.05,2002.85,358.55,945.55,577.65,1430.2,688.25,541.6,5077.1,3271.4,1792,1165.55
2021-04-08,14873.8,2005.35,355.6,934.9,576.7,1439.85,681.6,543,5029.5,3317.35,1783.25,1162.5
2021-04-09,14834.85,1982.05,353,923.65,566.2,1441.05,668.2,545.25,4872.3,3322.25,1799.25,1201.4
2021-04-12,14310.8,1911.15,328.85,844.4,538.55,1425.75,635.6,522.45,4511,3246.55,1742.5,1074.4
2021-04-13,14504.8,1931.8,341,877.4,560.6,1397.15,661,536.15,4728.75,3104.05,1775.85,1106.35
2021-04-15,14581.45,1944.3,342.7,858.35,575.2,1360.75,668.85,539.35,4660.3,3218.95,1773.25,1129.95
2021-04-16,14617.85,1932.1,339.9,862.95,566.95,1353.75,669.2,540.75,4616.6,3195.15,1764.1,1159
2021-04-19,14359.45,1901.7,331.15,832,559.75,1362.55,648.15,526.45,4479.6,3161.8,1700.75,1136.35
2021-04-20,14296.4,1901.15,329.5,845,559.1,1351.35,651.75,530.2,4613.65,3144.55,1697.7,1142.75
2021-04-22,14406.15,1906.4,336.65,835.7,579.2,1351.1,658.7,530.85,4688.7,3118.8,1736.05,1157.8
2021-04-23,14341.35,1904.35,336.45,850,569.95,1333.8,671.35,522.6,4667.8,3109.5,1734.2,1157.6
2021-04-26,14485.0,1937.85,344.3,859.55,591.1,1343.55,700.45,527.55,4736.55,3100.8,1759.65,1173.35
2021-04-27,14653.05,1988.65,353.05,882.45,598.75,1348.5,699.55,534.3,4865.05,3132,1750.3,1191.15
2021-04-28,14864.55,1997.3,363.4,926.9,621.35,1356,708.15,544.3,5280.9,3124.1,1811.45,1185.2
2021-04-29,14894.9,2024.05,359.4,939.45,621.45,1356.35,719.4,540.85,5484.85,3115.25,1805,1182.3
2021-04-30,14631.1,1994.5,353.5,934.95,600.5,1354.35,714.9,536.75,5451.9,3035.65,1748.8,1158.7
2021-05-03,14634.15,1959.05,350.6,913.6,596.75,1352.05,702.75,558.85,5551.15,3037,1725.45,1255.55
2021-05-04,14496.5,1916.6,351.5,910.15,591.55,1329.4,700.35,552.45,5615.75,3049.75,1732.65,1262.5
2021-05-05,14617.85,1920.1,355.4,931.15,602.8,1341.5,717.2,559.95,5515.15,3095.7,1770.75,1267.5
2021-05-06,14724.8,1931,355.55,924.95,608.2,1361.6,715.75,558.75,5528.8,3111.45,1788.25,1286.75
2021-05-07,14823.15,1931.75,358.25,926.2,607.1,1352.55,716.75,568.5,5493.8,3132.9,1780.35,1298.9
2021-05-10,14942.35,1926.2,361.7,945.4,613.25,1339.55,715.25,572.55,5497.5,3145.5,1809.35,1304.1
2021-05-11,14850.75,1933.15,364.65,948.85,609.85,1330.65,707.35,568.4,5424.7,3122.6,1755.45,1303.5
2021-05-12,14696.5,1913.15,367.7,916.65,594.75,1327,691.3,561.75,5358.4,3087.6,1718.85,1285.8
2021-05-14,14677.8,1937.3,360.45,890.85,597.3,1316.4,685,560.4,5330.35,3051.5,1706.65,1220.35
2021-05-17,14923.15,1960.35,383.1,956.45,623.6,1329.4,709.25,549.65,5430.1,3069.75,1744.15,1289.1
2021-05-18,15108.1,1987.95,382.25,974.55,633.2,1340,711.65,536.35,5688.75,3088.8,1755.1,1326.7
2021-05-19,15030.15,1997.05,384.4,967,625.45,1337,716.8,528.2,5631.2,3082,1730.55,1294.7
2021-05-20,14906.05,1985.4,384.55,975.5,618.6,1339.3,705.9,520.65,5588.75,3060,1708.2,1302
2021-05-21,15175.3,2002.55,401.2,1016,642.45,1354.5,730.9,530.95,5631.75,3080.5,1757.65,1315.1
2021-05-24,15197.7,1985.65,412.05,1004.75,647.35,1348.05,741.15,526.8,5602.9,3081.5,1757,1306.8
2021-05-25,15208.45,1963.15,412.35,993.9,650.3,1361.6,731.55,526.1,5618.65,3114,1750.5,1282.75
2021-05-26,15301.45,1970.05,413.55,998.45,652.5,1397.25,735.1,525.75,5771.15,3158.5,1740.65,1322.8
2021-05-27,15337.85,1976.1,425.2,1006.85,652.25,1402.25,750.35,519.8,5682.2,3180,1777.25,1325.8
2021-05-28,15435.65,2094.8,422.05,1019.35,643.05,1405.05,739.85,523.6,5610.75,3143.6,1800.75,1302.6
2021-05-31,15582.8,2160.3,424.35,1013,662.75,1393.75,750.7,534.9,5627.95,3159.15,1807.7,1316.3
2021-06-01,15574.85,2168.9,432.55,1010.05,650.1,1387.2,745.15,532.9,5784.8,3153,1797,1416.25
2021-06-02,15576.2,2201.25,437.25,1028,648.35,1378.65,737,529.5,5808.65,3129.45,1783.1,1546.75
2021-06-03,15690.35,2209.65,439.65,1005.75,650.25,1389.65,750.65,532.05,5901.5,3141.25,1814.2,1583.1
2021-06-04,15670.25,2190.5,433.6,1009.3,642.7,1385.65,742.05,532.7,5993.45,3143.75,1811.2,1700.95
2021-06-07,15751.65,2227.4,432.25,1025.2,648.2,1389.65,751.1,536.45,5729.75,3183.2,1814.9,1624.3
2021-06-08,15740.1,2214.6,427.2,1020.15,642.4,1412.95,746.35,546.8,5755.4,3200.15,1793.55,1636.45
2021-06-09,15635.35,2175,421.45,1003.55,636.1,1415.3,736.75,540,5674.5,3200.25,1782.9,1594.65
2021-06-10,15737.75,2183,432.25,1024.35,640.4,1424.3,744.25,545.15,6086.4,3216.8,1799.55,1612
2021-06-11,15799.35,2213.15,429.6,1015.1,635.7,1446.9,738.45,540.85,6120,3273.8,1794.35,1601.6
2021-06-14,15811.85,2244.9,430.35,1024.3,635.15,1461.8,736.25,539.35,6194.15,3276.35,1768.05,1501.45
2021-06-15,15869.25,2250,429.5,1034.45,645.3,1473.9,750.9,542.5,6161.15,3262.75,1770.9,1538.85
2021-06-16,15767.55,2211.6,425.95,1013.7,640.1,1480.6,749.8,536.75,6081.6,3274.35,1760.6,1448.3
2021-06-17,15691.4,2215.65,420.25,984.05,633,1495.3,738.6,528.65,6050.25,3317.75,1766.05,1367.7
2021-06-18,15683.35,2225.65,412.9,995.4,630.4,1503.3,736.3,538.75,6087.05,3297.3,1760.45,1487.5
2021-06-21,15746.5,2237.25,419.75,1007.55,631.25,1500.3,739.55,539.6,6116,3273.1,1772.05,1540
2021-06-22,15772.75,2225.75,418.65,1000.1,630.85,1511.85,739.35,536.4,6016.8,3301.2,1757.1,1541.6
2021-06-23,15686.95,2205.35,418.85,999.55,624.7,1503.15,732.35,534.05,6015.6,3261.4,1736.7,1504.75
2021-06-24,15790.45,2153.5,417.2,1000.65,634.05,1559.2,739.15,528.75,6043.6,3373.6,1737.9,1508.5
2021-06-25,15860.35,2104.45,428.8,1012.9,649,1574.2,761.35,535.1,6075.8,3380.8,1735,1519.45
2021-06-28,15814.7,2086,426.75,1008.9,650.3,1571.8,762.4,531.2,6037.05,3336.75,1733.05,1525.75
2021-06-29,15748.45,2087.8,421.5,1018.15,640.1,1563.05,751.95,524.95,6052.4,3340.85,1705.85,1523.55
2021-06-30,15721.5,2110.65,419.2,1016.35,630.9,1580.8,748.3,525.65,6015.85,3345.75,1705.85,1507.55
2021-07-01,15680.0,2097.95,420.4,1007.7,630.85,1560.4,746.45,522.65,5967.15,3341.5,1716.1,1490.25
2021-07-02,15722.2,2129.05,424.4,1009.65,640.25,1567.8,750.65,525,5997.75,3325.45,1715.15,1422.05
2021-07-05,15834.35,2150.2,432.65,1020.55,647.85,1578.95,760.35,523.95,6072.7,3321,1731.1,1394.35
2021-07-06,15818.25,2124.8,429.75,1031.05,650.3,1562.2,758.35,526.1,6202.4,3262.3,1755.35,1414.8
2021-07-07,15879.65,2110.05,432.85,1044.9,654,1564.6,762.9,529.6,6198.6,3274.95,1761.8,1425.65
2021-07-08,15727.9,2092.6,424.45,1045.45,641.9,1560.75,754.4,525.3,6117.8,3258.5,1732.3,1425.9
2021-07-09,15689.8,2071.2,423.75,1039.95,638.55,1562.9,747.35,536.25,6136.15,3208.15,1720.05,1431.35
2021-07-12,15692.6,2084.1,427.45,1049.3,646.25,1547.85,753.6,529.65,6149.55,3193.1,1731.95,1420.7
2021-07-13,15812.35,2099.7,429.1,1055.9,664.95,1544.95,770.75,530.05,6154.3,3187.55,1747.15,1417.7
2021-07-14,15853.95,2086,431.05,1052.6,664.35,1576.9,770.05,530.05,6133.9,3214.55,1748.15,1402.05
2021-07-15,15924.2,2082.35,431.7,1055.1,667.45,1580.8,774.15,525.45,6129.7,3202.95,1750.05,1407.95
2021-07-16,15923.4,2112.4,430,1044.3,660.3,1555.45,771.15,541.15,6125.45,3194.8,1749.5,1395.5
2021-07-19,15752.4,2098.95,427.9,1015.85,655.9,1541.7,755.2,538.45,6015.4,3184.6,1722.8,1380.6
2021-07-20,15632.1,2093.8,420.9,981.55,641.9,1550.05,745.75,525.75,5941.85,3205.8,1702.65,1365.7
2021-07-22,15824.05,2120.7,422.05,992.15,655.95,1590.2,746.75,546.7,6195.55,3216.35,1707.2,1416.75
2021-07-23,15856.05,2105.7,428.9,989.3,676.65,1590.45,755.4,548.3,6180.9,3212.85,1722.95,1401.65
2021-07-26,15824.45,2076.85,423.3,981.3,676.75,1603.9,756.3,544.05,6162.45,3197.55,1740.6,1403.9
2021-07-27,15746.45,2055,429.95,975.8,677.45,1602.55,731.7,540.55,6231.45,3182.95,1697.95,1396.75
2021-07-28,15709.4,2037.35,425.5,992.75,685.05,1605.6,722.9,567.9,6262,3197.8,1652.85,1399.9
2021-07-29,15778.45,2053.25,441.55,992.05,687.5,1617,717.25,567.15,6400.1,3195.8,1641.65,1400.25
2021-07-30,15763.05,2035.3,431.8,981,682.5,1610.5,708.9,561.65,6228.1,3167.45,1654.8,1420.25
2021-08-02,15885.15,2072.5,434.9,988,681.4,1631.55,721.15,565.15,6200.5,3219.4,1665.1,1438.2
2021-08-03,16130.75,2087.75,446.5,1022.05,690.4,1655.2,738.6,580.2,6331.9,3284.9,1685.65,1442.8
2021-08-04,16258.8,2103.75,456.95,1020.55,714.65,1649.25,753.8,574.4,6359.15,3273.95,1749.95,1429.55
2021-08-05,16294.6,2134.25,441.85,997.7,702.45,1653.55,749.3,598.7,6248.25,3283.95,1771.75,1432.35
2021-08-06,16238.2,2089.05,435.65,1029.5,697.65,1650.2,740.85,607.9,6224.3,3309.8,1777.2,1536.65
2021-08-09,16258.25,2077.15,433.4,1042.8,702.85,1663.3,755.5,599.25,6193.15,3322.7,1780.9,1493.4
2021-08-10,16280.1,2088.05,426.45,1033.6,700.9,1677.25,761.55,622.2,6170.1,3333.9,1813.25,1446.5
2021-08-11,16282.25,2117.3,428.05,1041.2,693.55,1677.55,760.8,620.85,6167.8,3344.2,1780.6,1437.05
2021-08-12,16364.4,2110.5,427.15,1035.35,701.35,1689.6,757.35,623.15,6199.5,3351.75,1787.7,1442.9
2021-08-13,16529.1,2145.65,431.2,1024.15,704.8,1712.2,759.9,637.05,6156.55,3463.4,1788,1437
2021-08-16,16563.05,2173.5,424.85,1019,702.65,1704.4,762,634.05,6377.15,3472.95,1782.35,1430.1
2021-08-17,16614.6,2164.25,421.5,1000.2,701.2,1741.65,756.75,626.35,6410.1,3553.05,1788.35,1441.65
2021-08-18,16568.85,2172.65,419.7,989.65,688.3,1733.45,754.4,622.95,6544.1,3560.55,1749.7,1460
2021-08-20,16450.5,2148.25,406.7,979.45,680.7,1732.95,740.25,613.7,6661.1,3559.5,1703.55,1430.1
2021-08-23,16496.45,2162.35,409.5,988.6,682.7,1738.75,736.1,622.65,6752.2,3637.4,1716.85,1396.7
2021-08-24,16624.6,2183.7,417.6,1005.05,694.45,1720.85,746.35,620.1,6980.1,3613.2,1704.9,1437.8
2021-08-25,16634.65,2202.6,416.25,1005.55,691.05,1735.55,739.05,612.45,6944.95,3659,1697.2,1475.35
2021-08-26,16636.9,2230.45,410.75,1001.5,698.8,1727.7,746.35,586.9,6931.95,3671.85,1697.5,1475.7
2021-08-27,16705.2,2227.4,412.45,990.2,699.75,1708.8,752.4,595.15,6966.6,3720.15,1713.55,1506.05
2021-08-30,16931.05,2270.25,422.7,1005.1,713.65,1698.05,784.05,620.45,7165.5,3701.3,1735.85,1516.55
2021-08-31,17132.2,2258.15,426.05,992.4,719.05,1706.45,786.5,664.05,7524.5,3786.45,1753.7,1587.6
2021-09-01,17076.25,2267.1,429.9,998.75,719.9,1677.75,798.9,666.4,7519.6,3714.95,1746.65,1565.2
2021-09-02,17234.15,2294.4,429.75,1010.1,725.15,1689.1,802.7,666.5,7498.45,3836.75,1776.4,1570.55
2021-09-03,17323.6,2388.5,431.4,1003.75,724.3,1700.65,798,658.45,7523.4,3842.05,1791.85,1565.55
2021-09-06,17377.8,2425.6,431.05,991.95,721.15,1730.4,800.8,654.6,7506.35,3852,1774.55,1582
2021-09-07,17362.1,2440.9,429.1,1001.25,716.9,1706.65,787.85,670.55,7457.3,3815.9,1764.85,1558.1
2021-09-08,17353.5,2431.35,431.35,999.6,720.95,1693.25,794.7,667.85,7463.2,3774.15,1815.35,1555.95
2021-09-09,17369.25,2425.6,432.3,999.5,720.25,1691.6,790.15,686.15,7430.65,3791.4,1817.85,1545
2021-09-13,17355.3,2371.55,432.85,996.3,707.4,1691.9,788.35,693.3,7445.55,3845.35,1840.05,1532.45
2021-09-14,17380.0,2368.45,433,1036.6,707.45,1686.15,794.4,694.2,7417.55,3885.9,1867.75,1513.2
2021-09-15,17519.45,2378.3,443.85,1053.95,714.35,1711.45,791.4,725.5,7414.15,3954.55,1871.7,1516.8
2021-09-16,17629.5,2428.2,463.7,1130.95,727.2,1702.25,802.6,718.6,7411.5,3903.3,1906.8,1503.2
2021-09-17,17585.15,2390.55,454.1,1130,720.15,1691.3,807.35,728.15,7428.8,3827.85,2007.95,1480.25
2021-09-20,17396.9,2394.35,437.45,1089.95,710,1687.85,795.85,724.95,7442.45,3823.5,2001.45,1418.85
2021-09-21,17562.0,2404.7,438.8,1137.55,711.85,1718.45,795.35,726.65,7813.85,3862.95,2010.95,1441.45
2021-09-22,17546.65,2430.5,438.85,1141.4,703.35,1716.9,788.35,726.75,7793.65,3862.15,1985.55,1437.75
2021-09-23,17822.95,2489.9,449.8,1169.15,717,1742.55,812.15,726.8,7899.05,3869.25,2024,1474.35
2021-09-24,17853.2,2482.7,440.75,1163.05,722.95,1763.85,798.05,739.4,7793.4,3871.3,2028.1,1461.7
2021-09-27,17855.1,2524.45,446.6,1150.7,730,1721.15,796.95,722.55,7795.45,3836.95,2033.35,1531.25
2021-09-28,17748.6,2548.05,444.9,1134.75,717.15,1687.1,789.2,696.15,7543.3,3779.15,2068.2,1487.3
2021-09-29,17711.3,2527.85,460,1123.2,709.5,1692.25,782.15,694.1,7515.4,3791.9,2030.45,1485.65
2021-09-30,17618.15,2519.25,453,1111.9,700.85,1675.2,766.55,688.3,7668.1,3775.55,2005.5,1468.1
2021-10-01,17532.05,2523.7,451.65,1104.05,692.35,1665.15,768.15,675.9,7522.75,3730.2,1993.55,1458.7
2021-10-04,17691.25,2556.15,463.15,1119.8,700.2,1678.75,779,681.4,7695.05,3773.3,1990.95,1526.65
2021-10-05,17822.3,2609.2,464.7,1168.6,697.1,1692.8,782.6,699.25,7724.2,3833.3,1982.35,1527.65
2021-10-06,17646.0,2559.85,457.2,1131.85,689.5,1673.55,778.95,691.4,7735.15,3810.9,1955.75,1479.55
2021-10-07,17790.35,2572.4,457.9,1166.7,702.2,1691,777.1,692.5,7747.9,3892.9,1952.45,1520.75
2021-10-08,17895.2,2671.25,458,1174.4,703.4,1723.85,781.95,695.5,7732.2,3935.65,1936.35,1547.9
2021-10-11,17945.95,2652.65,469.25,1173.25,713.3,1690.95,787.15,690.85,7817.1,3685.6,1975.4,1539.75
2021-10-12,17991.95,2667.8,483,1181.9,708.6,1685.15,797.15,686.35,7855.75,3652.85,1995.1,1554.45
2021-10-13,18161.75,2694.95,481.7,1184.5,709.95,1709.2,794.6,689.9,7929.3,3655.2,2009.35,1569.7
2021-10-14,18338.55,2700.4,490.6,1210,727.3,1715.75,802.05,685.8,7862.9,3611.45,2017.8,1646.35
2021-10-18,18477.05,2707.6,497.95,1219.6,745.45,1792.15,813.3,680.6,7865.55,3647.15,2011.6,1615.5
2021-10-19,18418.75,2731.85,488.2,1194,747.45,1822.15,801.65,681.1,7739.3,3634.15,2035.35,1569.45
2021-10-20,18266.6,2700.4,499.9,1201.7,745.85,1802.35,804.8,708.45,7761.35,3608.85,2015.45,1589.7
2021-10-21,18178.1,2622.5,502.95,1184.4,755.5,1753.65,807.8,696.05,7737.3,3532.5,2143.75,1595.05
2021-10-22,18114.9,2627.4,502.95,1196.4,759.3,1719.8,816.7,694.5,7710.2,3498.85,2171.4,1543
2021-10-25,18125.4,2601.8,506.5,1177.75,841.7,1707.55,845.1,691.1,7646.65,3492.95,2154.5,1532.2
2021-10-26,18268.4,2661.05,512.55,1154.9,829.4,1703.7,841.9,696.2,7855.65,3482.6,2210.95,1543.85
2021-10-27,18210.95,2627.4,519.15,1142.55,835,1728.95,787.5,702.35,7482.15,3489.75,2188.25,1566.55
2021-10-28,17857.25,2598.6,501.35,1176,798.7,1703.9,758.35,689.75,7484.25,3421.65,2098.5,1398.55
2021-10-29,17671.65,2536.25,502.15,1140.2,802.05,1667.75,742,685.35,7400.2,3397.75,2031.15,1423.6
2021-11-01,17929.65,2537.8,515.7,1229.1,803.9,1700.05,752.35,712.5,7413.95,3476.4,2076.5,1445.3
2021-11-02,17888.95,2500.8,521.7,1212.55,800.95,1697.9,755.85,713.95,7455.35,3484.2,2076.65,1472.8
2021-11-03,17829.2,2483.6,527.65,1177.95,785.95,1702.5,750.6,699.1,7516.25,3492.25,2037.55,1485.9
2021-11-04,17916.8,2498.85,530.45,1189.1,782.1,1708.7,752.95,701.1,7525.1,3508.65,2057,1489.45
2021-11-08,18068.55,2501.95,523.25,1061.15,780.15,1737.5,751.05,709,7673.65,3502.75,2118.85,1568.25
2021-11-09,18044.25,2521.7,529.15,1068.25,786.55,1742.5,745.05,713.2,7577.5,3505.7,2097.2,1635.45
2021-11-10,18017.2,2549.9,524.4,1032.2,780.9,1740.15,749.35,735.45,7581.45,3484.3,2076.05,1655.85
2021-11-11,17873.6,2554.55,509.6,1033.3,771.45,1733.3,738.05,728.6,7452.7,3488.2,2054.1,1664.9
2021-11-12,18102.75,2593.1,511.35,1037.05,776.6,1780.2,736.05,743.5,7579.1,3526.05,2074.7,1705.2
2021-11-15,18109.45,2577.8,506.55,1041.5,773.3,1787.15,733.25,737.55,7534.25,3553.3,2097.3,1749.55
2021-11-16,17999.2,2517.9,495.1,1020.9,764.05,1792.3,726.15,730.3,7555.7,3556.4,2082.85,1711.6
2021-11-17,17898.65,2464,498.15,1034,761.3,1787.45,712.35,720.05,7607.65,3521.9,2053.1,1706.45
2021-11-18,17764.8,2473.3,503.8,1008.45,762.9,1779.4,706.35,714.35,7484.95,3475.7,2024.45,1688.75
2021-11-22,17416.55,2363.75,486.4,1006.9,752,1759.4,686.4,742.1,7058.3,3458.4,1955.45,1675.75
2021-11-23,17503.35,2385.85,493.05,981.35,751.85,1736.9,685.65,758.9,7114.3,3464.25,1982.9,1707.95
2021-11-24,17415.05,2351.4,493.15,970.4,760.2,1696,685.15,758.9,7177.3,3443.3,2011.4,1755.15
2021-11-25,17536.25,2492.95,490.55,959.3,751.05,1722.4,679.9,765.15,7125.8,3445.9,2035.1,1763.05
2021-11-26,17026.45,2412.6,470.5,901.8,722.2,1691.65,661.75,738.75,6807.05,3446.85,1964.3,1669.55
2021-11-29,17053.95,2441.5,465.1,895.45,718.4,1696.35,651.1,739.35,6905.75,3502,2019.6,1665.05
2021-11-30,16983.2,2405.4,460.55,883,714.35,1712.65,655.65,728.25,6997.25,3529.15,1961.9,1662.85
2021-12-01,17166.9,2467,475.3,933.65,727.7,1714.9,679.6,722.25,7038.7,3577.8,1953.35,1693.3
2021-12-02,17401.65,2482.85,477,945.55,722.4,1748.25,676.1,732.55,7180.5,3642.9,1964.25,1732.25
2021-12-03,17196.7,2408.25,473.15,951.15,716.3,1735.55,673,718.35,7069.25,3640.45,1914.2,1708.1
2021-12-06,16912.25,2362.6,465.3,915.65,709.55,1695.3,663.1,697.6,6951.75,3536.4,1885.2,1645.6
2021-12-07,17176.7,2381.85,476.7,926.65,734.65,1711.65,687,698.85,7103.15,3584.5,1937.15,1678.45
2021-12-08,17469.75,2418.1,491.55,945.3,753.4,1753.35,697.1,715.15,7361.5,3626.9,1920.45,1715.5
2021-12-09,17516.85,2456.45,488.65,946.4,755,1763.45,693.95,713.95,7440.3,3601.75,1916.35,1722.25
2021-12-10,17511.3,2458.95,494.7,944.75,758,1759.25,688.05,710.7,7452.5,3636.8,1896.75,1740.4
2021-12-13,17368.25,2409.65,487.8,938.55,754,1744.65,704,703.1,7218.75,3609.65,1873.1,1719.55
2021-12-14,17324.9,2380.15,488.55,946.05,758.65,1752.15,710.9,691.6,7065.9,3623.8,1840.4,1720.1
2021-12-15,17221.4,2373.2,484.8,938.55,752.25,1734.2,712.5,685.45,6847.25,3570.35,1867.4,1695.3
2021-12-16,17248.4,2403.9,481.15,928.3,741.15,1771.6,709.65,681.4,7028.85,3581.6,1860.75,1702.05
2021-12-17,16985.2,2340.45,467.8,883,728.3,1820.85,688.9,666.05,6901.1,3584.35,1793.8,1645.3
2021-12-20,16614.2,2277.35,449.2,846.1,709.95,1798.9,674.35,658.25,6634.15,3556.9,1742.5,1589.95
2021-12-21,16770.85,2311.25,446,857.2,720.35,1811.6,665.85,667,6577.55,3608.3,1736.55,1620.5
2021-12-22,16955.45,2366.1,455.85,871.75,732.8,1824.7,669.35,684.75,6771.2,3630.75,1762.4,1658.1
2021-12-23,17072.6,2365.25,461.8,871.1,731.3,1857.6,678.8,678.75,6917.75,3662.7,1775.6,1676.2
2021-12-24,17003.75,2372.8,456.95,861.15,727.1,1863.5,667.5,677.05,6852,3670.9,1748.4,1698.2
2021-12-27,17086.25,2370.25,458.05,855.25,736,1866.15,672.15,675.75,6890.75,3696.1,1773.45,1730.2
2021-12-28,17233.25,2398.4,461.2,852.65,735.8,1888,675.45,680.05,6906.65,3706.55,1774.9,1751
2021-12-29,17213.6,2402.5,454.4,870,735.7,1885.55,670.5,676.85,6911.65,3694.7,1764.2,1718.05
2021-12-30,17203.95,2359.1,451.7,885.4,735.7,1892.85,668.85,679.35,6871.1,3733.75,1755.25,1696.4
2021-12-31,17354.05,2368.15,460.45,888.15,740.15,1887.75,678.55,683.8,6977.3,3738.35,1796.1,1709.45
2022-01-03,17625.7,2403.85,470.8,912.3,764.7,1898.45,696.35,691.3,7219.6,3817.75,1824.45,1717.15
2022-01-04,17805.25,2458.1,483.5,904.4,772.85,1899.15,709.15,697.45,7343,3884.75,1852.6,1719
2022-01-05,17925.25,2469.6,492.4,903.95,788.05,1844.65,726.9,700,7670.8,3860.95,1922.15,1715.45
2022-01-06,17745.9,2416.5,491.7,921.7,785.05,1817.8,730.3,710.4,7748.25,3807.45,1891.9,1713.1
2022-01-07,17812.7,2436,491.25,922.25,793.25,1814.3,730.6,704.7,7659.35,3853.5,1904.25,1699.1
2022-01-10,18003.3,2438,503.65,920.85,810.75,1850.75,742.8,704.95,7731.3,3879.85,1947.95,1752.6
2022-01-11,18055.75,2455.55,505.95,917.95,810.65,1855.6,743.25,703.45,7669.85,3915.9,1936.8,1843.9
2022-01-12,18212.35,2521.1,510.25,941.55,823.75,1877.45,746.85,730.2,7774.5,3859.9,1956.6,1830.1
2022-01-13,18257.8,2535.3,511.35,927.1,824.7,1896.8,740.7,731.8,7808.35,3897.9,1926.35,1853.35
2022-01-14,18255.75,2539,508.35,920.05,820,1929.35,721.7,720.6,7832.2,3968.15,1938.2,1870.25
2022-01-17,18308.1,2552.25,514,920.5,819.3,1939.5,712.65,728.6,7852.6,4019.15,1937.45,1877.8
2022-01-18,18113.05,2521.8,506.8,899.65,823.1,1920.75,725.2,714.35,7744,3990.6,1942.15,1840.95
2022-01-19,17938.4,2521.6,515.8,893.25,808.6,1867.05,729.6,703.7,7571.8,3914.65,1905.65,1849.3
2022-01-20,17757.0,2477.45,511.4,877.2,810.25,1823.7,728.9,715.4,7530.25,3826.55,1892.6,1865.85
2022-01-21,17617.15,2477.85,502.7,854.1,804.5,1785.7,712.5,695.25,7373.75,3833.5,1893.75,1828.35
2022-01-24,17149.1,2377.9,494.15,851.25,798.45,1736.8,704.6,689.9,6931.75,3771.35,1830.9,1715.8
2022-01-25,17277.95,2373.25,514.65,884.25,801.65,1722.15,752.2,711.85,6963.75,3769.9,1854.65,1741.4
2022-01-27,17110.15,2338.1,528.95,888.1,794.65,1678.6,773.85,707.25,6837,3649.25,1889.25,1686
2022-01-28,17101.95,2335.85,523.45,903.55,781.15,1686.2,764.7,715.8,6867.25,3690.05,1898.3,1693.7
2022-01-31,17339.85,2386.6,538.3,872.1,788.8,1736.2,773.05,729.3,7000.25,3736.25,1857.25,1714.95
2022-02-01,17576.85,2378.7,532.3,922.3,810.3,1772.05,781.9,723.05,7014.6,3800.65,1882.3,1746.9
2022-02-02,17780.0,2383.55,539.8,975.35,813.75,1787.1,804.1,725.05,7247.45,3856.2,1942.6,1779.35
2022-02-03,17560.2,2352.75,540.1,958.35,808.95,1738.55,799.55,721.65,7110.65,3824.6,1909.05,1751.85
2022-02-04,17516.3,2331.3,530.3,956.05,805.05,1741.1,798.55,720.2,7158.4,3814.9,1884.2,1757.3
2022-02-07,17213.6,2317.1,533.25,933.05,786.4,1715,789.6,706.5,6930.6,3779,1828.45,1731.8
2022-02-08,17266.75,2356.05,531.35,937.7,792.5,1717.3,798.55,708.9,7055,3743.45,1817.8,1716
2022-02-09,17463.8,2383.5,535.25,967.15,802.8,1737.3,803.85,719.35,7117.35,3760.55,1835,1783.15
2022-02-10,17605.85,2381.05,540.55,972.35,805.5,1769.6,809.8,724.05,7137,3770.35,1867.2,1786.1
2022-02-11,17374.75,2376.4,529.6,982.4,790.8,1721.35,803.8,715.15,7011.6,3694.95,1828.25,1764.3
2022-02-14,16842.8,2338.55,501.4,941.6,753.7,1682.2,773.35,689.7,6785.95,3733.75,1746.85,1663.95
2022-02-15,17352.45,2417.95,524.8,969.7,776.05,1738.25,796.95,711.55,7142.05,3817.8,1813.1,1744.25
2022-02-16,17322.2,2412.95,516.7,968.4,764.05,1733.3,797.05,721.8,7068.6,3813.1,1830.05,1738.1
2022-02-17,17304.6,2443.5,512.95,955.8,750.35,1724.8,782.8,717,7082.45,3784.2,1817.3,1730.95
2022-02-18,17276.3,2424.4,515.3,955.35,748.9,1706.95,787.4,712.55,7030.1,3793.9,1826.55,1736.3
2022-02-21,17206.65,2399.9,511.85,952.45,754.45,1730.7,788.85,709.95,7006.35,3719.4,1827.1,1685.2
2022-02-22,17092.2,2389,498.4,939.1,751.3,1734.35,779.15,699.25,7011.35,3586.4,1841.75,1667.7
2022-02-23,17063.25,2374.05,498.7,950.7,744.6,1742.85,777.2,704.4,7044.55,3563.8,1886.1,1688.7
2022-02-24,16247.95,2255.75,472.65,875.65,707.4,1678.15,730.3,670.9,6627.8,3401.65,1794.85,1543.95
2022-02-25,16658.4,2283.95,482.95,927.05,730.05,1694.6,758.05,688.65,6969.4,3520.75,1856.7,1618.7
2022-02-28,16793.9,2359.55,483.2,920.7,742.7,1715.6,742.4,686.5,7002.3,3554.2,1842.75,1644.45
2022-03-02,16605.95,2398.55,474.25,906.35,714.85,1702.8,750.25,674.25,6831.55,3546.15,1806,1641.8
2022-03-03,16498.05,2378.3,467.4,912.25,698.3,1720.85,737.65,672.05,6748.35,3544.4,1792.25,1643.8
2022-03-04,16245.35,2325.55,461.95,901.9,688.05,1723.3,715,653.7,6537.9,3524.35,1752.15,1615
2022-03-07,15863.15,2239.55,440.3,834.4,653.75,1739.85,667.55,675.4,6125,3484.9,1711.9,1564.05
2022-03-08,16013.45,2235.5,440.3,840.7,665,1778.2,670.4,683,6161.85,3599.95,1723.1,1601.6
2022-03-09,16345.35,2354.1,451.7,875.35,667.45,1813.35,674.2,691.5,6472.5,3632.6,1739.1,1656.55
2022-03-10,16594.9,2392.25,468.7,904.3,676.6,1825.9,694.95,697.75,6584.9,3620.95,1754.35,1742.85
2022-03-11,16630.45,2399.15,470.35,901.75,677.9,1822,690.85,694.85,6628,3599.15,1763,1734.1
2022-03-14,16871.3,2418.85,485.15,907.6,696.15,1890.7,710.05,700.4,6665.45,3643,1788.75,1736.1
2022-03-15,16663.0,2363.45,485.85,896.65,697.35,1839.3,698.15,703.1,6666.55,3593.9,1733.75,1701.4
2022-03-16,16975.35,2403.35,492.75,928.65,708,1889.4,723.85,712,6840.6,3655.9,1760.5,1758
2022-03-17,17287.05,2481.7,501.9,932.45,720.1,1854.6,739.25,722.9,6994.4,3672.75,1820,1819.65
2022-03-21,17117.6,2467.4,490.6,913.4,710.75,1853.05,725.9,708.2,6870.4,3626.7,1777.1,1802.95
2022-03-22,17315.5,2531.15,493.7,927.7,718.2,1887.4,731.4,719.25,6985.8,3700.95,1807.85,1831.55
2022-03-23,17245.65,2539.2,490.65,931.35,718.3,1872.4,726.75,704.95,7004.8,3712.4,1769.75,1811
2022-03-24,17222.75,2578.65,487.1,924.8,704.2,1886.7,722.25,706.35,6997.55,3749.85,1714.15,1832.8
2022-03-25,17153.0,2595.85,490.7,926.25,699.25,1876.55,721.25,709.35,6973.5,3707.45,1722.25,1867
2022-03-28,17222.0,2621.95,497.5,935.15,710.35,1873.9,736,733.05,7001.4,3707.7,1725.2,1909.7
2022-03-29,17325.3,2622.55,495,929.15,715.3,1886,737.8,754.95,7039.35,3705.35,1730,1917.25
2022-03-30,17498.25,2672.95,494.3,926.3,730.9,1903.95,750.45,749.5,7251.85,3731.55,1763.1,1995.25
2022-03-31,17464.75,2634.75,493.55,935.4,730.3,1906.85,761.15,754.95,7259.95,3739.95,1753.85,2014.75
2022-04-01,17670.45,2655.85,508.2,968.6,736.25,1903.55,774.55,758.5,7408.1,3758.75,1776.65,2043.65
2022-04-04,18053.4,2663.7,512.4,987.2,746.6,1882.95,784.1,767.8,7490.65,3770.35,1836.05,2065.85
2022-04-05,17957.4,2626.05,509.4,973.25,741.8,1861.1,783.1,766.6,7388.45,3814.8,1802.2,2139.85
2022-04-06,17807.65,2619.05,513.95,968.3,741.6,1828.85,773.7,775.65,7346.95,3755.35,1779.4,2160
2022-04-07,17639.55,2572.85,514.95,972.6,748.55,1811,792.1,762.4,7290.2,3684.15,1766.45,2099.05
2022-04-08,17784.35,2615.65,516.1,985.6,754.3,1814.6,794.9,762.1,7366.6,3685.65,1784.5,2170.95
2022-04-11,17674.95,2610.2,514.9,980.45,759.6,1766.55,786.05,758.05,7336.65,3696.4,1783.45,2180.2
2022-04-12,17530.3,2561.05,512.85,985.1,763.85,1742.45,798.45,741.65,7274.5,3691.1,1801.85,2196.95
2022-04-13,17475.65,2551.65,517.7,983.4,762.25,1748.55,793.05,740.65,7328.45,3661.95,1779.6,2199.45
2022-04-18,17173.65,2543.85,509.5,977.45,757.8,1621.4,798.85,729.5,7261.45,3528.05,1750.4,2233.85
2022-04-19,16958.65,2640.8,511.8,963.8,766.3,1562,797.8,723.5,7259.55,3471.9,1707.5,2168.3
2022-04-20,17136.55,2718.45,509.3,972.55,755.55,1587.7,794.7,739.35,7032.5,3556.8,1721.3,2183.95
2022-04-21,17392.6,2782.1,516.3,989.25,762.35,1618.8,801.8,735.75,7138.1,3628.65,1760.85,2286.35
2022-04-22,17171.95,2758.8,500.6,959.85,747.65,1585.45,780.6,738.75,7110.75,3612.55,1727.75,2273.3
2022-04-25,16953.95,2695,494.75,946.55,752.2,1561.1,780.7,739.35,7005.5,3548.2,1728.85,2284.2
2022-04-26,17200.8,2775.65,505.5,980.45,753.75,1581,775,756.3,7240.55,3546.3,1742.7,2395.3
2022-04-27,17038.4,2778.35,497.25,974.5,736.7,1552.8,765.9,752.5,6714.1,3561.2,1741.5,2334.1
2022-04-28,17245.05,2819.85,507.5,988.35,747.15,1582.6,779.8,747.35,6727.65,3584.3,1765.65,2378.55
2022-04-29,17102.55,2790.25,496.3,978.55,743.3,1567.55,728.6,739,6671.8,3546.7,1790.75,2332
2022-05-02,17069.1,2780.45,491,1018.1,741,1541,727.35,741.35,6626.15,3542.4,1774.35,2339.5
2022-05-04,16677.6,2693.65,479.65,978.3,724.25,1535.55,707.2,722.4,6339.75,3479.75,1775.6,2253.8
2022-05-05,16682.65,2640.9,480,936.8,728.8,1585.15,702.35,718.95,6309.45,3513.4,1797.6,2255.4
2022-05-06,16411.25,2620.65,483.95,915.4,719.25,1542.85,673.4,710.25,6000.3,3432.6,1775.3,2247.7
2022-05-09,16301.85,2518.3,475.9,889.7,710.35,1570.35,663.7,711.5,6036.95,3445.1,1767.5,2197.65
2022-05-10,16240.05,2474.65,475.2,910.75,711.3,1553,659.75,719.65,5928.45,3438.75,1797.15,2109.5
2022-05-11,16167.1,2449.3,476.55,923.35,714.2,1526.75,672.35,722.85,5807,3412,1809.95,2119.3
2022-05-12,15808.0,2399.4,462.65,869.9,695.8,1508.8,649.65,705.4,5593.4,3408.65,1760.9,2045.2
2022-05-13,15782.15,2426.6,444.65,872.35,677.35,1504.4,635.95,689.9,5515.75,3414.9,1779.55,2054.15
2022-05-16,15842.3,2427.2,455,885.9,683,1489.1,638.95,693.2,5645.4,3376.8,1812.85,2105.9
2022-05-17,16259.3,2529.15,467.3,903.85,710,1518.45,654.95,707.05,5837.3,3451.6,1840.3,2184.85
2022-05-18,16240.3,2538.35,458,903.15,707.35,1509.2,659.45,696.15,5815.2,3448.8,1846.8,2181.1
2022-05-19,15809.4,2479.85,447.5,866.25,690.3,1427.15,650.2,674.25,5707,3261.95,1783.4,2114.75
2022-05-20,16266.15,2624.45,462.4,896.5,709.55,1455.15,673.1,687.9,5769.6,3293,1829.15,2219.55
2022-05-23,16214.7,2606.9,460.9,902.4,711.05,1468.4,675.35,685.85,5794,3321.75,1854.3,2170.65
2022-05-24,16125.15,2615.85,462.05,897.95,708.15,1441,664.05,678.2,5798.8,3288,1882.6,2160.2
2022-05-25,16025.8,2612,454.1,893.35,713.35,1410.45,665,688.2,5827.4,3167.65,1907.55,2074.15
2022-05-26,16170.15,2587.1,468.9,897.6,728.5,1423.95,683.25,693.65,5817.8,3226.95,1908.65,2046.4
2022-05-27,16352.45,2575.1,468.95,925.4,739.8,1461.35,688.3,684.4,5993.5,3261.3,1946.2,2080.15
2022-05-30,16661.4,2664.8,474.6,936.2,748.5,1526.8,693.65,699.05,6111.2,3375.25,1903.2,2165.65
2022-05-31,16584.55,2632.65,468.1,930.85,752.85,1503.6,685.2,700.2,6082.15,3364.35,1846.85,2167.55
2022-06-01,16522.75,2633.5,468.3,928.35,752.65,1478.55,686.05,694.65,6010.15,3355.2,1865.1,2150.9
2022-06-02,16628.0,2724.3,469.85,942.95,749.75,1508,691.55,695.95,6057.85,3423,1857.65,2209.4
2022-06-03,16584.3,2779.5,464.5,924.3,744.3,1521.7,677.3,686.5,6028.2,3440.15,1858.65,2190
2022-06-06,16569.55,2767.55,463.7,928.75,746.75,1530.05,672.2,682.95,6021,3430.95,1869.3,2225.05
2022-06-07,16416.35,2772.75,463.4,923.7,735.25,1506.7,665.85,685.3,5878.6,3362.7,1858.15,2227.55
2022-06-08,16356.25,2724.05,471.3,913.7,729.5,1500,658.6,663.3,5954.3,3404.15,1845.5,2177.2
2022-06-09,16478.1,2798.75,466.95,920.3,732.75,1515,661.3,676.35,5898.55,3427.1,1865.2,2219.2
2022-06-10,16201.8,2714.25,461.85,913.2,720,1476.8,660.7,673.35,5667.5,3359.9,1791.8,2203.1
2022-06-13,15774.4,2662.9,445.85,865.45,688,1424.5,648.95,671.3,5358.25,3219.6,1737.35,2079.75
2022-06-14,15732.1,2628.1,448.1,844.2,685.5,1440.55,650.75,682.05,5375.75,3210.55,1739.7,2196.45
2022-06-15,15692.15,2596.3,451.35,843.3,687.25,1422.2,650.5,682.1,5484.95,3206.3,1736.65,2184.6
2022-06-16,15360.6,2560,441.6,809.6,678.5,1397.2,634.9,654.2,5283.9,3142,1675.8,2083
2022-06-17,15293.5,2590,441,806.9,686.85,1387.3,635.2,643.65,5419.55,3088.9,1673.6,2095.8
2022-06-20,15350.15,2543.05,434.7,784.05,685.95,1414.15,628.3,640.9,5470.45,3112.4,1679.2,2079.85
2022-06-21,15638.8,2584.1,450.75,798.85,696.1,1449.9,636.5,654.3,5549.15,3211.95,1681.5,2161.8
2022-06-22,15413.3,2505.6,447.65,777.65,686.6,1437.25,626.8,642.85,5439.6,3222.95,1669.7,2089.2
2022-06-23,15556.65,2464.95,451.4,784.95,699.15,1452.45,629.35,660.2,5448.15,3308.8,1684.1,2110.35
2022-06-24,15699.25,2500.05,454.25,806.5,713.45,1441.1,634,671.2,5587.75,3293.1,1698.4,2161.45
2022-06-27,15832.05,2492.65,461.2,823.5,717.35,1474.6,637.1,683.95,5641.2,3314.7,1691.55,2181.6
2022-06-28,15850.2,2527.7,464.25,816.6,710.3,1480.15,642.35,681.15,5576.25,3318.15,1668.8,2204.6
2022-06-29,15799.1,2580.15,459.1,808.8,702.75,1463.25,625.55,687.8,5512.8,3290.5,1642.45,2220.1
2022-06-30,15780.25,2595.65,465.9,794.35,707.2,1461.9,636.8,684.95,5400.5,3267.1,1661.1,2190.9
2022-07-01,15752.05,2408.7,466.85,807.2,703.9,1479.4,643.95,673.45,5614.4,3315.1,1667.75,2232.2
2022-07-04,15835.35,2413.7,473.45,832,720.1,1488,654.35,681.9,5630.3,3235.05,1670.9,2261.85
2022-07-05,15810.85,2433.25,472.15,824.05,719.45,1475.95,648.5,684.45,5661.1,3216.3,1663.05,2246.45
2022-07-06,15989.8,2411.85,479.95,836.55,725.95,1491.65,657.95,693.95,5916.7,3260.75,1704.5,2272.85
2022-07-07,16132.9,2388.1,486.75,861,742,1498.7,658.15,686.8,5860.7,3287.85,1738.5,2274.3
2022-07-08,16220.6,2391.4,488.55,848.6,755.7,1514.45,669.15,695.15,5873.2,3265.45,1744.75,2293.05
2022-07-11,16216.0,2423.9,488.2,858.35,769.5,1473.15,679.85,660.55,5861.5,3113.8,1741.25,2373.25
2022-07-12,16058.3,2420.45,484.95,847.05,759.9,1438.6,676.2,663,5873.55,3084.7,1718.95,2365.65
2022-07-13,15966.65,2377.55,486.5,819.05,753.2,1444.45,679.9,643.5,5878.9,3038.75,1742.05,2353.5
2022-07-14,15938.65,2397.15,479.35,820.9,752.4,1428.85,668.25,641.65,5830.85,2998.75,1770.05,2383.1
2022-07-15,16049.2,2401.8,479.1,815.05,751.2,1430.35,662.2,651.8,5915.2,2994.6,1787.7,2405.25
2022-07-18,16278.5,2422.25,490.3,851.05,772,1489.9,684.5,663.05,6059.8,3063.5,1845.65,2423.6
2022-07-19,16340.55,2437.1,497.95,868.1,780.65,1484.15,700.6,672.9,6065.95,3074.25,1834.95,2451.3
2022-07-20,16520.85,2503,508.6,879.3,783.1,1515.3,705.7,670.65,6074.4,3164.8,1827.75,2451.1
2022-07-21,16605.25,2486.3,512.05,948.1,786,1532.9,715.55,678.35,6266.9,3177.3,1800.55,2495.5
2022-07-22,16719.45,2503.1,513.7,942.45,800.05,1506.3,730.75,678.85,6258.25,3171,1827.1,2499.4
2022-07-25,16631.0,2420.4,517.8,962.05,800.9,1503.6,727.35,678.4,6227,3166.75,1795.55,2550.6
2022-07-26,16483.85,2421.5,514.2,961.6,796.3,1451.15,706.45,684.1,6264.45,3115.9,1761.6,2559.7
2022-07-27,16641.8,2419.2,528.2,979.8,800.5,1471.05,718.95,674.9,6396.35,3188.85,1754.1,2548.7
2022-07-28,16929.6,2457.1,532.45,1017.7,814.6,1517.4,725.9,666.85,7076.6,3260.5,1828.5,2550.4
2022-07-29,17158.25,2509.45,528.35,1043.5,818.6,1549.7,724.75,677.95,7209.1,3301.9,1810.35,2569.2
2022-08-01,17340.05,2574.85,533.75,1040.15,823.4,1551.05,730.8,694.45,7261,3298.8,1855.75,2660.15
2022-08-02,17345.45,2584.65,542.1,1067.25,817.75,1543.6,730.45,686.8,7341.9,3291.8,1884.6,2683.65
2022-08-03,17388.15,2606.35,540.85,1058.3,824.8,1566.1,730.5,693.15,7296.35,3339.5,1851.1,2711.4
2022-08-04,17382.0,2571.9,533.25,1050.2,820.25,1599.9,721.6,694.3,7316.65,3354.95,1835.55,2723.6
2022-08-05,17397.5,2534,531.05,1036.3,838.2,1616.65,728.5,703.65,7304.7,3365.05,1833.9,2698.4
2022-08-08,17525.1,2567.15,520.4,1050.2,836.95,1619.4,745.55,704.35,7342.2,3374.45,1844.5,2791.9
2022-08-10,17534.75,2582.5,514.7,1063.1,848.75,1602.45,739,715.25,7149.4,3354.25,1828.35,2827.2
2022-08-11,17659.0,2591.1,524.75,1079.2,859.7,1619.95,758.85,709.8,7318.95,3422.5,1853.5,2834.05
2022-08-12,17698.15,2633,530.7,1080.45,874.4,1594.1,760.55,709.7,7309.4,3401.55,1841.2,2864.55
2022-08-16,17825.25,2651.3,525.95,1084.45,879.25,1596.45,764.65,704.1,7286.1,3392.7,1846.35,2975.85
2022-08-17,17944.25,2665.15,528.15,1088.6,883.25,1606.25,772.1,722.95,7527.1,3401.1,1839.7,3008.65
2022-08-18,17956.5,2661.3,532.35,1105.1,885.1,1582.95,765.05,733.2,7488.25,3381.25,1904.5,3153.65
2022-08-19,17758.45,2613.85,520.35,1063.3,870.4,1597.1,757.5,732.3,7301.7,3385.75,1877,3130.2
2022-08-22,17490.7,2606.6,511.3,1057.2,852.25,1575.65,741.85,727.6,7102.2,3354.55,1832.05,3051.6
2022-08-23,17577.5,2646.8,521.9,1071.05,863.9,1542.4,747.05,737.6,7207.7,3284.6,1855.75,3030.65
2022-08-24,17604.95,2639.75,519.3,1101.9,873.3,1537.5,750.15,738.75,7176.9,3255.35,1867.6,3134.65
2022-08-25,17522.45,2632.05,520.4,1089.95,872.35,1518.15,743.35,741,7047.15,3218.2,1868.75,3066.35
2022-08-26,17558.9,2618,523.8,1069.75,870.85,1521.55,744.9,730.85,7062.1,3222.2,1902.05,3139.55
2022-08-29,17312.9,2597.65,514.85,1059.2,855.85,1461.75,728.7,720.6,6964.35,3132.55,1850,3142.6
2022-08-30,17759.3,2637.95,531.25,1107.45,887.3,1492.95,751.5,726.6,7306.25,3211.15,1915.45,3194.35
2022-09-01,17542.8,2560.4,533.3,1111.4,874.35,1464.2,744.15,735.05,7181.3,3131.7,1902.85,3233.25
2022-09-02,17539.45,2530.5,536.7,1100.75,872.4,1453,750.2,735,7190.35,3130.4,1918.85,3355.8
2022-09-05,17665.8,2569.8,538.9,1108,882.45,1461.3,756.1,740.4,7196.2,3133.4,1937.9,3346.55
2022-09-06,17655.6,2596.85,537.8,1108.8,883.65,1455.1,750,761.25,7119.35,3127.05,1915.7,3435.8
2022-09-07,17624.4,2581.75,532.85,1089.95,876.2,1457.65,755.4,753.1,7166.5,3149.6,1908.25,3473.75
2022-09-08,17798.75,2585.4,544.65,1108.3,898.8,1475.9,779.75,769.8,7257.65,3169.65,1930.05,3462.8
2022-09-09,17833.35,2569.3,553.35,1137.15,901.25,1511.65,784.85,765.75,7180.9,3217.65,1926.35,3451.2
2022-09-12,17936.35,2598.05,554.9,1136.85,907.2,1536.2,801,769.15,7286.9,3242.95,1924,3463.8
2022-09-13,18070.05,2619.75,558,1163.8,910,1544.95,805.55,784.25,7403.45,3229.35,1923.4,3555.8
2022-09-14,18003.75,2588.35,571.75,1215.75,918.1,1475.4,803.05,783.35,7483.45,3120.4,1954.7,3572.1
2022-09-15,17877.4,2562.7,572.15,1195.85,917.6,1432.8,790,785.1,7386.3,3104.35,1934.15,3748.7
2022-09-16,17530.85,2499.2,561.8,1227.35,909.1,1377.05,789.3,779.65,7274.1,3008.7,1930.3,3702.2
2022-09-19,17622.25,2502.45,572.25,1225.75,899.2,1390.3,798.1,782.75,7496.1,3028.8,1929.5,3778.65
2022-09-20,17816.25,2502.85,574.05,1264.1,916.75,1388.55,812.75,792.15,7635.4,3040.3,1939.75,3834.55
2022-09-21,17718.35,2509.75,569.7,1224.25,915.25,1377.25,806.55,780.2,7690.65,3001.2,1918.5,3640.1
2022-09-22,17629.8,2486.1,567.3,1216.55,903.4,1367.95,789.2,784.1,7719.55,3007.4,1892.75,3716.3
2022-09-23,17327.35,2439.5,550.6,1183.35,882.25,1365.45,768.6,771.35,7507.15,2982.05,1862.7,3674.3
2022-09-26,17016.3,2377.35,543.3,1149.6,861.05,1380.25,742.6,755.05,7259.5,2994.4,1829,3586.2
2022-09-27,17007.4,2396.25,536.5,1165.1,852.55,1393.55,737.5,760.6,7242.85,3017.45,1799.3,3559.1
2022-09-28,16858.6,2332.45,524.85,1140.9,849.5,1394.7,716.45,761.45,7202.5,3035.65,1792.6,3548.75
2022-09-29,16818.1,2325.3,521.75,1142.25,843.9,1398.65,719,764.65,7104.75,2997.3,1765.3,3470.7
2022-09-30,17094.35,2377.75,530.6,1185.2,862,1413.45,733.2,799.9,7335.75,3004.55,1819.2,3455.75
2022-10-03,16887.35,2369.5,519.75,1156.25,848.35,1393.75,722.75,803.35,7171.8,2984.95,1783.9,3157.3
2022-10-04,17274.3,2413.2,532.7,1219.25,867.65,1429.4,742.8,808.7,7488.7,3091.15,1822.25,3237.7
2022-10-06,17331.8,2422.1,537.3,1200.9,885.45,1455.15,755.1,788.6,7404.15,3101.95,1818.9,3285
2022-10-07,17314.65,2432.35,530.2,1213.4,882.55,1451.2,755.7,793.1,7345.15,3064.9,1825.4,3277.6
2022-10-10,17241.0,2405.8,530.75,1210.3,881.75,1462.65,776.85,792.35,7293.4,3118.55,1808.25,3246.25
2022-10-11,16983.55,2357.9,527.4,1164.6,870.6,1423.8,785.55,780.3,7202.8,3069.55,1787.9,3273.95
2022-10-12,17123.6,2375.25,533.8,1189.05,868.35,1428.7,808.7,775.55,7226.2,3100.75,1810.2,3223.65
2022-10-13,17014.35,2382.8,521.45,1184.25,853.6,1419.9,802,768.9,7151.65,3103.3,1801.5,3233.65
2022-10-14,17185.7,2370.7,527.2,1181.6,870.25,1474.25,800.5,765.95,7272.5,3099.15,1834,3209.5
2022-10-17,17311.8,2408.75,543.65,1199.65,885.2,1489.95,814.15,766,7355.2,3111.75,1858.15,3212.6
2022-10-18,17486.95,2451.25,562.45,1223.25,896.9,1503.7,816.35,783.15,7390.4,3144.7,1859.7,3284.3
2022-10-19,17512.25,2493.9,553.4,1218.4,892.1,1485.45,829.85,783.4,7380.4,3121.85,1869.35,3277.25
2022-10-20,17563.95,2500.6,555.4,1159.95,888.65,1500.9,825.85,792.9,7432.4,3157.3,1863.55,3357.1
2022-10-21,17576.3,2471.6,560.85,1142.25,907.15,1500.5,900.4,797.45,7192.75,3137.4,1902.65,3311.9
2022-10-24,17730.75,2479.85,570.5,1145.85,926.3,1517.85,909.45,802.1,7206.5,3161.7,1895.8,3309.8
2022-10-25,17656.35,2441.55,578.55,1137.45,925.05,1526.3,902.85,802.3,7102.9,3162.1,1846.6,3300.5
2022-10-27,17736.95,2451.15,579.65,1142.5,924.4,1523.95,915.15,817.1,6971.1,3157.4,1865,3325
2022-10-28,17786.8,2526.15,570.75,1147,907.85,1513.25,903.05,816.85,7006.85,3163.25,1884.25,3323.3
2022-10-31,18012.2,2549.6,573.8,1142.65,908.7,1537.65,906,832,7144.1,3193.15,1901.95,3347.45
2022-11-01,18145.4,2529.85,576.9,1151.15,908.6,1573,871.75,835.55,7209.5,3259.7,1909.2,3575.7
2022-11-02,18082.85,2545.65,573.85,1138.2,904.7,1553.3,863.55,809.85,7156.2,3241.7,1909.95,3580.7
2022-11-03,18052.7,2555.15,584.9,1148,908.65,1530.75,864.05,818.65,7121.6,3206.75,1900.15,3590.4
2022-11-04,18117.15,2592.75,593.95,1152.7,905.3,1514,868.1,816.4,7212,3217.4,1899.95,3833.25
2022-11-07,18202.8,2606.6,614.15,1144.15,917.5,1507.45,872.95,822.7,7190.05,3233.7,1882.6,3960.6
2022-11-09,18157.0,2604,615.55,1149,910.5,1511.2,873.7,819.05,7144,3216.05,1893.4,3997.2
2022-11-10,18028.2,2572.5,605.75,1127.35,910.7,1501.95,843.7,825.75,6975.1,3205.65,1912.15,3992.25
2022-11-11,18349.7,2631.8,601.3,1140,906.55,1570.1,850.7,826.9,7051.45,3315.95,1899.1,4008.85
2022-11-14,18329.15,2619.05,592.55,1152.95,894.95,1585.3,851,821.9,7025.8,3335.5,1922.8,4022.55
2022-11-15,18403.4,2607.3,600.85,1152.85,911.7,1594,858.65,835.25,7025.75,3332.6,1912.4,4057.8
2022-11-16,18409.65,2592.35,599.75,1144.1,913.6,1602.8,855.4,841.2,6895.05,3355.35,1965.9,3956.6
2022-11-17,18343.9,2599.05,599.05,1146.5,919.8,1587.4,858.2,846.15,6895.05,3349,1950.55,4018.15
2022-11-18,18307.65,2597.65,602.7,1128.65,920.35,1593.4,859.2,837.3,6791.5,3343.45,1959.55,4019.8
2022-11-21,18159.95,2550.9,598.1,1139,921.4,1568.2,870.05,851.2,6679.1,3283.5,1944.1,4001.85
2022-11-22,18244.2,2565.05,599.1,1169.4,923.7,1585.05,870.05,847.6,6685.05,3314.95,1939.75,4034
2022-11-23,18267.25,2557.05,607.65,1174.35,927.45,1583.15,874.7,843.25,6780.05,3308.3,1953.35,3903.3
2022-11-24,18484.1,2579.1,609.35,1175.55,938.85,1629.8,878.55,848.35,6771.35,3380.15,1944.85,3921.1
2022-11-25,18512.75,2617.6,607.4,1187.1,930.3,1635.65,887.75,846.85,6747.5,3389.65,1928.4,3901.1
2022-11-28,18562.75,2707.55,608.6,1197.85,937.4,1623.4,891.7,837.4,6777.45,3395.25,1928.15,3886.15
2022-11-29,18618.05,2712.2,608.55,1180.6,946.75,1629.05,892.55,835.85,6734.15,3397.35,1925.55,3878.4
2022-11-30,18758.35,2731.35,602.45,1167.8,952.9,1634.95,901.25,848.75,6720.95,3390.8,1947.05,3917.9
2022-12-01,18812.5,2723.3,608.1,1173.9,940.2,1657.1,903.85,848.6,6747.75,3475.65,1934.3,3915.1
2022-12-02,18696.1,2722.15,607.55,1178.7,930.6,1637.9,905.15,848.65,6675.75,3439.15,1930.8,3922.5
2022-12-05,18701.05,2682.45,617.3,1195.5,933.6,1639.75,899.2,844.1,6660.45,3425.9,1938.45,3930.4
2022-12-06,18642.75,2690.2,608.95,1184.1,922.65,1612.9,904.65,833.35,6698.55,3385.35,1935.25,4031.8
2022-12-07,18560.5,2650.5,607.05,1164.65,922.15,1605.5,914.65,834,6625.2,3380.6,1911.45,3999.3
2022-12-08,18609.35,2649.25,611.65,1190.85,931.9,1620.15,939.35,832.6,6581.95,3350.55,1897,4025
2022-12-09,18496.6,2609.1,616.5,1202.5,929.9,1569.3,933.7,834.9,6517.45,3292.75,1888.05,3996.8
2022-12-12,18497.15,2613.1,613.05,1206.75,930.3,1547.2,938.65,828.4,6506.5,3286.45,1865.75,4016.7
2022-12-13,18608.0,2625,616.75,1234.95,932.95,1572.15,944.6,838.05,6620.1,3332.1,1868.5,4060.2
2022-12-14,18660.3,2615.5,625.5,1253.15,921.75,1579.4,942.4,829.2,6655.2,3365.35,1873.2,4055.8
2022-12-15,18414.9,2578.35,615.95,1239.6,908.8,1540.5,938.15,826.35,6625.4,3305.1,1863.2,4043.75
2022-12-16,18269.0,2565.6,603.35,1229.55,902,1522.2,935.1,822.75,6596.9,3240.25,1840.55,3980.8
2022-12-19,18420.45,2599.3,604.45,1223.55,906.45,1507.35,946.2,840.4,6687,3202.05,1858.15,4075.3
2022-12-20,18385.3,2621.8,604.45,1228.65,909.7,1507.3,949.75,828.95,6642.85,3243.95,1847.1,4165.3
2022-12-21,18199.1,2584.5,593.4,1201.8,892.25,1509.55,932.3,814,6526.7,3268.55,1814.6,3901.95
2022-12-22,18127.35,2577.8,593.4,1180.15,890.65,1522.05,919.55,816.6,6490.65,3259.7,1826.05,3868.55
2022-12-23,17806.8,2502.2,574,1147.85,878.9,1497.1,906.6,808.65,6374.6,3228.35,1821.95,3642.2
2022-12-26,18014.6,2524.05,597.1,1195.7,893.2,1502.4,928.7,811,6433.7,3252.9,1813.55,3716.75
2022-12-27,18132.3,2544.7,601.9,1202.35,900.65,1514.85,932.2,814.8,6504.7,3259.5,1820.9,3769.65
2022-12-28,18122.5,2544.45,601.05,1214.15,898.95,1510.15,924.7,803.8,6476.1,3257.1,1820.1,3797.7
2022-12-29,18191.0,2543.3,611.8,1231.15,908.05,1517.55,934.55,820.75,6510.9,3268.75,1818.75,3810.6
2022-12-30,18105.3,2547.2,613.7,1220.1,890.85,1508.2,933.75,806.1,6575.2,3256.7,1827.25,3858.35
2023-01-02,18197.45,2575.9,612.2,1226.35,902.45,1524,941.6,813.5,6553.75,3261.45,1825.05,3841.2
2023-01-03,18232.55,2557.05,612.4,1240.95,901.35,1522.55,962.3,817.6,6606.25,3311.35,1832.85,3830.95
2023-01-04,18042.95,2518.55,605.2,1223.1,899.1,1494.8,957.45,811.8,6571,3314.65,1820.75,3827.05
2023-01-05,17992.15,2514.05,605.1,1215.85,879.15,1475.2,949.55,807.1,6100.05,3311.1,1820.3,3829.8
2023-01-06,17859.45,2536.9,600.65,1181.9,870.1,1448.5,939.9,796,5980.4,3211.55,1786.8,3824.25
2023-01-09,18101.2,2596.8,607.7,1218.65,873.35,1484.45,958.75,819.4,5993.35,3319.95,1811.9,3855.3
2023-01-10,17914.15,2558.4,595.15,1227.55,861.35,1469.75,952.15,792.85,5904.15,3286.4,1795.55,3646.9
2023-01-11,17895.7,2526.15,596.7,1213.25,866.3,1471.25,949.75,765.55,5895.75,3328.7,1801.85,3635.8
2023-01-12,17858.2,2471.6,594.9,1209.15,860.65,1480.6,935.55,756.9,5898.4,3334.35,1779.5,3647.2
2023-01-13,17956.6,2467.6,600.1,1234.4,873.45,1503.65,934.15,764.3,5977.8,3374.55,1780.3,3721.15
2023-01-16,17894.85,2444.1,603,1239.25,865.25,1525.5,913.15,759.15,6010.9,3334.05,1784.8,3619.8
2023-01-17,18053.3,2478.8,592.95,1230.35,865.15,1539.5,917.7,765.7,5984.95,3378.4,1797.65,3639.35
2023-01-18,18165.35,2474.7,591.45,1223,869.5,1545.4,924,776.55,5998.65,3390,1799.1,3596.7
2023-01-19,18107.85,2472.05,589.85,1200.55,866.15,1538.9,928.7,772,6012.45,3373.1,1767.3,3463.55
2023-01-20,18027.65,2442.65,592.2,1202.45,870.35,1525.55,930.55,764.45,5860.4,3363.1,1762.9,3456.15
2023-01-23,18118.55,2430.3,600.45,1204.7,871.7,1548,932.7,772.7,5863,3414.9,1783.75,3436.35
2023-01-24,18118.3,2415.95,594.35,1212.3,870.75,1551.9,910.2,775.65,5855.05,3436.3,1760.25,3442
2023-01-25,17891.95,2382.55,568.7,1156.15,855.3,1543,892.35,776.5,5795.9,3429.75,1749.8,3388.95
2023-01-27,17604.35,2337.35,539.95,1116.4,817.2,1519.15,873.75,774.5,5760.7,3411.05,1713.1,2761.45
2023-01-30,17648.95,2359.75,538.2,1089.05,823.5,1538.8,871.85,770.2,6021.8,3433.65,1726.25,2892.85
2023-01-31,17662.15,2353.85,553.5,1082.95,831.9,1533.75,871.6,770.3,5886.4,3358.7,1731,2973.9
2023-02-01,17616.3,2339.9,527.35,1041.85,847.95,1551.1,857.25,769.1,5817.2,3408.35,1744.7,2135.35
2023-02-02,17610.4,2326.95,528.1,1075.9,857.9,1583.75,868.45,777.75,5717.65,3460.4,1761.75,1565.25
2023-02-03,17854.05,2329,544.2,1103.55,863.8,1599.4,882.6,792.9,6014.25,3482.3,1780.3,1586.8
2023-02-06,17764.6,2311.45,545.4,1129.15,853.7,1569.85,882.65,789.25,6104.2,3459.95,1747,1572.7
2023-02-07,17721.5,2305.9,547.1,1142.9,852.75,1562.4,879.1,785.9,6160.55,3472.55,1775.4,1802.95
2023-02-08,17871.7,2351.95,549.75,1145.35,859.1,1590.5,871.75,775.1,6351.65,3520.1,1765.5,2164.25
2023-02-09,17893.45,2356.05,550.8,1163.8,860.8,1617,867.7,766.65,6455,3540.85,1770.9,1925.7
2023-02-10,17856.5,2336.65,553.05,1161.2,853.85,1608.55,867.25,771.95,6435.5,3537.55,1772.05,1846.95
2023-02-13,17770.9,2323.35,537.5,1157.35,850.65,1567.45,859.1,768.6,6345.5,3482.4,1773.8,1717.65
2023-02-14,17929.85,2378.1,540.85,1156.85,865.3,1593.25,870.75,775.2,6458.7,3500.1,1770.35,1749.7
2023-02-15,18015.85,2431.95,542.25,1149.6,870.8,1597.05,868.3,785.4,6489.95,3520.65,1785.5,1779.1
2023-02-16,18035.85,2430.05,540.1,1148.35,869.45,1601.8,864.75,784.45,6437.3,3558.05,1787.95,1796.6
2023-02-17,17944.2,2440.2,531,1114.7,862.65,1583.8,854.9,776.8,6416.7,3501.15,1759.25,1722.7
2023-02-20,17844.6,2414.4,525.15,1109.3,852.1,1592.45,846.75,779.15,6367.4,3487.3,1737.3,1621.45
2023-02-21,17826.7,2434.1,523.45,1101.75,854.2,1579.5,844.05,779.05,6379.25,3451,1730.2,1571.1
2023-02-22,17554.3,2378.9,516.35,1092.75,839.25,1561.8,833.35,772.15,6198.65,3401.55,1700.55,1404.85
2023-02-23,17511.25,2367.5,521,1075.6,839.75,1550.7,844.35,762.95,6202.35,3413.8,1707.15,1382.65
2023-02-24,17465.8,2383.7,521.05,1079.15,839.7,1550.65,851.4,757.1,6236.25,3400.45,1697.3,1315.65
2023-02-27,17392.7,2367.85,527.7,1081.95,856.4,1509.3,854.35,752.9,6194.5,3331.85,1725.95,1193.5
2023-02-28,17303.95,2322.55,522.8,1077.7,854.85,1487.55,844.1,742.25,6112.1,3312.85,1729.25,1363.85
2023-03-01,17450.9,2343.9,536.7,1100.45,856.3,1496.05,865.15,750.2,6154.85,3385.7,1744.9,1564.3
2023-03-02,17321.9,2326.05,533.75,1102.05,854,1472.15,845.45,740.1,6083,3321.45,1721.7,1607.25
2023-03-03,17594.35,2385.4,561.2,1126.4,868.55,1479.3,852.65,764.4,6100.05,3342.15,1751,1879.5
2023-03-06,17711.45,2408.7,561.7,1120.6,867.75,1507.45,859.5,766.6,6134.85,3371.85,1751,1982.9
2023-03-08,17754.4,2417.35,564.8,1174.25,872.1,1492.7,860.95,766.55,5996.85,3390.4,1740.2,2039.65
2023-03-09,17589.6,2359.25,558.9,1169.8,855.95,1480.4,867.8,773.4,5901.3,3336.85,1716.7,1953.15
2023-03-10,17412.9,2322.7,547.35,1144.8,842.65,1471.55,851.9,773.75,5874.15,3331,1699.3,1896.2
2023-03-13,17154.3,2284.5,530,1060.1,828.4,1435.1,832.35,765.3,5833.55,3281.95,1673.9,1874.4
2023-03-14,17043.3,2275.95,525.4,1064,830.35,1420,832.85,771.8,5731.55,3214.95,1648.25,1738.2
2023-03-15,16972.15,2237.05,517.55,1044.35,825.9,1419.65,824.05,756.65,5718.75,3198.9,1665.95,1839
2023-03-16,16985.6,2225.9,524.5,1017.8,823.9,1404.1,830.55,745.95,5715.1,3185,1663.55,1843.8
2023-03-17,17100.05,2223.1,529.8,1020.5,836.25,1420.7,837.4,757.25,5732.35,3179.3,1693.1,1876.55
2023-03-20,16988.4,2201.25,519.2,1002.3,836.45,1403.65,837.55,754.8,5550.8,3143.3,1699.65,1804.95
2023-03-21,17107.5,2269.7,521.85,1022.85,852.4,1390.7,855.6,756.95,5710.1,3106.1,1706.85,1824.25
2023-03-22,17151.9,2276.6,521.55,1031.15,860.2,1389.25,849.65,756.7,5834.2,3130.8,1705.15,1815.4
2023-03-23,17076.9,2247.8,512.75,1018.25,855.45,1374.55,848.8,763.55,5833.05,3124.65,1679.7,1794
2023-03-24,16945.05,2203.3,505.35,1009.55,852.4,1380.65,839.9,762.45,5649.25,3120.5,1692.15,1740.65
2023-03-27,16985.7,2237.55,510.15,1012.85,848.7,1388.95,833.35,761.75,5593.05,3122.3,1705.2,1723.05
2023-03-28,16951.7,2248,508.1,1036.15,854.75,1377.6,832.45,748.45,5534.45,3115.9,1698.9,1600.85
2023-03-29,17080.7,2234.7,516.5,1057.1,851,1383.55,842.6,743.6,5625.2,3138.9,1721.05,1740.4
2023-03-31,17359.75,2331.05,523.75,1067.95,877.25,1427.95,858.5,749,5616.75,3205.9,1732.85,1750.45
2023-04-03,17398.05,2331.45,526.75,1078.75,883.8,1410.85,864.6,760.55,5715.05,3200,1745.7,1717.45
2023-04-05,17557.05,2325.85,523,1067.2,884.6,1423.55,860.5,763.45,5761.3,3239.8,1751.9,1698
2023-04-06,17599.15,2341.45,527.65,1082,875,1421.9,851.95,765.95,5932.2,3220.7,1757.1,1754.05
2023-04-10,17624.05,2324.85,526.3,1069.3,868.45,1427.6,847.35,769.75,5828.8,3263.4,1759.3,1797.25
2023-04-11,17722.3,2336.35,532.1,1074.2,881.9,1406.15,853.3,774.15,5837.75,3213.8,1846.5,1803.15
2023-04-12,17812.4,2346.65,528.2,1074.75,890.15,1428.3,851.05,771.1,5856.95,3241.65,1844.05,1847.25
2023-04-13,17828.0,2355.5,532.95,1109.3,899,1389.2,864.35,767.05,5904.45,3188.85,1869.5,1870.75
2023-04-17,17706.85,2367.45,544,1124.35,901.3,1258.3,864.55,759.65,5961.45,3139.5,1895.15,1878.75
2023-04-18,17660.15,2340.35,545.85,1146.9,896.85,1259.35,863.35,759.75,5915.65,3130.75,1888.3,1850.95
2023-04-19,17618.75,2352,540.3,1120.4,891.9,1232.2,873.4,764.65,5947.75,3089.6,1884.9,1853.85
2023-04-20,17624.45,2346.05,544.8,1126.2,894.4,1223.4,868.75,772.3,5912.7,3104.8,1884,1842.9
2023-04-21,17624.05,2349,543.15,1116.35,885.65,1227.35,864.2,765.2,5937.9,3160.85,1893.65,1803
2023-04-24,17743.4,2358,554.6,1102,904.75,1226.3,882.3,760.25,5933.75,3174.8,1897.25,1801.95
2023-04-25,17769.25,2376.05,561.8,1121.75,913.45,1224.9,878.35,772.6,6075.25,3176,1889.3,1844.6
2023-04-26,17813.6,2362.1,566.35,1137.8,914.95,1227.55,887.65,773.45,6055.95,3198.15,1878.6,1847.9
2023-04-27,17915.05,2377.05,564.75,1144.75,918.35,1246.25,881.4,786.5,6200.05,3187.95,1908.6,1853.05
2023-04-28,18065.0,2420.5,578.3,1152.8,917.65,1252.75,860,799.3,6280.1,3219.25,1938.05,1924.95
2023-05-02,18147.65,2441.05,575.3,1150.9,922.1,1277.45,870.65,790.2,6249.15,3219.4,1921.15,1919.85
2023-05-03,18089.85,2420.1,570.5,1146.15,922.85,1269.15,859.85,779.3,6180.25,3179.9,1930.95,1839
2023-05-04,18255.8,2448,580,1134.6,921.7,1273.55,865.95,789.1,6390.25,3220.7,1947.6,1911.25
2023-05-05,18069.0,2441.75,576.5,1073.3,926.95,1259.1,865.3,787.3,6389.85,3230.7,1928.7,1920.3
2023-05-08,18264.4,2471.9,583.6,1126.35,937.9,1265.6,878.45,793.75,6657.95,3250.6,1958.85,1887.5
2023-05-09,18265.95,2479.55,573.5,1140.6,934.4,1270.7,888.25,793.6,6552.25,3283.25,1954.3,1896.1
2023-05-10,18315.1,2496.6,572.2,1172.55,936.05,1263.25,889.9,796.05,6631.5,3286.8,1958.7,1892.15
2023-05-11,18297.0,2480.3,573.45,1187.45,939.2,1256.1,895.95,788.6,6663.45,3282.15,1957.95,1984.65
2023-05-12,18314.8,2484.35,578.15,1208.65,943.9,1245.2,910.65,791.95,6714.4,3274.3,1960.6,1964.7
2023-05-15,18398.85,2489.25,581.9,1219.55,945.75,1258.35,915.8,797.05,6712.3,3255.05,1973,1916.05
2023-05-16,18286.5,2453.8,586.3,1220.3,946.35,1264.3,917.8,787.35,6784.6,3258.15,1947.05,1889.15
2023-05-17,18181.75,2439.3,586.3,1236.15,939.35,1246.9,914.8,792.25,6705.05,3208.7,1909.15,1899.5
2023-05-18,18129.95,2434.05,574.2,1238.9,946.5,1246,914.7,799.35,6789.4,3199.85,1927.4,1890
2023-05-19,18203.4,2441.95,575.15,1248,954.3,1268.9,924.05,805.75,6784.2,3222.85,1941.65,1956.05
2023-05-22,18314.4,2455,577.15,1246.15,950.35,1292.8,917.55,801.85,6793.05,3298.7,1940.2,2326.1
2023-05-23,18348.0,2454.55,581.6,1260.2,953.4,1300.05,916.15,799.95,6780.55,3297.05,1921.5,2633.7
2023-05-24,18285.4,2440.25,582.7,1271.75,940.65,1298.65,917.7,801.4,6785.95,3303.35,1910.35,2475.6
2023-05-25,18321.15,2439.95,581.25,1263.4,939.85,1304.35,921.05,822.7,6841.15,3293.5,1929.95,2537.45
2023-05-26,18499.35,2506.5,586,1268.05,950.7,1317.45,926.95,817.95,6904.5,3328.9,1945.05,2544.35
2023-05-29,18598.65,2520.6,595,1284.95,948.15,1314.4,929.8,821.25,6932.05,3320.35,1953.2,2534.05
2023-05-30,18633.85,2519.95,592.8,1293.25,949.95,1323.85,937.45,818.45,7005.8,3316.2,1974.7,2496.45
2023-05-31,18534.4,2469.9,579.85,1286.6,949.15,1318.3,914.85,849.9,6989.85,3289.5,2014.35,2493.35
2023-06-01,18487.75,2463.25,582.75,1290.15,936.1,1319.5,919.7,827.95,7040.5,3324,1930.05,2492.15
2023-06-02,18534.1,2455.2,587.2,1288.2,938.15,1299,926.1,836.5,7023.9,3305.6,1938.75,2445.05
2023-06-05,18593.85,2477.25,587.2,1301.8,946.75,1304.5,950.85,834.5,7043.2,3288.9,1924.9,2433.95
2023-06-06,18599.0,2479.35,585.35,1306,942.1,1279,968.2,829.45,7113.95,3232.3,1959.05,2433.65
2023-06-07,18726.4,2498.15,589.2,1311.2,940.2,1288.95,976.75,844.25,7079.95,3274.9,1939.4,2439.55
2023-06-08,18634.55,2499.65,588.5,1303.85,937.9,1282.8,962.1,836,7010.1,3236.45,1886.5,2429.15
2023-06-09,18563.4,2481.95,578.7,1331.05,938.05,1265.95,974.75,833.5,7037.15,3209.3,1872,2451.15
2023-06-12,18601.5,2484.15,578.65,1332.45,935.95,1291.95,974.2,836.35,7097.7,3246.9,1879.45,2484.8
2023-06-13,18716.15,2520.85,576.4,1336.25,943.55,1304.85,985.85,834.35,7166.75,3243.7,1855.95,2462.55
2023-06-14,18755.9,2551.85,576.55,1323.25,939.8,1300.4,977.7,827.95,7096.85,3251.05,1864.65,2457.15
2023-06-15,18688.1,2552.55,566.5,1297.1,926.6,1286.8,977.15,829.7,7126.6,3216.3,1833.5,2485.65
2023-06-16,18826.0,2577.4,571.25,1314,934.2,1291.65,981.55,837.8,7203.2,3174.9,1857.4,2509.6
2023-06-19,18755.45,2551.8,568.85,1301.4,923.15,1294,965.65,828.15,7386.2,3210.4,1824.55,2401.4
2023-06-20,18816.7,2557.1,567.4,1298.4,925.55,1303.4,974.85,831.2,7248.8,3227.7,1844,2414.8
2023-06-21,18856.85,2564.3,566.35,1286.6,924.7,1299.35,966,839,7206.15,3258.2,1845.55,2405.95
2023-06-22,18771.25,2535.5,562.95,1272.7,925.75,1281.55,966.6,842.8,7030,3238.5,1836.1,2397.25
2023-06-23,18665.5,2514.75,554.6,1308.7,923.5,1265,958.4,854.8,6989.65,3216.35,1828.55,2233.55
2023-06-26,18691.2,2495.55,557.05,1315.05,927.45,1270.35,960.55,851.95,6998.7,3189.65,1822.95,2295.6
2023-06-27,18817.4,2496.45,566.1,1315.95,936.1,1279.15,973.25,864.9,7019.25,3197.35,1844.7,2284.45
2023-06-28,18972.1,2529.5,569.8,1334.05,937.45,1293.35,978.2,872.2,7090.2,3215.45,1840.55,2402
2023-06-30,19189.05,2550.25,572.85,1374.65,934.6,1335.5,987.45,878.75,7160.6,3302.25,1846.55,2388.05
2023-07-03,19322.55,2615.7,585.45,1380.35,942.55,1333.7,982.1,879.15,7333,3272.3,1843.95,2385.5
2023-07-04,19389.0,2588.75,589.25,1367.35,944.7,1345.15,970.7,865.15,7860.45,3308.85,1861.7,2387.7
2023-07-05,19398.5,2584.5,590.6,1399.55,958,1347.3,966.5,866.65,7838.75,3319.95,1864.85,2399.15
2023-07-06,19497.3,2638.75,592.5,1390.2,959.4,1343.9,980.95,869.65,7766.25,3322.9,1877.3,2402.9
2023-07-07,19331.8,2633.6,593.6,1357.1,946.4,1330.2,976.7,870.45,7622.35,3329.25,1853.5,2379.6
2023-07-10,19355.9,2735.05,592.6,1367,948.4,1329.15,964.05,885.4,7533.25,3271.95,1866.9,2410.25
2023-07-11,19439.4,2764.7,588.55,1380.95,944.95,1348.6,953.2,891.9,7444,3272.4,1866.6,2422.9
2023-07-12,19384.3,2767.75,589.25,1371.45,944.4,1333.3,950,889.95,7431.95,3259.9,1878.1,2387.9
2023-07-13,19413.75,2743,585.65,1376.3,955.7,1365.1,960.15,885.05,7474.6,3340.55,1869.7,2362.05
2023-07-14,19564.5,2740.7,584.4,1377,960.05,1425.95,957.05,886.5,7482.35,3514.65,1869,2376.1
2023-07-17,19711.45,2796.7,601.1,1390.5,968.7,1422.95,964.85,878.1,7510.95,3491.7,1897.05,2408.55
2023-07-18,19749.25,2820.45,592.35,1390.25,975.45,1475.2,963.65,875.45,7420,3496.85,1890.85,2416.9
2023-07-19,19833.15,2841.85,601.45,1419.55,973.45,1474.95,964.3,870.75,7584.7,3470.05,1906.6,2423.75
2023-07-20,19979.15,2619.85,610.05,1425.15,995.6,1449.5,977.9,884.85,7596.6,3463.3,1956.9,2419.75
2023-07-21,19745.0,2538.75,615.1,1407.35,997,1331.6,971.3,886,7581.75,3368.3,1970.2,2416.3
2023-07-24,19672.35,2487.4,617.65,1435.7,992,1336.6,971.5,888.15,7581.6,3394.75,1897.25,2418.2
2023-07-25,19680.6,2485.8,609.6,1415.45,994.7,1334.6,962.5,883.65,7606.45,3399.15,1875.5,2466.65
2023-07-26,19778.3,2526.2,615.15,1427.7,996.45,1348.85,976.8,889.4,7433.15,3388.3,1895.3,2470.75
2023-07-27,19659.9,2502.7,616.55,1415.6,990.25,1353.15,959.9,895.15,7284.1,3396.9,1873.75,2428.4
2023-07-28,19646.05,2527.85,616.05,1401.95,996.2,1340.5,949.95,895.1,7381.6,3355.4,1876.85,2463.2
2023-07-31,19753.8,2549.25,620.2,1417.75,998.3,1355.7,953.9,889.9,7300.3,3421.45,1856.55,2492.2
2023-08-01,19733.55,2513.2,611.85,1394.6,994.55,1365.2,959.9,891.65,7269.7,3452.05,1850,2481.1
2023-08-02,19526.55,2486.35,598.45,1381.25,986.95,1356.85,945.25,878.1,7203.45,3440.65,1823.7,2473.55
2023-08-03,19381.65,2475.9,590.5,1364.5,965,1364.3,935.55,871.7,7108.35,3399.95,1823.25,2532.6
2023-08-04,19517.0,2509.55,573.3,1409.6,970.5,1378.35,952.25,889.65,7148.7,3443.55,1838.5,2541.8
2023-08-07,19597.3,2523.85,567.9,1415.25,975.65,1393,947.4,891.4,7122.15,3484.05,1831.55,2550.5
2023-08-08,19570.85,2508.65,573.1,1403.95,979.9,1390.2,952.9,885.4,7173.6,3470.6,1828,2474.55
2023-08-09,19632.55,2525.2,573.75,1408.45,972.7,1394.4,950,883.7,7125.35,3462.5,1831.5,2507.1
2023-08-10,19543.1,2536.45,573.65,1430.2,964.1,1389.1,939.75,874.8,7143.85,3442.1,1800.85,2552.4
2023-08-11,19428.3,2547.15,574.15,1397.25,952.85,1371.85,937.2,870.55,7060.6,3448.8,1791.45,2539.5
2023-08-14,19434.55,2577.25,560.8,1388.9,959.55,1393.55,939.95,867.05,7018.05,3449.85,1794.1,2456
2023-08-16,19465.0,2575.15,565.35,1380.7,956.5,1418.5,933.05,856.95,6981.5,3458.4,1786.2,2445.1
2023-08-17,19365.25,2538,572.15,1374.3,951.65,1411.55,936.55,856.7,6923.25,3435.75,1765.7,2479.7
2023-08-18,19310.15,2556.8,572.95,1371.7,950.65,1388.8,943.05,856.25,6862.1,3367.1,1750.8,2577.4
2023-08-21,19393.6,2520,571.7,1397.8,955.2,1405.4,952.6,871.95,7048.2,3401.65,1760.35,2639.75
2023-08-22,19396.45,2519.4,568.5,1401.15,952,1403.75,957.05,877.65,7069.95,3382.15,1763.1,2698.05
2023-08-23,19444.0,2522.2,576.9,1401,966.85,1407.95,979.25,868.15,7116.45,3398.25,1780.05,2530.3
2023-08-24,19386.7,2479.8,576.95,1425.15,968.95,1423.6,981.35,869.45,7137.45,3387.75,1780.95,2539.55
2023-08-25,19265.8,2468.35,569.95,1401.15,970.4,1420.1,983.1,873.5,7211.5,3381.3,1778.85,2495.75
2023-08-28,19306.05,2443.75,572.85,1409.45,970.55,1415.65,990.2,870.35,7235.6,3375.55,1790.35,2472.45
2023-08-29,19342.65,2420.35,574.85,1400.15,967.75,1417.65,980.7,855.2,7293.35,3376.15,1783.1,2506.45
2023-08-30,19347.45,2418.05,567.4,1392.45,958.9,1435.15,983.35,857.75,7268.1,3390.95,1774.9,2513.1
2023-08-31,19253.8,2407,561.35,1378.15,958.75,1435.45,973.5,856.4,7163,3356.8,1758.75,2419.25
2023-09-01,19435.3,2412.65,569.55,1416.55,968.7,1443.85,991.15,865.95,7320.6,3379.2,1771.1,2450.05
2023-09-04,19528.8,2410.7,575.55,1421.8,967.35,1465.1,982.25,865.3,7270.25,3418.5,1762.2,2470.6
2023-09-05,19574.9,2423.6,573,1423.75,968.4,1478.9,981.45,865.9,7345.1,3429.35,1771.05,2494.05
2023-09-06,19611.05,2428.7,570.5,1408.65,957.5,1477.45,965.05,880.3,7387.8,3429.9,1770.3,2496.5
2023-09-07,19727.05,2432,579.05,1439.6,965.65,1466.2,978.2,875.3,7363.2,3455.25,1789,2509.5
2023-09-08,19819.95,2448.2,583.45,1448.85,970.55,1469.6,980.3,885.85,7410.65,3441.9,1793.2,2519.3
2023-09-11,19996.35,2474.6,591.7,1450.2,978.25,1476.45,1000.4,890.8,7391.65,3480.65,1807.9,2614.95
2023-09-12,19993.2,2438.85,588.35,1429.15,990.5,1501.1,1000.9,890.4,7431.3,3580.8,1811.2,2535.7
2023-09-13,20070.0,2451.05,596.45,1455.05,989.8,1498.35,1014.45,915.15,7475.9,3567.85,1824.6,2518.9
2023-09-14,20103.1,2453.3,597.3,1458.25,987.7,1506.95,1020.9,914.95,7494.3,3560.05,1821.55,2519.8
2023-09-15,20192.35,2457.85,598.8,1450,992.45,1511.6,1027.15,936.15,7492.2,3598.3,1813.9,2540.05
2023-09-18,20133.3,2436.45,603.95,1456.9,990.2,1491.8,1024.75,920.2,7548.65,3606.15,1798.35,2502.45
2023-09-20,19901.4,2382.15,601.1,1440.45,987.15,1490.25,1027.3,910.7,7539,3606.05,1789.45,2470.3
2023-09-21,19742.35,2364.8,588.15,1411.3,959.3,1501.75,1014.45,917.95,7484.2,3585.3,1755.7,2479.25
2023-09-22,19674.25,2354.95,598.15,1452.9,950.3,1496.15,1018.25,911.4,7471.35,3603.65,1756.45,2464.9
2023-09-25,19674.55,2340.45,594.05,1442.75,956.35,1474.15,1018.95,910.4,7819.85,3577.15,1784.4,2482.1
2023-09-26,19664.7,2342.5,594.4,1423.05,948.7,1460.65,1014.15,912.7,7870.65,3585.7,1764.1,2457.95
2023-09-27,19716.45,2368.9,589.75,1436.45,943.1,1467,1025.2,920.25,7837.55,3589.3,1765.15,2483.3
2023-09-28,19523.55,2334.1,589.95,1413,942.6,1439.45,1030.9,925.65,7739,3536.75,1733.2,2475.25
2023-09-29,19638.3,2345,598.55,1428.85,951.9,1435.45,1036.7,926.4,7810.75,3528.6,1735.7,2413.9
2023-10-03,19528.75,2318.15,602.95,1435.4,940.3,1434,1041.05,925.3,7967.6,3513.85,1727.05,2387.25
2023-10-04,19436.1,2314.15,586.25,1401.3,930.05,1444.35,995.55,924.25,7854.05,3537.75,1722.05,2464.95
2023-10-05,19545.75,2314.1,592.15,1401.85,940.85,1463.45,1003.25,928.85,7850.9,3589.35,1734.25,2466.35
2023-10-06,19653.5,2318,594.25,1434.8,945.2,1478.7,1000.95,926.05,8168.55,3621.4,1743.9,2478.1
2023-10-09,19512.35,2298.25,585.1,1428.55,938.6,1475.45,996.25,924.55,8027.7,3638.35,1719.3,2442.6
2023-10-10,19689.85,2308.4,591.65,1420.55,951.2,1495.15,1012.25,948.35,8083.6,3628.9,1756.1,2498.3
2023-10-11,19811.35,2345.05,588.35,1421.2,953.1,1494.4,1019.1,955.6,8101.95,3609.9,1771.4,2488.6
2023-10-12,19794.0,2349.4,586.05,1424.25,954.25,1465.5,1018.45,950.35,8014.3,3542.55,1763.85,2506.35
2023-10-13,19751.05,2349.3,576.15,1463.7,951.3,1431.15,994.05,954.2,8051.65,3570.85,1762,2454.55
2023-10-16,19731.75,2344.05,575.65,1446.4,951.4,1434.15,1004.8,946.55,8036,3524.05,1749.75,2429.35
2023-10-17,19811.5,2355.25,576.45,1436,953.9,1442.45,1008.05,953.65,8093,3507.05,1771.55,2428.4
2023-10-18,19671.1,2324,572.65,1420.35,943.75,1440.55,992.85,952.85,7866.55,3487.25,1753.4,2406.35
2023-10-19,19624.7,2306.15,571.2,1450.35,935.75,1433.65,991.4,942.95,7841.55,3455.65,1738.45,2402.2
2023-10-20,19542.65,2299.1,563.1,1469.1,932.75,1427.25,980.35,945.2,7769.2,3494.55,1769.6,2393.75
2023-10-23,19281.75,2263.2,552.95,1435,929.95,1408.65,964.3,939.3,7798.9,3410.15,1740.75,2308.65
2023-10-25,19122.15,2257.95,556.2,1412.7,916.1,1370.05,955.45,922.6,7694.45,3390.1,1728.05,2257
2023-10-26,18857.25,2226.5,547,1414.65,908.65,1359.45,972.05,905.5,7421.8,3336.75,1694.85,2203.2
2023-10-27,19047.25,2265.8,561.15,1441.3,912.75,1380.35,1002.75,914.6,7507.2,3350.95,1702.7,2261.7
2023-10-30,19140.9,2312.5,565.2,1454.65,924.9,1377.05,989.2,926.25,7503.05,3378.55,1717.5,2299.1
2023-10-31,19079.6,2287.9,565.55,1441.3,915.35,1368.4,981.85,914.4,7492.65,3368.75,1739.4,2294.65
2023-11-01,18989.15,2297.4,566.4,1432.6,914.05,1354.15,971.8,913.45,7471.9,3330.65,1724.4,2217.3
2023-11-02,19133.25,2320.2,572.1,1461.2,919.95,1370.15,982.95,923.85,7449.1,3360.1,1737.7,2215.3
2023-11-03,19230.6,2319.7,578.15,1450.25,933.8,1389.05,988.85,930.75,7411.5,3350.9,1733.25,2229.85
2023-11-06,19411.75,2339,574.35,1470.25,945.45,1403.3,1009.4,939.2,7562.05,3380.25,1740.2,2246
2023-11-07,19406.7,2323.8,579.75,1486.4,948.1,1404.3,1020.9,937.15,7495.6,3370.45,1751.25,2233.35
2023-11-08,19443.5,2335.9,580.3,1488.95,935.75,1391,1021.7,936.75,7459.95,3381.55,1746.25,2259.95
2023-11-09,19395.3,2310.55,578.35,1507.35,937.35,1374.8,1021.9,932.35,7386.7,3347.45,1744.95,2214.65
2023-11-10,19425.35,2314.9,579.5,1498.8,938.6,1368.85,1029.2,935.5,7444.8,3333.45,1745.45,2205.1
2023-11-13,19443.55,2314.6,581.35,1509.6,934.45,1373.55,1025.35,935,7360.85,3331.55,1748.2,2213.65
2023-11-15,19675.45,2356.45,584.7,1493.95,941.1,1410.5,1041.35,950,7224.3,3404.3,1769.5,2225.4
2023-11-16,19765.2,2360.7,584.65,1498.65,936,1444.9,1026.35,949.55,7362.45,3497.85,1772.85,2205.9
2023-11-17,19731.8,2355.55,563.05,1498.45,921.85,1437.55,994.35,947.3,7221,3502.45,1764.6,2208.8
2023-11-20,19694.0,2349.35,563.75,1504.8,921.45,1436.6,988.7,961.4,7068.6,3519.6,1770.55,2149.85
2023-11-21,19783.4,2378.9,561.5,1502.05,926.1,1439,991.8,970.85,7103.15,3510.2,1767.2,2196.65
2023-11-22,19811.85,2388.2,558.95,1470.4,922.75,1457.8,998.1,969.75,7128.35,3530.15,1745.65,2172.65
2023-11-23,19802.0,2395.5,559.95,1486.1,923,1449.25,999.05,976.65,7073.65,3508.25,1739.3,2175.25
2023-11-24,19794.7,2393.9,560.35,1476.2,929.4,1437.4,1008.5,973.15,7020.8,3457.1,1744,2225.45
2023-11-28,19889.7,2394.4,564.45,1477.55,925.5,1442.7,1021.15,984.9,7127.55,3470.15,1742.25,2423.5
2023-11-29,20096.6,2400.7,568.6,1483.55,939.6,1459.6,1060.15,995.4,7130.1,3513.75,1753.45,2396.6
2023-11-30,20133.15,2377.45,564.75,1466.1,934.95,1455.15,1074.25,1014.7,7121.9,3487.6,1755.45,2358.55
2023-12-01,20267.9,2394.3,571.75,1461.05,946.7,1452.3,1104.65,1014.7,7259.35,3511.65,1750.5,2362.7
2023-12-04,20686.8,2420.2,594.7,1514.65,991.2,1464.35,1125.6,1032.9,7407.65,3512.45,1818.55,2531.2
2023-12-05,20855.1,2437.75,608.25,1506.6,1013.45,1453.95,1132.45,1031.1,7349.8,3531.6,1828.45,2959.35
2023-12-06,20937.7,2461.1,608.45,1501.6,1003.25,1474.3,1120.5,1024.45,7427.1,3604.1,1821.4,2883.95
2023-12-07,20901.15,2457.05,611.7,1504.75,999,1465.9,1117.85,1000,7391.2,3614.9,1826.85,2887.15
2023-12-08,20969.4,2455.75,614.15,1508.95,1010.85,1491.15,1131.2,1000.25,7307.6,3626.7,1838.45,2822.15
2023-12-11,20997.1,2459.35,614.25,1521.85,1017.1,1488.5,1116.5,1000.85,7292.75,3642.9,1844.05,2855.8
2023-12-12,20906.4,2424.05,612.4,1497,1015.7,1476.05,1131,995.25,7314.55,3672.1,1824.35,2857.65
2023-12-13,20926.35,2433.95,619.85,1506.9,1013.9,1449,1114.85,999.9,7258,3593.55,1826.2,2875.05
2023-12-14,21182.7,2464.15,623.65,1551.7,1033.65,1501.45,1120.45,1005.2,7474.2,3667.25,1853.85,2894.05
2023-12-15,21456.65,2495.6,648.25,1570.8,1037.4,1578.4,1120.35,992.55,7515.05,3861,1850.6,2991.8
2023-12-18,21418.65,2521,648.5,1556.35,1021.45,1564.35,1111.35,990.25,7587.6,3859.2,1846.95,2980.6
2023-12-19,21453.1,2558.1,655.4,1566.55,1015.45,1558.3,1120.25,988.45,7632.65,3816.2,1846.55,2941.25
2023-12-20,21150.15,2527.15,636.45,1556.15,1006.65,1536.4,1110.25,971.55,7493.95,3780.05,1826.5,2783.85
2023-12-21,21255.05,2562.55,643.75,1570,1004.4,1536,1095.4,977.9,7367.15,3787.5,1852.7,2799.75
2023-12-22,21349.4,2565.05,636.75,1562.35,994.3,1562.9,1088.3,989.55,7295.3,3824,1860.5,2808.35
2023-12-26,21441.35,2578.05,638.05,1570.8,995.1,1543.95,1094.25,999.85,7162.3,3795.55,1886.85,2865.45
2023-12-27,21654.75,2586.85,648.55,1597.45,1002.25,1567.1,1106.35,1021.2,7232.8,3811.2,1902.35,2843.35
2023-12-28,21778.7,2605.55,651.4,1610.55,1005.9,1562.65,1107.85,1036.7,7258.65,3799.9,1921.35,2809.9
2023-12-29,21731.4,2584.95,642.05,1598.95,996.6,1542.9,1102.3,1032.2,7327.75,3793.4,1908.1,2848.95
2024-01-01,21741.9,2590.25,641.35,1598.85,999.4,1551.35,1097.7,1013.05,7299.05,3811.1,1909.15,2917.2
2024-01-02,21665.8,2611.7,639.45,1575.6,982.25,1534.4,1093.25,1021.7,7430.05,3783.2,1865.05,2932.4
2024-01-03,21517.35,2583.3,643.45,1601.15,984.05,1490,1098.6,1035.2,7384.8,3691.75,1865.9,3003
2024-01-04,21658.6,2596.65,642.75,1648.55,987.15,1512.7,1123.4,1047.9,7705.55,3666.8,1863.6,2998.3
2024-01-05,21710.8,2607.7,641.95,1643.2,993.7,1532.55,1136.95,1046.6,7711.15,3737.9,1847.6,3006.6
2024-01-08,21513.0,2587.35,627,1627.1,982,1522.8,1122,1049.05,7736,3678.3,1826.1,2963.5
2024-01-09,21544.85,2580.5,625.4,1625.1,979.75,1529.3,1116.55,1064.5,7725.45,3689.9,1826.65,3014.6
2024-01-10,21618.7,2650.1,621.75,1640.15,993.05,1519.9,1107,1062.7,7680.55,3713.05,1820.8,3098.2
2024-01-11,21647.2,2719.8,620.2,1657.85,991.15,1494.2,1125.75,1062.85,7669.75,3735.55,1822.85,3080.9
2024-01-12,21894.55,2741.45,633.6,1674,1003.5,1612.75,1120.35,1076.35,7661.05,3882.8,1833.25,3104.1
2024-01-15,22097.45,2788.25,640.1,1688.85,1009.85,1652.1,1119.5,1102.4,7478,3903.8,1851.5,3089.5
2024-01-16,22032.3,2749.25,636.9,1667.05,1009.05,1631.55,1119.1,1095.9,7456.65,3861.3,1848,3056.5
2024-01-17,21571.95,2723.15,626,1643.9,981.75,1640.2,1082.3,1085.25,7358.85,3884.6,1779.65,2971.05
2024-01-18,21462.25,2735.9,628.3,1612.9,986.35,1642.6,1097.5,1087.05,7265.55,3902.6,1777.25,2918.9
2024-01-19,21622.4,2734.9,627.75,1561.1,999.2,1659.2,1116.55,1125,7319.1,3943.05,1764.3,2915.65
2024-01-23,21238.8,2657.15,605.1,1441.7,1029.05,1642.15,1089.25,1158,7070.7,3858.25,1784.5,2896.55
2024-01-24,21453.95,2687.75,618.3,1490.85,999.2,1675.4,1059.15,1189.95,7055.3,3841.8,1788.6,2903.45
2024-01-25,21352.6,2706.15,612.75,1512,1009.95,1669.1,1042.25,1160.55,7085.5,3810.3,1768.4,2893.6
2024-01-29,21737.6,2896.1,622.95,1526.8,1016.4,1656.6,1061.25,1162.15,7191.65,3801,1822.9,3064.65
2024-01-30,21522.1,2815.25,626.75,1519.9,1016.9,1651.45,1054.1,1158.65,6817.2,3800.55,1823.6,3091.1
2024-01-31,21725.7,2853.25,640.5,1534.05,1028.15,1660.9,1067.75,1170.7,6862.9,3815.95,1825.25,3142
2024-02-01,21697.45,2853.3,647.65,1541.15,1025.15,1657.05,1084.25,1151.2,6743.3,3854.15,1822.75,3153.5
2024-02-02,21853.8,2915.4,649.65,1533.75,1024,1693.35,1067.05,1150.8,6848.3,3966.3,1822.95,3157.45
2024-02-05,21771.7,2878.05,642.95,1537.8,1023.5,1687.2,1061.5,1113.55,6608.2,3973.3,1808.35,3173.45
2024-02-06,21929.4,2855.6,650.25,1511.4,1026.4,1729.45,1050.05,1134.05,6598.15,4136,1787,3203.75
2024-02-07,21930.5,2884.3,675.25,1515.35,1022.15,1693.75,1069.1,1134.3,6709.2,4083.4,1792.6,3229.85
2024-02-08,21717.95,2900.25,699.55,1477.3,989.3,1692.1,1035.9,1142.15,6575.65,4134.1,1729.7,3168.6
2024-02-09,21782.5,2921.5,725.25,1486.25,1010.7,1669.35,1051.4,1120.25,6654.5,4133.7,1742.45,3215.2
2024-02-12,21616.05,2904.7,707.9,1447.15,996.1,1680.1,1046.7,1118.7,6569.15,4120.7,1709.55,3169.75
2024-02-13,21743.25,2930.2,713.45,1463.9,1019.8,1684.55,1070.75,1117.85,6603.65,4149.5,1737.15,3178.45
2024-02-14,21840.05,2962.75,743.4,1481.5,1022.7,1666.2,1096.85,1115.85,6646.5,4100.1,1748.95,3207.2
2024-02-15,21910.75,2941.2,761.7,1476.95,1016.65,1676.35,1072.2,1120.7,6619.4,4103.2,1739.25,3193.8
2024-02-16,22040.7,2921.15,754.7,1493.65,1023.25,1701.65,1068.75,1120,6619.2,4128.3,1735.25,3223.6
2024-02-19,22122.25,2948,759.25,1483.6,1043.75,1699.75,1062.95,1142.2,6712.8,4103.8,1731.4,3258.8
2024-02-20,22196.95,2942.05,760.1,1504.2,1048.75,1685.25,1088.6,1143.95,6763.6,4030.65,1762.5,3228.6
2024-02-21,22055.05,2935.4,771.5,1517.25,1051.95,1655.55,1084.2,1139.9,6688.8,3991.5,1746.1,3223.2
2024-02-22,22217.45,2963.5,765.9,1489.15,1062.7,1681.35,1100.9,1135.55,6674.95,4087.1,1724.75,3263.05
2024-02-23,22212.7,2987.25,759.05,1480.3,1061.3,1676.85,1096.8,1125.75,6697.85,4052.1,1724,3273.3
2024-02-26,22122.05,2974.65,758.9,1466.5,1054.2,1660.15,1085.2,1110.05,6643.25,4001.05,1706.3,3327.75
2024-02-27,22198.35,2971.3,749.85,1493.05,1060.2,1663.6,1079.05,1127.5,6556.25,4104.4,1706.75,3302.3
2024-02-28,21951.15,2911.25,742.5,1449.2,1046.2,1671.25,1074.2,1128.75,6498.7,4118.95,1683.6,3219
2024-02-29,21982.8,2921.6,748.1,1474.9,1052.2,1673.9,1075.1,1123.35,6495.35,4095.1,1689.45,3285.4
2024-03-01,22338.75,2984.25,769.15,1526.65,1086.9,1654.7,1099.25,1128.7,6571.45,4094.35,1727.7,3318.75
2024-03-04,22405.6,3014.8,772.05,1531.3,1092.35,1637.2,1106.75,1133.5,6602.45,4080.7,1727.2,3317.15
2024-03-05,22356.3,3000.4,783.95,1542.45,1088.05,1606.5,1100.8,1168.9,6324.25,4012.1,1715.7,3310.2
2024-03-06,22474.05,3006,783.9,1554.55,1097.1,1617.55,1125,1193.7,6311.25,4064.3,1759.75,3233.95
2024-03-07,22493.55,2957.85,788.05,1563.75,1087.95,1616.45,1111.45,1199.7,6421.05,4108.6,1748.05,3226.55
2024-03-11,22332.65,2933.2,773.7,1541.05,1078.7,1600.6,1105.1,1196.6,6433.75,4122.35,1729.65,3207.35
2024-03-12,22335.7,2950.85,759.7,1533.05,1076.85,1612.95,1097,1204.25,6436.05,4192.25,1720.35,3122.5
2024-03-13,21997.7,2864.35,747.25,1502.65,1083.95,1611.4,1080.4,1168.75,6456.15,4149,1729.55,2906.2
2024-03-14,22146.65,2862.95,741.05,1476.75,1083.6,1653.3,1058.25,1194.6,6397.45,4207.6,1742.4,3087.45
2024-03-15,22023.35,2836.45,731.9,1484.35,1080.35,1634,1046.4,1220,6514.35,4219.25,1738.3,3132.2
2024-03-18,22055.7,2878.95,730.95,1480.7,1081.2,1602.65,1061.35,1225.3,6504.65,4152.5,1737.9,3111.75
2024-03-19,21817.45,2850.5,723.8,1434.1,1083.95,1561.45,1050.8,1228.35,6596.25,3977.3,1749.65,3052.7
2024-03-20,21839.1,2887.5,736.25,1441.55,1084.5,1554.95,1034.75,1231.8,6649.5,3970.9,1765.4,3051.45
2024-03-21,22011.95,2901.95,744.3,1484.1,1081.8,1554.7,1035.6,1220.8,6715.75,3972.95,1772.15,3066.5
2024-03-22,22096.75,2910.05,746.7,1512.1,1090.3,1508.85,1033.3,1236.1,6760.9,3910.9,1776.4,3107.7
2024-03-26,22004.7,2883.15,740.05,1518.7,1083.7,1492.65,1040.55,1213.1,6910.1,3877.5,1753.7,3109.95
2024-03-27,22123.65,2985.7,733.3,1533.55,1083.75,1483.85,1052.85,1224.8,7022.75,3840.9,1775.6,3122.1
2024-03-28,22326.9,2971.7,752.35,1553,1093.3,1498.05,1047.2,1228.6,7245.25,3876.3,1785.5,3197.1
2024-04-01,22462.0,2969.55,758.3,1542.4,1099.65,1495.45,1053.1,1217.35,7250.95,3916.75,1790.7,3252.1
2024-04-02,22453.3,2973.9,766.4,1559.4,1081.2,1482.85,1047.2,1208.25,7207.4,3883.8,1757.4,3268.75
2024-04-03,22434.65,2943.2,771.05,1542.65,1077.2,1480.65,1063.25,1225.7,7309.25,3947.3,1731.15,3233.45
2024-04-04,22514.65,2925.85,759.3,1544.45,1078.85,1486.7,1062.95,1206.85,7283.4,4003.3,1749.15,3210.8
2024-04-05,22513.7,2920.2,764.75,1552.4,1083.4,1479.1,1059.1,1191,7175.65,3979.25,1785.15,3224.8
2024-04-08,22666.3,2971.95,768.3,1568.35,1087.15,1476.7,1076.05,1204.7,7178.55,3972.55,1788.4,3224.55
2024-04-09,22642.75,2927.3,764.2,1554.95,1107.05,1494.85,1080,1204.45,7193.6,3946.55,1780.6,3198.45
2024-04-10,22753.8,2959.15,779.05,1552.85,1109.4,1506.8,1087.8,1229.4,7230.25,3984.65,1825.95,3242
2024-04-12,22519.4,2934.3,766.3,1555.65,1104.4,1484.75,1073.45,1225.55,7229.55,4001.4,1813.05,3209.9
2024-04-15,22272.5,2929.65,757.5,1539.9,1078.35,1468.15,1057.95,1224.55,7076.25,3941.2,1798.15,3147.45
2024-04-16,22147.9,2931.5,751.7,1490.95,1067.05,1414.45,1051.9,1216.45,6954.25,3872.8,1792.6,3106.4
2024-04-18,21995.85,2928.65,744.8,1474.4,1055.45,1419.25,1024,1265.75,6893.2,3862,1786.75,3019.3
2024-04-19,22147.0,2940.25,750.45,1482.05,1067.25,1411.25,1029.1,1289,7119.5,3826.2,1792.65,3026.95
2024-04-22,22336.4,2959.7,766.1,1477.5,1086.65,1432.75,1053.95,1297.55,7292.2,3864.6,1809.95,3063.35
2024-04-23,22368.0,2918.65,773,1474.5,1090.25,1442.4,1055.75,1342.35,7259.9,3874.7,1813.05,3065.1
2024-04-24,22402.4,2900.35,773.1,1474.65,1096.75,1430.75,1063.25,1336.4,7329.15,3831.05,1842.8,3043.55
2024-04-25,22570.35,2919.95,812.7,1496.1,1113.75,1438.45,1127,1338.7,7294.9,3852.2,1642.45,3115.25
2024-04-26,22419.95,2905.1,801.3,1446.4,1107.9,1430.25,1130.3,1326,6731.2,3821.35,1608.5,3080.4
2024-04-29,22643.4,2930.05,826.5,1487.25,1160.15,1434.75,1159.25,1332.45,6826.6,3870.2,1640.4,3081.2
2024-04-30,22604.85,2934,826.25,1515.7,1150.4,1420.55,1165.9,1322.3,6923.55,3820.65,1623.95,3054.7
2024-05-02,22648.2,2933.1,830.05,1505.2,1139.45,1414.45,1149.85,1304.05,6882.7,3863.3,1575.65,3039.6
2024-05-03,22475.85,2868,831.45,1483.7,1142.05,1416.3,1141.5,1277.4,6931.5,3843.4,1546.7,2993.25
2024-05-06,22442.7,2839.05,807.8,1497.5,1146.3,1425.9,1143.65,1283.4,6859.85,3921.05,1624.3,2874.65
2024-05-07,22302.5,2802.95,801.9,1452.55,1131.9,1440.95,1127.7,1286.15,6872.55,3978.95,1643.9,2835.95
2024-05-08,22302.5,2837.1,810.8,1442.5,1123,1427.3,1128.65,1288.6,6799.45,3976.95,1648.35,2860.55
2024-05-09,21957.5,2788.25,819.8,1401.45,1115.7,1439.55,1115.65,1275.45,6605.15,3960.2,1643.1,2766.65
2024-05-10,22055.2,2814.85,817.35,1410.15,1117.05,1424.9,1120.1,1301.15,6684.15,3893.9,1627.95,2797.25
2024-05-13,22104.05,2805.4,808.8,1404.55,1128,1423.45,1132,1285.95,6718.75,3947.8,1641.2,2879.6
2024-05-14,22217.85,2840.15,818.2,1421,1120.55,1424.7,1122.85,1284.3,6675.7,3901.2,1646.3,3037.55
2024-05-15,22200.55,2832.55,820.3,1417.1,1124.35,1419.95,1128.05,1309.9,6680,3880.4,1650.8,3049.75
2024-05-16,22403.85,2850.7,811.95,1408.75,1131.05,1453.35,1139.3,1345.1,6747.15,3900.95,1672.05,3041.65
2024-05-17,22466.1,2871.4,817.85,1412.35,1130.5,1444.3,1141.35,1344.45,6727.4,3834.1,1696.55,3060.5
2024-05-21,22529.05,2872.25,830.65,1406.5,1120.95,1434.15,1137.65,1344.3,6742.85,3820.2,1698.25,3117.5
2024-05-22,22597.8,2921.3,818.75,1404.95,1111.1,1454.8,1126,1347.9,6744.55,3832,1699.55,3140.95
2024-05-23,22967.65,2972.1,832.1,1440.85,1134.5,1472.4,1165.25,1374.05,6826.65,3893.45,1709.05,3387.3
2024-05-24,22957.1,2960.5,828.6,1441.8,1131.95,1465.1,1174,1388.5,6836.9,3849.5,1703.45,3384.95
2024-05-27,22932.45,2932.5,833.7,1465.1,1129.8,1471.35,1187,1384.35,6895.5,3847.05,1711,3289.05
2024-05-28,22888.15,2912.4,831.15,1459.35,1126.95,1467.05,1183.4,1371.05,6873.05,3839.9,1703.65,3244.05
2024-05-29,22704.7,2881.55,822.65,1460.25,1102,1450.95,1159.75,1377.1,6806.7,3803.65,1687.85,3258.8
2024-05-30,22488.65,2849.7,825.85,1446.8,1113.7,1427.45,1167.95,1377.15,6616.45,3736.1,1690.1,3194.25
2024-05-31,22530.7,2860.8,830.35,1461.85,1121.05,1406.9,1162.15,1372.75,6697.7,3670.95,1680.4,3411.35
2024-06-03,23263.9,3020.65,905.65,1529.7,1160,1405.9,1223.9,1391.1,6915.55,3702.85,1718.05,3645.25
2024-06-04,21884.5,2794.55,775.2,1391.5,1071.45,1393.65,1131.25,1299.7,6509.55,3715,1637.95,2941.25
2024-06-05,22620.35,2841.5,789.75,1500.95,1108.65,1430.1,1184.5,1344.35,6836.65,3746.45,1718.1,3115.35
2024-06-06,22821.4,2863.2,816.95,1481.1,1110.4,1472.25,1170.95,1370.6,6925.8,3830.4,1734.7,3185.65
2024-06-07,23290.15,2939.9,829.95,1492.1,1121.7,1533.6,1186.8,1425.25,7191.4,3893.95,1753.7,3219.55
2024-06-10,23259.2,2942.8,831.8,1485.85,1123.8,1499.75,1200,1426.05,7088.85,3858.7,1745.65,3220.1
2024-06-11,23264.85,2913.35,835.55,1481.05,1118.2,1495.75,1194.6,1427.25,7138.1,3852.1,1720,3221.25
2024-06-12,23322.95,2926.65,839.1,1484.25,1119.55,1485.2,1187.9,1438.4,7217.75,3831.65,1715.75,3219.05
2024-06-13,23398.9,2930.5,843.9,1507.25,1107.35,1493.95,1174.65,1425.75,7294.95,3878.15,1726.35,3224.8
2024-06-14,23465.6,2955.1,839.2,1502.35,1105.65,1488.9,1181.05,1427.4,7341.55,3832.05,1717.2,3261.75
2024-06-18,23557.9,2962.05,844.9,1507.9,1122.85,1498.2,1191.9,1428.35,7334.7,3815.1,1719.4,3309.05
2024-06-19,23516.0,2917.3,852.6,1528.2,1144.45,1511.35,1226.65,1392.35,7233.95,3801.7,1746.7,3261.9
2024-06-20,23567.0,2947.4,843.75,1527.85,1156.8,1515.4,1239.5,1381.15,7207.1,3787.25,1766.25,3259.45
2024-06-21,23501.1,2908.4,836.3,1527.15,1158.65,1532.7,1237.45,1416.05,7134.25,3810.75,1775.65,3189.3
2024-06-24,23537.85,2882.95,832.7,1490.4,1170.1,1527.15,1228.1,1419.8,7081.85,3816.8,1772.55,3194.6
2024-06-25,23721.3,2908.3,842.25,1495.55,1197.95,1541.95,1271.45,1414.95,7074.45,3838.45,1781.9,3171.1
2024-06-26,23868.8,3028.05,845.35,1497.9,1218,1540.7,1285.4,1459.5,7158.2,3855.85,1798.15,3170.5
2024-06-27,24044.5,3061.1,844,1502.75,1219.9,1573.35,1288.95,1475.8,7166.75,3934.15,1830.55,3175.15
2024-06-28,24010.6,3130.8,848.95,1464.5,1199.6,1566.75,1265.25,1444.05,7115.55,3904.15,1802.5,3177.15
2024-07-01,24141.95,3120.3,841.95,1456.9,1211.85,1590.8,1261.9,1454,7276.75,3978.2,1808.1,3183.8
2024-07-02,24123.85,3130.35,826.15,1429.45,1190.6,1621.05,1253.4,1418.95,7165.6,4017.4,1769.6,3153.2
2024-07-03,24286.5,3104.85,839.95,1455.5,1201.6,1627.4,1280,1419.85,7258.8,3965.25,1810.7,3190.95
2024-07-04,24302.15,3108.05,839.3,1442.85,1233,1650.65,1280.9,1423.05,7107.05,4020.95,1833.85,3144.25
2024-07-05,24323.85,3177.25,859.75,1434.25,1233.4,1647.45,1287.05,1429.7,7138,4011.8,1852.7,3147.9
2024-07-08,24320.55,3201.80,856.25,1438.05,1235.05,1661.65,1287.85,1435.15,7098.25,3993.20,1853.20,3113.60
2024-07-09,24433.2,3180.55,861.30,1434.25,1248.25,1657.15,1289.40,1435.55,7068.05,3985.50,1847.85,3110.75
2024-07-10,24324.45,3168.45,849.00,1425.95,1243.20,1648.25,1291.65,1445.05,7054.95,3909.15,1829.85,3096.00
2024-07-11,24315.95,3161.30,856.70,1429.75,1238.45,1652.70,1296.75,1437.95,6950.30,3923.70,1844.50,3078.30
2024-07-12,24502.15,3193.45,859.70,1434.55,1232.90,1711.75,1317.30,1433.25,7004.30,4183.95,1832.85,3065.45
2024-07-15,24586.7,3194.45,881.35,1444.05,1229.95,1707.05,1307.45,1437.60,7063.75,4169.20,1843.55,3090.40
2024-07-16,24613.0,3152.50,880.70,1445.90,1239.90,1726.05,1304.00,1466.50,7059.10,4178.45,1805.30,3109.30
2024-07-18,24800.85,3173.35,893.55,1456.90,1250.30,1758.05,1309.40,1483.65,7110.00,4315.55,1826.75,3092.20
2024-07-19,24530.9,3110.30,889.35,1432.45,1248.65,1792.95,1292.35,1461.75,6932.30,4302.40,1821.60,3005.70
2024-07-22,24509.25,3001.35,876.80,1423.40,1241.15,1810.85,1282.50,1465.40,6884.25,4287.35,1757.55,3000.85
2024-07-23,24479.05,2975.80,863.90,1413.20,1226.75,1836.90,1263.25,1465.70,6727.10,4302.35,1768.90,2995.35
2024-07-24,24413.5,2991.40,852.00,1396.65,1223.00,1833.95,1239.25,1455.20,6607.15,4306.25,1746.20,2970.70
2024-07-25,24406.1,2984.80,848.50,1379.10,1197.90,1824.85,1175.90,1449.15,6647.75,4322.50,1775.15,2973.50
2024-07-26,24834.85,3018.05,862.45,1403.90,1207.20,1878.90,1177.35,1514.40,6789.75,4387.85,1813.85,3080.50
2024-07-29,24836.1,3040.20,871.60,1411.50,1212.70,1871.10,1170.05,1481.35,6812.45,4381.10,1793.90,3089.35
2024-07-30,24857.3,3026.30,872.80,1429.70,1209.45,1877.15,1170.00,1470.35,6823.60,4365.35,1786.10,3128.75
2024-07-31,24951.15,3010.85,872.40,1427.80,1214.90,1868.25,1166.10,1491.55,6806.95,4385.35,1807.90,3169.40
2024-08-01,25010.9,3030.60,862.65,1419.85,1210.10,1852.60,1172.30,1505.50,6771.65,4397.10,1792.65,3217.25
2024-08-02,24717.7,2998.65,847.85,1404.30,1196.55,1821.20,1160.85,1493.80,6725.00,4283.05,1803.45,3160.90
2024-08-05,24055.6,2894.65,811.65,1389.45,1172.60,1751.90,1133.50,1465.70,6596.70,4155.05,1773.65,3038.20
2024-08-06,23992.55,2912.10,797.70,1381.00,1166.85,1751.10,1126.10,1443.55,6538.35,4171.20,1770.55,3072.70
2024-08-07,24297.5,2929.65,808.65,1345.15,1172.45,1791.65,1136.80,1441.75,6637.15,4200.45,1776.55,3185.95
2024-08-08,24117.0,2898.25,808.05,1347.30,1164.60,1743.15,1138.15,1451.80,6582.20,4172.55,1772.75,3167.55
2024-08-09,24367.5,2948.60,824.30,1349.80,1171.60,1770.75,1142.75,1464.10,6618.20,4228.75,1769.65,3187.55
2024-08-12,24347.0,2921.25,812.60,1350.85,1172.80,1797.40,1164.30,1458.60,6608.15,4195.65,1772.55,3151.75
2024-08-13,24139.0,2927.25,797.55,1350.60,1168.35,1797.45,1159.60,1459.70,6465.05,4196.95,1752.05,3092.20
2024-08-14,24143.75,2923.70,803.00,1338.10,1161.65,1823.25,1153.10,1471.70,6458.50,4295.25,1747.90,3040.10
2024-08-16,24541.15,2956.40,812.10,1364.15,1187.25,1858.95,1166.85,1483.55,6590.90,4416.05,1777.30,3108.80
2024-08-19,24572.65,2976.80,813.70,1347.60,1175.90,1864.80,1153.25,1469.65,6616.35,4490.00,1781.35,3102.55
2024-08-20,24698.85,2991.90,820.30,1381.30,1179.45,1872.20,1168.00,1449.15,6722.20,4523.30,1805.65,3070.65
2024-08-21,24770.2,2997.35,815.55,1384.00,1174.85,1872.70,1174.40,1463.45,6735.35,4551.50,1812.95,3115.70
2024-08-22,24811.5,2996.25,820.30,1381.90,1191.10,1880.25,1169.95,1486.35,6743.60,4502.00,1821.50,3099.05
2024-08-23,24823.15,2999.95,815.35,1388.55,1203.50,1862.10,1165.95,1506.75,6735.85,4463.90,1818.00,3076.35
2024-08-26,25010.6,3025.20,815.05,1384.50,1213.30,1876.15,1170.30,1513.55,6778.35,4502.45,1812.50,3069.00
2024-08-27,25017.75,3000.90,815.90,1383.20,1226.35,1900.10,1181.25,1522.75,6863.60,4497.15,1803.35,3067.10
2024-08-28,25052.35,2996.60,809.40,1415.75,1223.85,1939.10,1170.95,1556.35,6900.00,4506.05,1791.30,3028.00
2024-08-29,25151.95,3041.85,814.50,1417.45,1221.90,1933.35,1175.40,1565.90,7063.55,4511.80,1777.25,3020.15
2024-08-30,25235.9,3019.25,815.60,1425.25,1229.20,1943.70,1175.25,1589.05,7200.15,4553.75,1780.80,3019.35
2024-09-02,25278.7,3032.50,822.15,1449.05,1229.95,1964.50,1188.80,1571.35,7440.05,4521.05,1780.25,3042.15
2024-09-03,25279.85,3018.25,824.80,1436.70,1247.70,1941.25,1191.60,1560.60,7353.80,4512.35,1783.80,3036.10
2024-09-04,25198.7,3029.10,816.50,1434.40,1236.35,1922.45,1177.70,1561.90,7299.50,4479.25,1783.80,3012.35
2024-09-05,25145.1,2985.95,818.75,1422.90,1235.95,1933.15,1180.55,1547.20,7244.90,4475.95,1777.95,3015.35
2024-09-06,24852.15,2929.65,782.50,1409.35,1208.15,1901.85,1158.75,1539.25,7317.15,4456.75,1764.15,2975.45
2024-09-09,24936.4,2924.90,784.25,1428.10,1235.00,1894.65,1170.85,1542.65,7347.45,4449.55,1790.15,2964.15
2024-09-10,25041.1,2923.05,782.65,1435.55,1237.30,1912.30,1187.20,1577.85,7241.85,4507.85,1791.60,2986.40
2024-09-11,24918.45,2903.00,768.60,1421.20,1236.35,1910.15,1186.10,1577.80,7345.55,4479.35,1789.25,2937.85
2024-09-12,25388.9,2959.60,787.75,1443.35,1252.15,1950.45,1203.35,1646.75,7428.30,4517.70,1827.45,2991.00
2024-09-13,25356.5,2945.25,790.85,1464.05,1250.35,1944.10,1217.45,1634.45,7598.50,4522.60,1820.35,2968.35
2024-09-16,25383.75,2942.70,785.55,1470.20,1262.85,1950.25,1231.05,1635.45,7345.75,4513.25,1831.30,2984.90
2024-09-17,25418.55,2944.60,782.90,1466.35,1268.10,1952.55,1232.10,1661.75,7365.50,4505.65,1846.65,2975.20
2024-09-18,25377.55,2926.90,792.75,1480.25,1288.35,1892.15,1240.45,1654.90,7631.10,4346.15,1839.70,2956.30
2024-09-19,25415.8,2939.35,789.95,1484.75,1292.00,1894.20,1242.70,1664.85,7590.35,4296.15,1871.95,2943.15
2024-09-20,25790.95,2971.85,781.70,1480.20,1338.45,1905.75,1245.00,1711.75,7582.45,4284.90,1904.50,3008.50
2024-09-23,25939.05,2986.75,801.85,1465.10,1321.90,1896.45,1246.80,1750.45,7595.10,4268.50,1934.70,3043.95
2024-09-24,25940.4,2978.75,798.25,1448.30,1318.60,1898.60,1239.55,1756.65,7554.20,4271.30,1914.70,3093.90
2024-09-25,26004.15,2987.90,793.10,1439.50,1323.85,1895.30,1268.10,1760.40,7623.90,4274.75,1897.95,3105.10
2024-09-26,26216.05,2995.90,801.85,1452.70,1329.05,1900.25,1277.10,1771.10,7768.40,4292.50,1902.30,3122.65
2024-09-27,26178.95,3052.35,802.65,1462.70,1306.60,1906.75,1273.15,1734.60,7756.00,4308.70,1872.45,3130.30
2024-09-30,25810.85,2953.15,787.90,1447.60,1273.00,1875.60,1232.20,1709.55,7703.00,4268.50,1853.95,3135.85
2024-10-01,25796.9,2929.65,796.95,1409.70,1274.40,1904.35,1226.65,1698.70,7703.00,4287.90,1879.40,3186.10
2024-10-03,25250.1,2813.95,794.10,1387.75,1256.35,1893.40,1175.70,1673.45,7433.85,4232.75,1822.80,3116.00
2024-10-04,25014.6,2773.05,796.65,1382.85,1239.75,1918.15,1178.40,1640.90,7211.35,4252.25,1809.00,3110.65
2024-10-07,24795.75,2741.45,770.65,1350.85,1233.90,1934.30,1145.70,1662.05,7269.40,4272.85,1790.25,3018.00
2024-10-08,25013.15,2794.70,781.45,1359.55,1236.60,1948.55,1153.30,1657.45,7186.95,4253.25,1803.40,3160.70
2024-10-09,24981.95,2749.20,797.40,1341.55,1244.15,1952.75,1170.15,1678.10,7300.45,4252.95,1800.80,3153.75
2024-10-10,24998.45,2742.10,797.10,1356.40,1243.50,1919.00,1184.25,1678.10,7319.70,4227.40,1876.10,3174.20
2024-10-11,24964.25,2744.20,799.75,1347.60,1223.00,1935.10,1172.45,1687.40,7302.00,4149.20,1882.40,3137.20
2024-10-14,25127.95,2745.05,805.15,1370.45,1231.75,1958.90,1164.35,1695.60,7208.80,4136.65,1910.80,3101.10
2024-10-15,25057.35,2688.05,804.65,1360.90,1255.50,1959.30,1153.85,1717.25,7016.90,4116.80,1895.20,3104.70
2024-10-16,24971.3,2708.15,805.45,1346.30,1243.15,1920.10,1153.20,1733.95,6956.35,4094.95,1876.35,3085.90
2024-10-17,24749.85,2712.85,811.05,1347.35,1231.25,1968.10,1131.85,1701.15,6899.50,4109.00,1864.05,3013.75
2024-10-18,24854.05,2718.60,820.40,1347.25,1264.50,1879.60,1196.85,1707.85,6899.55,4123.05,1871.05,3002.00
2024-10-21,24781.1,2738.40,813.95,1308.25,1259.05,1852.75,1190.30,1692.55,6780.90,4079.85,1789.20,2937.65
2024-10-22,24472.1,2686.70,790.40,1274.35,1267.50,1851.60,1175.75,1692.25,6677.90,4015.50,1763.15,2823.80
2024-10-23,24435.5,2677.05,786.00,1274.30,1251.60,1873.40,1160.40,1685.80,6995.80,4066.25,1767.80,2835.55
2024-10-24,24399.4,2679.60,794.55,1280.05,1252.75,1863.35,1167.35,1678.45,7040.90,4047.90,1762.20,2830.20
2024-10-25,24180.8,2655.70,780.95,1041.60,1255.45,1862.05,1189.35,1666.00,6910.15,4057.55,1768.85,2693.45
2024-10-28,24339.15,1334.35,792.05,1054.80,1292.85,1865.35,1171.60,1663.35,6911.35,4090.85,1749.85,2798.65
2024-10-29,24466.85,1340.00,832.70,1038.15,1331.85,1839.30,1186.85,1637.10,7022.50,4075.25,1760.20,2848.60
2024-10-30,24340.85,1343.90,822.45,1056.40,1312.15,1802.10,1170.40,1633.35,6955.00,4084.65,1734.60,2969.30
2024-10-31,24205.35,1332.05,820.20,1055.60,1292.25,1757.25,1159.55,1612.60,6889.75,3968.45,1731.10,2947.25
2024-11-01,24304.35,1338.65,821.20,1062.50,1291.80,1760.85,1169.55,1616.45,6923.60,3984.20,1744.40,2949.50
2024-11-04,23995.35,1302.15,829.85,1063.80,1277.20,1763.65,1139.25,1591.25,6843.70,3964.15,1729.35,2897.40
2024-11-05,24213.3,1305.30,849.20,1090.10,1296.70,1754.20,1171.70,1578.40,6930.35,3971.35,1757.15,2915.55
2024-11-06,24484.05,1325.35,854.80,1077.65,1302.35,1823.70,1166.50,1598.80,7006.20,4139.65,1762.60,3046.25
2024-11-07,24199.35,1305.65,859.60,1056.80,1278.70,1803.05,1159.90,1575.80,6904.50,4150.90,1746.90,2970.10
2024-11-08,24148.2,1283.75,843.15,1053.80,1258.85,1829.95,1160.95,1569.90,6895.95,4147.00,1745.80,2929.10
2024-11-11,24141.3,1272.70,847.65,1060.80,1269.30,1860.10,1171.00,1560.55,6778.80,4198.70,1744.00,2903.65
2024-11-12,23883.45,1274.25,826.70,1059.55,1270.60,1868.80,1158.15,1555.65,6638.20,4197.40,1721.40,2870.00
2024-11-13,23559.05,1252.05,808.65,1036.70,1253.70,1868.40,1139.15,1550.45,6566.00,4150.35,1687.85,2816.70
2024-11-14,23532.7,1267.60,804.25,1017.15,1256.95,1864.55,1140.70,1550.50,6549.15,4145.90,1707.90,2826.80
2024-11-18,23453.8,1260.75,814.30,1004.60,1253.45,1811.45,1126.20,1537.00,6567.95,4019.50,1722.75,2818.70
2024-11-19,23518.5,1241.65,803.00,1000.20,1249.10,1824.75,1133.95,1525.50,6595.30,4039.55,1727.75,2821.50
2024-11-21,23349.9,1223.00,780.75,981.45,1250.55,1834.05,1139.15,1525.15,6465.65,4072.85,1737.10,2183.65
2024-11-22,23907.25,1265.40,816.05,998.20,1278.05,1902.25,1142.40,1569.30,6683.95,4244.60,1761.45,2228.00
2024-11-25,24221.9,1287.00,844.45,1003.50,1300.95,1889.70,1155.90,1578.75,6685.40,4315.10,1790.75,2257.50
2024-11-26,24194.5,1295.70,839.40,1009.60,1304.95,1924.15,1144.80,1577.25,6617.95,4352.70,1783.60,2150.50
2024-11-27,24274.9,1293.20,834.10,1001.95,1300.70,1924.50,1149.65,1577.65,6705.20,4332.55,1783.20,2397.80
2024-11-28,23914.15,1270.80,838.85,993.60,1286.35,1856.65,1132.50,1560.40,6509.40,4244.90,1759.20,2437.10
2024-11-29,24131.1,1292.20,838.95,995.85,1300.10,1857.85,1136.30,1627.15,6575.90,4270.85,1765.25,2463.15
2024-12-02,24276.05,1309.15,836.40,990.95,1304.65,1879.80,1137.10,1643.60,6650.65,4276.65,1753.95,2457.05
2024-12-03,24457.15,1323.30,853.95,998.35,1308.40,1892.10,1160.50,1620.55,6675.45,4302.75,1749.90,2514.20
2024-12-04,24467.45,1308.95,859.70,998.85,1316.05,1889.25,1159.45,1584.10,6740.00,4354.40,1757.50,2494.75
2024-12-05,24708.4,1322.05,865.45,998.20,1336.50,1934.85,1166.40,1615.35,6850.40,4464.05,1775.15,2522.55
2024-12-06,24677.8,1311.55,863.65,990.35,1328.75,1922.40,1184.55,1597.85,6850.30,4445.50,1776.95,2506.40
2024-12-09,24619.0,1295.15,858.05,982.60,1322.30,1923.65,1163.25,1602.55,6868.35,4452.15,1786.25,2495.85
2024-12-10,24610.05,1284.85,867.50,984.30,1330.45,1948.55,1153.65,1578.65,6936.20,4432.55,1794.70,2467.20
2024-12-11,24641.8,1278.20,861.60,984.85,1327.50,1974.15,1147.25,1586.00,7115.10,4427.45,1794.70,2457.25
2024-12-12,24548.7,1262.90,853.70,997.95,1329.25,1987.00,1145.65,1610.55,7125.80,4454.95,1768.70,2504.10
2024-12-13,24768.3,1272.85,861.55,986.65,1344.90,1999.70,1148.15,1681.75,7182.80,4473.90,1805.65,2527.55
2024-12-16,24668.25,1268.30,860.95,999.35,1346.10,1980.05,1150.90,1662.55,7208.40,4415.20,1804.45,2512.40
2024-12-17,24336.0,1245.30,850.55,975.65,1333.75,1976.60,1136.25,1615.30,7152.80,4328.50,1784.05,2487.60
2024-12-18,24198.85,1253.25,838.15,965.20,1314.15,1979.15,1122.25,1601.90,7074.45,4347.85,1780.00,2457.40
2024-12-19,23951.7,1230.45,832.80,964.40,1286.90,1946.20,1108.90,1600.30,6918.55,4271.90,1762.10,2419.35
2024-12-20,23587.5,1205.30,812.00,929.45,1288.40,1922.15,1071.85,1578.10,6848.25,4170.30,1743.55,2344.95
2024-12-23,23753.45,1222.30,821.15,945.70,1296.80,1924.30,1079.15,1586.90,6866.70,4158.30,1745.35,2338.95
2024-12-24,23727.65,1222.75,812.05,935.30,1297.25,1909.05,1078.90,1583.90,6808.20,4179.50,1749.05,2372.45
2024-12-26,23750.2,1216.55,812.45,931.95,1297.35,1907.40,1076.70,1599.50,6815.75,4169.10,1752.80,2400.25
2024-12-27,23813.4,1221.05,799.65,953.40,1307.55,1916.75,1077.45,1599.85,6907.75,4164.85,1759.90,2409.95
2024-12-30,23644.9,1210.70,788.30,963.50,1294.65,1906.00,1069.95,1586.90,6888.25,4158.80,1740.70,2592.35
2024-12-31,23644.8,1215.45,794.95,960.15,1281.65,1880.00,1064.70,1587.75,6823.00,4094.80,1786.05,2528.65
2025-01-01,23742.9,1221.25,793.20,969.40,1283.65,1882.50,1071.80,1595.70,6935.30,4112.45,1788.40,2554.85
2025-01-02,24188.65,1241.80,801.20,991.35,1290.60,1957.85,1086.60,1609.70,7389.20,4175.75,1837.15,2597.70
2025-01-03,24004.75,1251.15,793.40,997.90,1265.05,1938.75,1084.90,1598.85,7407.25,4099.90,1838.65,2564.60
2025-01-06,23616.05,1218.00,776.40,970.05,1264.10,1937.85,1063.40,1588.45,7349.35,4095.00,1779.65,2474.45
2025-01-07,23707.9,1240.85,778.75,983.60,1279.25,1930.85,1067.50,1590.85,7353.95,4028.30,1772.05,2520.55
2025-01-08,23688.95,1265.50,771.15,981.05,1263.75,1933.15,1074.95,1599.20,7355.40,4108.40,1768.65,2515.25
2025-01-09,23526.5,1254.75,760.45,980.90,1262.40,1917.30,1061.75,1607.05,7277.45,4038.85,1790.20,2477.90
2025-01-10,23431.5,1241.90,743.25,937.60,1249.85,1966.95,1040.70,1615.90,7288.05,4265.65,1756.20,2374.40
2025-01-13,23085.95,1239.85,729.50,941.70,1229.75,1962.20,1049.30,1597.20,7150.95,4291.10,1738.40,2225.15
2025-01-14,23176.05,1238.75,748.15,962.10,1240.30,1940.05,1051.65,1600.10,7335.00,4233.05,1750.60,2380.55
2025-01-15,23213.2,1252.20,753.70,962.45,1238.25,1949.65,1026.80,1607.45,7177.40,4249.60,1789.60,2388.15
2025-01-16,23311.8,1266.45,766.30,975.35,1249.10,1928.45,1038.00,1630.20,7259.75,4206.30,1805.55,2427.85
2025-01-17,23203.2,1302.35,764.10,970.95,1225.45,1815.45,991.05,1627.50,7182.10,4124.30,1758.60,2399.80
2025-01-20,23344.75,1305.45,779.25,970.70,1232.95,1813.30,988.05,1641.15,7440.10,4077.80,1920.50,2442.80
2025-01-21,23024.65,1273.70,759.05,960.45,1196.15,1800.70,970.20,1626.15,7291.65,4035.85,1893.30,2384.30
2025-01-22,23155.35,1277.10,753.45,970.95,1200.45,1856.45,959.30,1631.75,7397.15,4156.60,1917.50,2376.55
2025-01-23,23205.35,1263.65,745.90,970.95,1201.75,1865.45,951.05,1636.00,7443.25,4145.45,1894.85,2385.00
2025-01-24,23092.2,1246.30,744.15,950.80,1209.20,1875.45,948.50,1644.80,7438.60,4152.35,1886.20,2315.10
2025-01-27,22829.15,1229.35,749.20,926.45,1227.95,1822.00,948.10,1602.60,7295.45,4065.15,1881.40,2259.70
2025-01-28,22957.25,1234.40,752.40,934.15,1246.90,1829.75,983.80,1618.35,7606.60,4040.30,1887.75,2286.05
2025-01-29,23163.1,1235.50,758.45,948.30,1251.65,1881.25,983.40,1600.45,7759.65,4099.80,1920.35,2318.60
2025-01-30,23249.5,1253.05,762.60,957.05,1255.60,1859.95,984.70,1640.75,7901.65,4100.05,1901.50,2252.60
2025-01-31,23508.4,1265.10,772.90,991.20,1252.80,1879.80,986.10,1626.30,7885.10,4112.40,1901.30,2287.80
2025-02-03,23361.05,1245.90,760.95,1012.70,1253.00,1863.30,989.40,1652.35,8425.80,4068.65,1884.50,2261.85
2025-02-04,23739.25,1285.20,779.20,1047.15,1268.20,1898.80,1015.30,1661.45,8475.35,4107.05,1928.50,2301.50
2025-02-05,23696.3,1278.20,766.05,1061.20,1267.70,1897.05,1013.30,1660.45,8509.45,4091.10,1911.75,2324.60
2025-02-06,23603.35,1281.55,752.25,1065.55,1272.40,1915.65,1020.70,1619.75,8507.30,4082.75,1915.95,2312.45
2025-02-07,23559.95,1266.70,737.20,1079.10,1256.90,1903.65,1024.10,1676.75,8474.25,4029.40,1929.25,2338.80
2025-02-10,23381.6,1253.65,736.80,1068.00,1262.60,1880.30,1011.75,1693.05,8286.80,4036.95,1960.15,2290.80
2025-02-11,23071.8,1234.85,731.10,1054.15,1252.75,1875.65,1007.40,1696.75,8191.20,3963.55,1918.60,2321.75
2025-02-12,23045.25,1216.55,733.15,1039.65,1251.80,1863.15,1006.90,1711.55,8214.05,3950.15,1943.95,2353.45
2025-02-13,23031.4,1216.10,727.65,1047.25,1248.90,1843.25,1008.20,1714.60,8409.00,3910.15,1972.80,2244.70
2025-02-14,22929.25,1217.25,722.15,1024.40,1260.10,1856.40,997.50,1717.05,8392.30,3934.85,1952.40,2152.65
2025-02-17,22959.5,1224.90,727.70,1048.25,1251.15,1842.30,992.95,1675.55,8426.60,3904.50,1945.30,2223.70
2025-02-18,22945.3,1225.40,725.80,1024.10,1243.05,1851.95,994.15,1668.90,8465.90,3873.20,1963.35,2220.30
2025-02-19,22932.9,1227.45,727.30,1035.80,1261.65,1810.80,1011.35,1645.20,8439.45,3784.10,1985.00,2180.80
2025-02-20,22913.15,1233.00,729.70,1047.65,1249.95,1825.15,1017.20,1643.50,8399.45,3779.40,1970.55,2179.00
2025-02-21,22795.9,1228.15,722.00,1043.75,1232.95,1815.00,1008.95,1639.25,8396.70,3786.00,1953.05,2133.10
2025-02-24,22553.35,1214.55,716.40,1029.15,1218.35,1764.10,1010.05,1601.30,8354.95,3675.60,1966.10,2115.15
2025-02-25,22547.55,1204.00,710.90,1034.25,1224.15,1767.70,1009.10,1641.40,8488.80,3629.55,1967.25,2129.85
2025-02-27,22545.05,1207.10,703.90,1046.70,1222.45,1764.30,1016.70,1650.40,8705.40,3612.55,1947.55,2110.95
2025-02-28,22124.7,1200.10,688.80,990.10,1204.10,1687.70,1015.55,1570.20,8530.30,3483.25,1902.95,2096.00
2025-03-03,22119.3,1171.25,695.30,984.00,1206.20,1708.60,1007.25,1595.80,8627.85,3493.05,1914.60,2117.10
2025-03-04,22082.65,1161.90,716.05,987.60,1210.40,1688.30,1001.80,1575.35,8585.95,3532.05,1907.80,2144.80
2025-03-05,22337.3,1175.60,730.35,971.85,1215.70,1711.50,1014.45,1618.25,8298.70,3547.05,1933.10,2245.85
2025-03-06,22544.7,1209.60,732.05,971.70,1218.05,1715.85,1034.10,1626.90,8410.85,3601.60,1921.70,2252.85
2025-03-07,22552.5,1249.80,732.75,936.75,1214.55,1686.00,1037.65,1630.70,8404.50,3611.20,1935.40,2247.50
2025-03-10,22460.3,1238.40,728.90,900.50,1214.85,1701.45,1035.85,1630.95,8342.60,3589.65,1921.75,2228.30
2025-03-11,22497.9,1247.30,729.85,655.95,1245.40,1661.60,1025.65,1662.95,8340.45,3575.30,1935.20,2250.60
2025-03-12,22470.5,1257.05,723.05,684.70,1243.95,1590.85,1011.20,1642.85,8484.45,3506.20,1982.55,2241.80
2025-03-13,22397.2,1247.90,727.85,672.35,1250.05,1579.85,1010.20,1632.50,8420.45,3511.05,1985.10,2221.10
2025-03-17,22508.75,1238.85,723.15,677.40,1269.00,1590.05,1034.15,1639.15,8580.35,3497.70,1993.10,2252.70
2025-03-18,22834.3,1238.80,736.70,681.45,1309.85,1609.35,1045.25,1627.30,8682.50,3552.45,2034.00,2308.50
2025-03-19,22907.6,1247.15,745.10,692.70,1313.10,1586.55,1052.05,1637.15,8731.60,3497.10,2021.55,2318.65
2025-03-20,23190.65,1269.15,749.55,684.10,1321.70,1615.55,1054.35,1705.25,8679.65,3563.15,2035.65,2339.30
2025-03-21,23350.4,1276.35,753.20,686.90,1343.10,1592.55,1070.15,1725.80,8916.10,3578.10,2079.00,2362.80
2025-03-24,23658.35,1302.10,780.80,669.45,1358.15,1592.75,1097.85,1718.80,9090.05,3628.95,2176.15,2368.70
2025-03-25,23668.65,1285.45,772.85,637.05,1343.70,1628.45,1118.55,1730.50,9067.25,3657.75,2170.00,2320.35
2025-03-26,23486.85,1273.05,764.00,655.30,1335.90,1599.45,1096.25,1738.55,8866.05,3635.80,2144.90,2312.60
2025-03-27,23591.95,1278.20,772.30,673.55,1336.65,1603.55,1098.35,1724.70,9003.85,3651.20,2128.65,2363.35
2025-03-28,23519.35,1275.10,771.50,649.85,1348.35,1570.65,1102.00,1733.40,8945.60,3606.15,2171.20,2315.80
2025-04-01,23165.7,1252.60,771.70,682.70,1318.45,1526.50,1085.60,1724.15,8698.20,3550.80,2145.90,2335.25
2025-04-02,23332.35,1251.15,775.95,702.45,1331.25,1550.15,1084.45,1754.60,8669.25,3543.95,2154.60,2369.40
2025-04-03,23250.1,1248.70,779.20,709.40,1329.55,1496.50,1089.85,1746.00,8594.60,3403.15,2132.60,2410.80
2025-04-04,22904.45,1204.70,767.45,682.00,1335.30,1451.65,1091.30,1743.45,8718.85,3299.40,2131.95,2334.65
2025-04-07,22161.6,1165.70,746.90,675.90,1287.55,1396.75,1047.95,1686.65,8568.00,3274.05,2037.85,2212.70
2025-04-08,22535.85,1182.20,768.60,679.65,1299.90,1428.80,1077.85,1720.40,8822.25,3292.95,2055.15,2285.70
2025-04-09,22399.15,1185.35,742.20,678.55,1300.80,1403.70,1061.65,1715.55,8735.80,3246.60,2052.70,2236.90
2025-04-11,22828.55,1218.95,753.85,689.50,1311.65,1409.45,1068.95,1756.60,8921.10,3231.50,2111.20,2321.40
2025-04-15,23328.55,1240.10,763.50,735.90,1350.20,1426.00,1112.80,1798.80,9141.00,3248.20,2120.20,2418.20
2025-04-16,23437.2,1239.30,771.75,788.25,1356.40,1413.10,1161.30,1822.60,9056.50,3273.80,2123.40,2415.60
2025-04-17,23851.65,1274.50,797.45,794.70,1406.70,1419.50,1190.80,1889.10,9162.50,3298.90,2188.10,2418.10
2025-04-21,24125.55,1295.50,816.70,828.20,1409.80,1451.00,1223.00,1883.40,9273.50,3321.60,2241.40,2442.70
2025-04-22,24167.25,1291.20,822.40,787.50,1416.50,1422.80,1216.80,1852.20,9260.50,3314.40,2268.80,2445.50
2025-04-23,24328.95,1300.00,813.45,794.20,1424.40,1474.90,1206.90,1881.60,9323.00,3413.00,2227.00,2453.60
2025-04-24,24246.7,1301.60,813.40,819.75,1402.70,1471.40,1207.10,1845.60,9301.00,3401.60,2223.00,2442.50
2025-04-25,24039.35,1300.40,798.65,822.35,1404.80,1480.20,1166.30,1817.20,9112.00,3448.00,2204.40,2354.30
2025-04-28,24328.5,1368.80,817.35,830.55,1428.80,1482.10,1192.80,1821.80,9093.00,3443.50,2225.60,2369.80
2025-04-29,24335.95,1399.70,812.55,836.95,1429.80,1497.50,1187.30,1823.80,9093.00,3472.50,2205.00,2330.60
2025-04-30,24334.2,1405.00,788.65,838.40,1427.00,1500.10,1185.00,1864.50,8634.50,3453.70,2208.10,2301.30
2025-05-02,24346.7,1422.40,800.00,853.00,1432.40,1506.80,1182.20,1851.90,8862.50,3444.70,2185.20,2294.20
2025-05-05,24461.15,1431.30,790.00,846.75,1429.40,1508.60,1173.20,1866.00,8932.00,3454.30,2084.90,2455.50
2025-05-06,24379.6,1420.90,774.10,831.80,1431.60,1511.50,1161.40,1901.00,8797.50,3460.00,2074.00,2354.00
2025-05-07,24414.4,1406.00,776.10,833.80,1435.40,1508.30,1161.30,1896.80,8986.50,3445.10,2094.90,2353.10
2025-05-08,24273.8,1407.00,769.00,826.80,1435.50,1511.40,1172.20,1874.90,8832.50,3448.90,2112.60,2285.30
2025-05-09,24008.0,1377.20,779.25,818.20,1388.90,1507.60,1151.10,1848.40,8641.00,3440.30,2103.10,2251.00
2025-05-12,24924.7,1436.50,801.65,788.50,1448.50,1626.90,1203.00,1870.80,9018.50,3620.40,2145.00,2425.30
2025-05-13,24578.35,1415.70,801.75,770.10,1430.60,1568.60,1193.60,1820.60,9042.00,3515.00,2115.60,2441.20
2025-05-14,24666.9,1424.40,800.70,781.35,1426.20,1592.40,1195.50,1834.20,9081.00,3548.70,2092.40,2461.90
2025-05-15,25062.1,1454.20,807.75,780.50,1450.80,1613.00,1209.10,1867.20,9188.50,3579.90,2106.40,2520.00
2025-05-16,25019.8,1456.40,792.10,780.20,1454.00,1589.90,1208.80,1814.00,9167.00,3561.30,2108.20,2555.00
2025-05-19,24945.45,1440.80,795.00,784.05,1449.00,1559.80,1202.80,1818.30,9255.50,3518.80,2111.20,2540.60
2025-05-20,24683.9,1424.60,785.65,782.25,1438.20,1560.60,1195.80,1808.90,9079.00,3498.30,2090.10,2501.60
2025-05-21,24813.45,1429.20,787.10,769.95,1444.70,1568.50,1197.80,1822.50,9197.50,3525.80,2071.30,2500.40
2025-05-22,24609.7,1409.40,785.25,785.00,1442.10,1547.50,1188.50,1831.40,9139.00,3477.00,2065.80,2487.60
2025-05-23,24853.15,1426.80,790.50,793.40,1449.80,1564.80,1210.10,1831.70,9243.50,3514.60,2100.80,2540.00
2025-05-26,25001.15,1434.80,794.40,800.10,1460.60,1580.50,1215.20,1847.40,9269.50,3537.30,2089.30,2547.70
2025-05-27,24826.2,1422.10,793.70,820.70,1446.40,1570.10,1195.60,1843.80,9171.00,3498.70,2077.40,2540.30
2025-05-28,24752.45,1412.90,796.55,805.15,1453.80,1571.80,1194.70,1856.10,9267.50,3497.70,2074.30,2515.00
2025-05-29,24833.6,1417.80,797.35,824.15,1456.50,1585.60,1201.70,1863.60,9204.00,3498.10,2081.60,2540.80
2025-05-30,24750.7,1420.90,812.30,816.95,1445.80,1562.70,1192.20,1856.20,9180.50,3463.40,2074.70,2519.90
2025-06-02,24716.6,1413.70,813.65,812.70,1450.50,1553.80,1194.40,1854.10,9118.50,3449.80,2063.60,2518.80
2025-06-03,24542.5,1405.50,809.80,800.85,1437.90,1543.00,1181.50,1841.30,8979.00,3405.20,2044.50,2470.90
2025-06-04,24620.2,1423.50,806.50,814.35,1431.00,1551.20,1171.00,1875.40,8987.00,3380.90,2046.30,2489.40
2025-06-05,24750.9,1442.40,806.00,803.20,1454.80,1554.30,1159.00,1878.80,8934.00,3371.10,2039.90,2504.40
2025-06-06,25003.05,1443.50,813.05,822.85,1459.70,1563.80,1194.60,1870.20,9371.50,3384.20,2073.40,2534.20
2025-06-09,25103.2,1448.80,820.05,836.65,1434.80,1572.90,1219.90,1865.10,9607.50,3421.90,2138.20,2582.10
2025-06-10,25104.25,1438.50,817.05,845.05,1422.90,1596.00,1232.80,1857.10,9497.50,3462.90,2151.10,2613.10
2025-06-11,25141.4,1448.90,815.05,836.30,1431.00,1631.10,1231.40,1860.20,9425.00,3471.90,2145.30,2581.20
2025-06-12,24888.2,1441.60,805.95,829.90,1425.20,1608.60,1212.90,1844.20,9368.50,3434.20,2126.80,2543.70
2025-06-13,24718.6,1427.90,792.35,816.85,1416.10,1602.00,1205.80,1840.40,9331.00,3445.70,2107.40,2507.90
2025-06-16,24946.5,1437.80,792.50,821.25,1426.90,1623.80,1215.40,1861.30,938.00,3496.30,2139.00,2544.00
2025-06-17,24853.4,1431.20,792.30,809.15,1423.20,1639.90,1215.10,1854.80,923.00,3515.30,2136.80,2488.50
2025-06-18,24812.05,1430.10,791.90,850.50,1412.60,1632.90,1221.00,1865.90,919.00,3451.40,2132.40,2459.10
2025-06-19,24793.25,1433.30,785.10,837.50,1411.30,1618.40,1217.50,1877.00,900.50,3424.00,2146.40,2420.60
2025-06-20,25112.4,1466.20,796.15,840.25,1427.10,1622.90,1220.70,1936.70,905.00,3435.70,2169.80,2448.40
2025-06-23,24971.9,1456.80,790.20,839.90,1420.10,1584.00,1214.10,1936.30,915.50,3393.60,2184.10,2472.00
2025-06-24,25044.35,1450.80,795.40,831.95,1424.10,1581.60,1221.20,1933.60,916.50,3390.40,2223.60,2505.60
2025-06-25,25244.75,1467.30,800.05,829.80,1425.80,1614.90,1213.30,1965.60,928.00,3444.80,2198.30,2527.20
2025-06-26,25549.0,1495.30,797.05,836.10,1439.10,1616.00,1233.50,2014.30,951.50,3441.80,2203.90,2586.20
2025-06-27,25637.8,1515.40,805.40,857.70,1462.20,1608.00,1225.10,2027.10,947.00,3441.10,2207.90,2646.30
2025-06-30,25517.05,1500.60,820.35,872.10,1445.80,1601.80,1199.20,2009.60,936.50,3462.00,2163.50,2619.40
2025-07-01,25541.8,1528.40,820.30,879.10,1432.00,1606.80,1173.30,2019.40,936.65,3429.70,2183.60,2621.80
2025-07-02,25453.4,1518.80,812.90,857.65,1427.80,1610.50,1175.30,2033.30,923.00,3423.30,2169.10,2630.20
2025-07-03,25405.3,1517.80,807.10,862.40,1425.90,1618.70,1171.10,2019.30,910.15,3400.80,2126.60,2611.20
2025-07-04,25461.0,1527.30,811.85,856.25,1442.80,1640.70,1177.60,2017.20,925.30,3419.80,2129.80,2599.10
2025-07-07,25461.3,1541.50,806.85,854.45,1435.70,1627.00,1175.10,2033.90,924.65,3411.70,2149.80,2576.10
2025-07-08,25522.5,1537.60,812.65,850.30,1442.00,1638.70,1165.40,2030.00,927.65,3406.20,2224.50,2591.30
2025-07-09,25476.1,1519.00,810.95,840.75,1431.90,1633.70,1164.70,2019.70,940.60,3383.80,2229.30,2583.00
2025-07-10,25355.25,1517.20,808.00,852.85,1424.10,1615.80,1164.30,1964.50,947.65,3382.00,2203.80,2581.00
2025-07-11,25149.85,1495.20,808.65,858.85,1421.90,1594.90,1173.80,1921.90,933.50,3266.00,2220.60,2558.70
2025-07-14,25082.3,1483.70,808.85,867.60,1423.00,1570.30,1172.70,1920.90,918.85,3222.70,2203.80,2581.30
2025-07-15,25195.8,1485.40,816.45,881.00,1430.80,1585.60,1165.90,1934.20,928.40,3252.30,2188.10,2598.20
2025-07-16,25212.05,1485.60,831.70,879.75,1426.40,1607.90,1168.40,1936.60,921.75,3233.10,2179.40,2608.50
2025-07-17,25111.45,1476.40,829.00,865.10,1418.70,1583.50,1159.80,1929.90,923.30,3209.20,2170.80,2616.60
2025-07-18,24968.4,1476.00,823.35,870.05,1425.80,1586.10,1099.30,1901.00,942.00,3189.90,2140.50,2596.10
2025-07-21,25090.7,1428.60,824.20,858.80,1465.80,1584.30,1099.60,1909.20,948.45,3158.20,2165.20,2619.50
2025-07-22,25060.9,1412.80,815.00,843.20,1473.60,1570.90,1098.00,1906.80,952.55,3159.60,2160.20,2587.80
2025-07-23,25219.9,1424.60,820.65,851.15,1488.60,1574.50,1104.80,1943.80,968.30,3179.10,2170.40,2614.50
2025-07-24,25062.1,1402.90,815.70,847.90,1483.40,1552.50,1095.10,1936.10,958.95,3148.00,2142.10,2608.40
2025-07-25,24837.0,1391.70,806.55,823.70,1477.10,1515.70,1086.10,1937.90,913.75,3135.80,2124.60,2550.10
2025-07-28,24680.9,1387.60,797.15,802.05,1488.40,1516.00,1073.60,1890.30,880.50,3079.30,1966.60,2522.30
2025-07-29,24821.1,1417.10,799.20,808.20,1486.20,1513.70,1064.20,1918.30,886.55,3056.00,1972.70,2547.90
2025-07-30,24855.05,1410.10,801.65,801.90,1482.40,1519.00,1073.30,1932.60,884.85,3053.60,1959.70,2532.90
2025-07-31,24768.35,1390.20,796.55,798.90,1481.40,1509.00,1068.40,1914.30,881.20,3036.80,1978.60,2430.70
2025-08-01,24565.35,1393.70,794.00,783.70,1471.60,1469.60,1062.40,1884.40,875.60,3003.00,1992.40,2350.90
2025-08-04,24722.75,1411.50,795.70,804.05,1463.20,1480.50,1068.60,1914.60,885.30,3074.40,1997.00,2363.60
2025-08-05,24649.55,1391.70,800.60,819.15,1444.40,1460.30,1070.80,1931.80,891.90,3063.90,2003.00,2328.20
2025-08-06,24574.2,1392.80,805.15,803.35,1443.60,1436.70,1071.00,1929.70,876.65,3032.30,2002.40,2300.30
2025-08-07,24596.15,1389.40,805.15,807.35,1440.30,1436.90,1076.20,1922.60,879.10,3047.00,1992.10,2249.80
2025-08-08,24363.3,1367.80,804.30,782.45,1435.90,1423.10,1058.10,1858.60,877.15,3036.40,1952.70,2178.10
2025-08-11,24585.05,1386.20,823.45,783.25,1436.60,1428.20,1073.30,1857.40,877.80,3040.80,1975.90,2283.40
2025-08-12,24487.4,1380.40,820.60,783.05,1422.00,1424.10,1070.00,1850.30,853.00,3035.40,1959.00,2288.20
2025-08-13,24619.35,1382.60,821.85,773.45,1420.80,1426.60,1066.00,1867.40,860.00,3036.20,1987.70,2280.10
2025-08-14,24631.3,1373.80,826.55,769.75,1427.30,1447.70,1068.20,1873.80,861.45,3022.30,1978.20,2281.60
2025-08-18,24876.95,1381.70,827.65,788.65,1434.60,1435.80,1082.60,1892.30,905.20,3011.20,2001.40,2333.60
2025-08-19,24980.65,1420.10,830.40,785.50,1436.30,1440.00,1083.20,1909.70,902.30,3016.20,2029.90,2388.40
2025-08-20,25050.55,1413.00,828.95,778.20,1430.60,1496.20,1080.20,1928.40,887.80,3098.60,2017.50,2387.10
2025-08-21,25083.75,1424.80,825.70,767.45,1446.00,1496.40,1078.90,1929.90,895.60,3102.60,2017.80,2377.20
2025-08-22,24870.1,1409.20,816.25,760.10,1436.40,1487.50,1070.90,1933.30,894.50,3054.00,1986.60,2324.90
2025-08-25,24967.75,1412.60,816.45,770.85,1433.20,1532.10,1070.00,1930.70,900.80,3140.60,1983.30,2302.90
2025-08-26,24712.05,1384.90,807.85,756.40,1416.60,1529.60,1050.10,1904.70,876.25,3157.20,1965.70,2272.00
2025-08-28,24500.9,1385.90,801.95,746.60,1399.10,1500.10,1051.90,1881.10,876.85,3093.70,1944.70,2275.20
2025-08-29,24426.85,1357.20,802.50,739.50,1397.80,1469.60,1045.20,1888.80,877.85,3084.70,1960.30,2244.70
2025-09-01,24625.05,1353.90,806.05,752.85,1411.00,1499.40,1061.50,1900.60,889.35,3112.60,1968.60,2284.20
2025-09-02,24579.6,1366.50,803.90,751.20,1394.20,1498.70,1056.20,1887.20,890.10,3111.50,1942.50,2274.20
2025-09-03,24715.05,1372.60,812.15,768.10,1397.00,1479.10,1054.70,1883.90,896.30,3097.50,1960.20,2288.70
2025-09-04,24734.3,1359.30,809.40,754.85,1405.50,1463.00,1050.40,1880.40,934.75,3095.70,1949.70,2278.80
2025-09-05,24741.0,1375.00,806.60,757.05,1402.80,1444.60,1055.90,1895.30,937.60,3048.30,1945.50,2281.40
2025-09-08,24773.15,1378.50,808.80,750.75,1402.70,1432.90,1055.50,1887.70,944.30,3019.00,1950.10,2310.90
2025-09-09,24868.6,1376.20,808.85,746.15,1403.70,1504.30,1052.20,1893.70,948.40,3049.40,1960.40,2311.60
2025-09-10,24973.1,1377.00,818.20,751.25,1403.90,1532.60,1070.10,1891.40,967.95,3110.00,1973.30,2340.20
2025-09-11,25005.5,1383.30,823.65,748.60,1401.60,1509.70,1087.40,1913.00,970.25,3124.20,1972.30,2398.80
2025-09-12,25114.0,1395.00,823.55,740.50,1417.70,1525.60,1105.30,1902.60,1003.25,3133.40,1972.30,2392.00
2025-09-15,25069.2,1399.30,824.75,739.90,1419.40,1508.40,1104.40,1904.50,1009.85,3111.90,1970.80,2383.40
2025-09-16,25239.1,1405.30,831.55,742.25,1421.60,1511.30,1121.20,1939.50,1003.25,3145.70,2021.70,2399.40
2025-09-17,25330.25,1413.80,857.15,739.05,1419.20,1522.40,1126.00,1941.30,1007.50,3172.80,2050.30,2402.00
2025-09-18,25423.6,1415.00,854.35,735.45,1421.70,1540.60,1133.00,1941.10,996.50,3176.70,2054.60,2402.00
2025-09-19,25327.05,1407.40,862.35,744.40,1402.20,1540.20,1135.90,1962.40,992.45,3169.20,2031.00,2524.00
2025-09-22,25202.35,1390.60,855.25,734.30,1401.50,1499.50,1144.40,1956.20,1006.50,3073.80,2021.70,2629.50
2025-09-23,25169.5,1389.80,870.60,755.25,1394.30,1497.50,1170.80,1938.70,1025.50,3062.40,2047.70,2676.40
2025-09-24,25056.9,1383.00,866.20,740.75,1382.70,1494.60,1158.90,1931.10,1029.75,3035.40,2031.30,2619.80
2025-09-25,24890.85,1372.40,861.15,740.75,1375.80,1484.80,1166.60,1935.60,1012.75,2957.40,2013.50,2576.40
2025-09-26,24654.7,1377.60,856.95,712.75,1359.60,1448.90,1154.00,1916.60,985.10,2899.10,1994.80,2543.70
2025-09-29,24634.9,1372.80,870.75,723.40,1348.10,1441.80,1132.20,1902.20,990.95,2896.10,1991.60,2509.50
2025-09-30,24611.1,1364.00,872.45,735.55,1348.00,1441.80,1131.60,1878.40,998.90,2888.40,1992.70,2505.90
2025-10-01,24836.3,1368.70,864.10,743.15,1372.00,1445.80,1159.50,1867.60,987.70,2914.20,2063.30,2592.70
2025-10-03,24894.25,1363.40,867.30,747.40,1365.20,1446.60,1181.00,1896.70,989.75,2901.90,2100.50,2589.90
2025-10-06,25077.65,1375.00,874.05,739.30,1363.40,1476.00,1212.80,1903.10,1008.90,2988.40,2146.00,2573.50
2025-10-07,25108.3,1384.80,864.70,749.00,1375.90,1458.50,1186.80,1929.00,1016.55,2973.70,2126.90,2542.20
2025-10-08,25046.15,1367.40,858.25,740.95,1370.30,1495.00,1180.60,1943.50,1023.15,3027.20,2117.80,2524.10
2025-10-09,25181.8,1377.80,862.10,749.15,1376.20,1509.30,1167.40,1942.00,1024.10,3061.70,2144.60,2542.40
2025-10-10,25285.35,1381.70,880.65,763.35,1380.30,1514.90,1180.40,1939.90,1023.85,3028.30,2150.10,2550.90
2025-10-13,25227.35,1375.00,882.95,759.90,1379.40,1493.20,1189.60,1954.90,1036.75,3007.20,2152.10,2527.40
2025-10-14,25145.5,1375.90,876.95,750.40,1384.10,1489.90,1176.80,1946.60,1019.15,2960.30,2151.80,2517.00
2025-10-15,25323.55,1374.30,886.10,740.10,1398.40,1474.40,1169.60,1968.50,1059.90,2969.80,2149.60,2532.80
2025-10-16,25585.3,1398.30,886.95,739.50,1417.30,1471.50,1196.30,1967.40,1065.75,2970.70,2205.40,2557.60
2025-10-17,25709.85,1416.80,889.15,751.00,1436.60,1441.10,1200.20,2012.00,1070.10,2962.20,2205.80,2549.40
2025-10-20,25843.15,1466.80,907.50,759.75,1390.30,1460.90,1226.00,2051.50,1081.00,3015.20,2213.80,2548.10
2025-10-21,25868.6,1465.20,907.85,758.45,1382.00,1472.40,1237.30,2043.50,1086.50,3006.70,2197.00,2549.90
2025-10-23,25891.4,1448.40,911.55,759.60,1363.70,1528.50,1258.80,2007.90,1094.15,3073.20,2225.60,2545.80
2025-10-24,25795.15,1451.60,904.50,755.05,1377.70,1525.40,1241.90,2029.30,1089.75,3063.20,2187.00,2504.20
2025-10-27,25966.05,1484.10,922.75,770.05,1377.60,1504.50,1254.10,2080.10,1084.40,3084.90,2148.60,2492.80
2025-10-28,25936.2,1486.90,930.25,799.75,1363.10,1500.20,1246.30,2090.20,1072.75,3057.90,2160.80,2494.40
2025-10-29,26053.9,1504.20,939.75,807.45,1370.40,1510.40,1248.80,2100.60,1062.95,3057.60,2150.50,2537.40
2025-10-30,25877.85,1488.50,934.35,800.95,1362.40,1493.80,1238.60,2066.30,1052.30,3035.30,2137.20,2526.90
2025-10-31,25722.1,1486.40,937.00,794.80,1345.30,1482.30,1232.80,2054.50,1042.80,3058.00,2102.20,2481.00
2025-11-03,25763.35,1484.70,949.70,796.90,1346.40,1485.50,1233.70,2074.00,1043.10,3016.80,2113.50,2467.00
2025-11-04,25597.65,1473.10,957.60,790.20,1336.90,1467.90,1226.60,2113.30,1057.00,2990.20,2096.60,2419.80
2025-11-06,25509.7,1496.10,960.75,786.20,1320.40,1466.70,1228.50,2094.90,1041.90,3010.90,2083.20,2314.30
2025-11-07,25492.3,1478.00,955.85,797.25,1343.00,1476.80,1222.80,2001.20,1066.60,2991.80,2088.30,2369.40
2025-11-10,25574.35,1489.30,951.15,799.35,1348.00,1513.50,1217.00,2019.80,1085.00,3025.20,2092.70,2370.70
2025-11-11,25694.95,1493.40,953.30,826.10,1358.30,1530.30,1222.50,2042.30,1005.20,3047.00,2086.90,2366.80
2025-11-12,25875.8,1511.50,957.15,864.40,1358.90,1551.70,1221.60,2073.80,1013.20,3131.80,2084.50,2484.50
2025-11-13,25879.15,1510.90,954.00,863.45,1385.90,1541.80,1225.20,2091.80,1005.40,3105.70,2075.20,2488.20
2025-11-14,25910.05,1518.90,967.85,848.25,1373.00,1502.80,1241.60,2100.70,1018.50,3106.00,2079.70,2516.80
2025-11-17,26013.45,1518.30,973.35,854.05,1379.00,1507.60,1249.60,2112.20,1026.80,3102.20,2102.90,2462.00
2025-11-18,25910.05,1519.40,972.45,847.95,1373.40,1486.40,1265.40,2149.20,1013.60,3087.10,2093.10,2436.80
2025-11-19,26052.65,1518.90,982.75,839.60,1383.10,1541.10,1270.40,2159.80,1005.60,3147.70,2105.90,2433.10
2025-11-20,26192.15,1549.10,981.55,829.40,1383.00,1536.50,1285.20,2158.30,1028.60,3144.80,2098.70,2446.10
2025-11-21,26068.15,1546.60,972.60,846.55,1369.50,1545.00,1275.80,2162.70,1004.10,3150.60,2087.80,2422.30
2025-11-24,25959.5,1535.90,970.60,836.05,1368.40,1548.00,1269.00,2152.10,994.00,3141.20,2087.30,2399.20
2025-11-25,25884.8,1539.70,983.60,839.90,1357.80,1530.60,1266.30,2161.60,986.20,3119.20,2069.90,2332.90
2025-11-26,26205.3,1569.90,983.90,850.70,1375.00,1557.90,1290.20,2126.80,1010.70,3162.90,2103.80,2315.00
2025-11-27,26215.55,1563.40,972.85,857.45,1392.20,1566.40,1287.30,2115.60,1033.80,3136.60,2110.20,2255.00
2025-11-28,26202.95,1567.50,979.00,858.55,1388.80,1560.10,1279.70,2101.60,1037.50,3137.50,2124.40,2280.20
2025-12-01,26175.75,1566.10,973.10,847.15,1390.10,1564.00,1275.70,2089.70,1021.10,3133.40,2147.60,2262.00
2025-12-02,26032.2,1546.30,967.30,850.30,1373.00,1561.00,1258.00,2104.00,1025.50,3135.70,2142.40,2239.60
2025-12-03,25986.0,1538.80,951.05,846.90,1391.50,1578.70,1270.70,2086.00,1021.40,3180.00,2146.10,2189.80
2025-12-04,26033.75,1535.60,948.10,863.00,1386.70,1597.60,1280.00,2103.80,1029.10,3229.20,2135.40,2217.90
2025-12-05,26186.45,1540.60,971.50,870.10,1392.50,1616.20,1282.50,2108.80,1048.00,3238.20,2154.90,2265.40
2025-12-08,25960.55,1543.00,956.40,841.40,1389.60,1610.80,1273.80,2086.20,1026.40,3236.50,2131.60,2216.20
2025-12-09,25839.65,1529.40,959.35,844.35,1375.20,1599.00,1275.90,2089.70,1016.70,3208.30,2127.70,2245.20
2025-12-10,25758.0,1536.90,959.75,833.85,1363.60,1584.80,1278.60,2067.00,1010.30,3189.20,2129.50,2211.60
2025-12-11,25898.55,1545.00,963.25,835.55,1360.00,1598.00,1272.70,2053.20,1006.40,3191.90,2180.20,2277.70
2025-12-12,26046.95,1556.50,963.15,846.15,1366.00,1598.20,1286.10,2083.40,1017.30,3220.50,2176.60,2282.40
2025-12-15,26027.3,1556.20,967.25,851.25,1365.20,1606.80,1284.80,2069.70,1012.70,3230.20,2181.30,2278.90
2025-12-16,25860.1,1542.30,961.15,845.05,1366.00,1592.90,1219.60,2102.00,998.40,3205.10,2182.40,2247.90
2025-12-17,25818.55,1544.40,975.85,833.85,1352.40,1602.00,1224.70,2108.00,999.60,3217.80,2173.20,2232.50
2025-12-18,25815.55,1544.40,977.55,834.90,1356.80,1626.80,1229.80,2092.00,1000.30,3280.80,2164.60,2229.30
2025-12-19,25966.4,1565.10,980.30,844.70,1354.10,1638.70,1230.60,2097.70,1008.30,3282.00,2159.50,2239.00
2025-12-22,26172.4,1575.40,974.30,856.40,1368.50,1689.60,1233.20,2147.60,1007.80,3324.90,2149.70,2263.50
2025-12-23,26177.15,1570.70,971.90,849.90,1363.00,1668.30,1225.00,2122.90,1011.40,3310.00,2162.70,2248.80
2025-12-24,26142.1,1558.20,968.95,848.05,1359.80,1663.40,1226.30,2123.70,1011.70,3319.00,2163.70,2222.70
2025-12-26,26042.3,1559.20,966.30,849.85,1350.40,1656.10,1228.20,2105.40,1000.00,3280.00,2164.20,2229.90
2025-12-29,25942.1,1545.60,965.05,839.60,1343.30,1644.70,1232.00,2081.60,998.00,3251.50,2158.60,2203.20
2025-12-30,25938.85,1539.80,973.45,841.50,1342.50,1621.60,1246.00,2099.80,989.30,3246.80,2152.70,2214.70
2025-12-31,26129.6,1570.40,982.20,864.20,1342.90,1615.40,1269.40,2105.60,986.80,3206.20,2201.10,2239.70
2026-01-01,26146.55,1575.60,984.75,890.20,1338.00,1629.80,1274.40,2110.40,973.10,3227.40,2217.80,2260.00
2026-01-02,26328.55,1592.30,998.95,902.45,1355.40,1640.40,1266.90,2106.30,990.45,3250.70,2195.10,2279.80
2026-01-05,26250.3,1578.10,1005.55,899.95,1371.50,1606.40,1285.80,2105.00,978.75,3216.10,2190.90,2279.50
2026-01-06,26178.7,1507.60,1018.90,914.25,1411.20,1612.20,1293.80,2105.30,977.35,3255.80,2146.40,2259.10
2026-01-07,26140.75,1504.20,1007.15,897.85,1427.70,1639.00,1295.50,2084.20,968.80,3295.60,2144.00,2274.10
2026-01-08,25876.85,1470.60,998.00,883.45,1435.00,1613.30,1286.80,2066.30,971.95,3203.90,2133.00,2214.00
2026-01-09,25683.3,1475.30,1000.50,882.25,1404.30,1614.10,1272.00,2027.10,959.60,3207.80,2126.80,2153.70
2026-01-12,25790.25,1483.20,1015.15,905.45,1413.10,1595.90,1274.20,2044.00,951.90,3239.60,2133.30,2171.60
2026-01-13,25732.3,1452.80,1028.45,910.55,1437.00,1599.00,1262.00,2026.90,949.00,3268.00,2132.60,2158.50
2026-01-14,25665.6,1458.80,1028.35,944.50,1418.40,1599.80,1298.80,2022.50,945.95,3192.50,421.00,2153.30
2026-01-16,25694.35,1457.90,1042.30,953.85,1410.80,1689.80,1294.20,2016.40,950.25,3206.70,418.20,2157.30
2026-01-19,25585.5,1413.60,1038.40,949.80,1380.60,1681.20,1307.50,2010.00,969.45,3163.60,426.90,2134.60
2026-01-20,25232.5,1394.00,1036.40,905.15,1375.80,1658.90,1293.50,1996.00,933.20,3102.30,423.80,2055.10
2026-01-21,25157.5,1404.60,1028.65,907.15,1349.00,1654.40,1284.90,1996.10,936.25,3122.60,421.60,2032.20
2026-01-22,25289.9,1402.50,1048.35,902.45,1345.50,1663.50,1294.80,2002.20,942.85,3150.40,426.00,2086.40
2026-01-23,25048.65,1386.10,1029.50,892.45,1343.40,1670.80,1258.00,1984.70,927.85,3162.50,422.80,1864.20
2026-01-27,25175.4,1380.50,1053.15,894.75,1361.40,1682.70,1315.80,1973.40,914.70,3158.00,408.70,1959.50
2026-01-28,25342.75,1396.70,1063.50,901.70,1367.70,1666.50,1319.80,1957.70,935.15,3200.10,412.40,1994.70
2026-01-29,25418.9,1391.00,1066.20,898.40,1383.60,1659.50,1363.70,1967.90,935.15,3144.40,412.40,2019.20
2026-01-30,25320.65,1395.40,1077.15,896.10,1355.00,1641.00,1370.40,1968.70,929.85,3123.90,408.00,2020.40
2026-02-02,25088.4,1390.40,1028.70,910.25,1352.80,1629.40,1311.50,1965.40,903.70,3169.60,408.20,1995.40
2026-02-03,25727.55,1437.10,1064.20,922.40,1389.70,1656.00,1356.20,1997.30,964.40,3225.30,415.80,2202.60
2026-02-04,25776.0,1456.80,1068.20,921.30,1408.40,1535.80,1338.70,2025.80,963.30,2999.10,412.35,2228.20
2026-02-05,25642.8,1443.40,1073.50,914.40,1396.50,1520.20,1330.60,1992.40,964.75,2991.50,408.75,2236.60
2026-02-06,25693.7,1450.80,1066.40,903.60,1406.10,1507.10,1341.60,2038.40,981.70,2941.60,422.35,2226.40
2026-02-09,25867.3,1461.60,1146.00,927.90,1396.30,1497.20,1341.40,2038.20,983.15,2948.20,428.80,2250.10
2026-02-10,25935.15,1458.50,1144.10,927.60,1406.50,1497.80,1356.70,2011.30,965.60,2984.60,429.30,2228.40
2026-02-11,25953.85,1468.70,1182.90,925.00,1406.10,1471.90,1347.30,2012.10,968.95,2909.80,429.55,2234.40
2026-02-12,25807.2,1448.90,1192.40,922.70,1430.00,1386.00,1340.00,2014.50,999.10,2750.10,426.25,2211.80
2026-02-13,25471.1,1419.60,1198.60,926.05,1414.60,1369.10,1332.30,2004.70,1024.75,2692.20,420.65,2136.60
2026-02-16,25682.75,1437.10,1208.10,931.90,1411.60,1365.60,1358.30,2029.40,1012.75,2706.60,425.60,2184.60
2026-02-17,25725.4,1423.00,1213.40,943.80,1407.50,1391.20,1357.20,2020.30,1014.15,2717.40,424.45,2242.90
2026-02-18,25819.35,1441.30,1218.90,944.65,1408.20,1373.70,1377.00,2021.80,1023.80,2694.90,426.35,2211.20
2026-02-19,25454.35,1409.50,1205.70,927.35,1388.80,1370.50,1356.60,1988.60,1017.05,2677.90,416.40,2156.70
2026-02-20,25571.25,1419.40,1216.10,926.05,1394.50,1353.20,1368.30,1977.40,1030.20,2686.20,421.35,2160.80
2026-02-23,25713.0,1428.00,1227.80,919.75,1399.40,1327.50,1386.70,1997.30,1031.00,2676.30,430.70,2191.00
2026-02-24,25424.65,1428.80,1223.30,931.40,1384.80,1275.50,1387.60,1941.00,1023.55,2573.70,427.70,2183.00
2026-02-25,25482.5,1398.50,1200.10,937.35,1400.50,1290.10,1403.00,1913.40,1021.05,2629.30,424.95,2231.70
2026-02-26,25496.55,1406.80,1209.50,964.60,1404.90,1289.10,1395.50,1929.60,1012.95,2647.70,424.55,2216.40
2026-02-27,25178.65,1393.90,1201.70,956.75,1378.90,1300.10,1383.90,1879.30,995.90,2637.40,415.20,2161.80
2026-03-02,24865.7,1358.00,1189.90,942.50,1374.00,1288.90,1372.30,1873.20,978.25,2613.50,413.10,2124.60
2026-03-04,24480.5,1345.00,1174.50,927.55,1365.40,1307.40,1351.30,1905.90,945.10,2587.80,403.35,2076.50
2026-03-05,24765.9,1389.40,1169.50,937.20,1357.60,1305.80,1349.10,1907.00,962.40,2578.80,407.30,2089.20
2026-03-06,24450.45,1404.80,1143.00,917.85,1313.40,1308.40,1315.80,1870.80,950.20,2557.60,399.80,2039.90
2026-03-09,24028.05,1424.00,1098.50,881.20,1278.40,1315.00,1288.30,1866.70,938.05,2527.40,386.35,1999.20
2026-03-10,24261.6,1408.80,1112.20,898.70,1311.90,1295.60,1314.70,1850.40,939.80,2513.10,391.85,1996.50
2026-03-11,23866.85,1390.20,1091.10,877.15,1294.60,1276.30,1255.80,1807.00,893.65,2464.90,383.20,1974.70
2026-03-12,23639.15,1392.20,1085.20,831.35,1266.50,1265.80,1234.50,1801.30,863.10,2442.40,375.30,2002.00
2026-03-13,23151.1,1380.70,1047.00,814.40,1254.80,1248.30,1197.30,1803.40,855.05,2410.50,366.85,1961.10
2026-03-16,23408.8,1395.10,1066.70,825.05,1272.90,1249.80,1214.70,1788.80,878.15,2409.20,369.85,1978.00
2026-03-17,23581.15,1397.60,1064.70,820.85,1288.70,1232.90,1228.10,1827.00,868.60,2391.70,374.20,1975.40
2026-03-18,23777.8,1408.10,1069.80,842.15,1289.30,1267.10,1253.20,1855.40,880.10,2440.80,375.40,2007.20
2026-03-19,23002.15,1384.80,1048.90,816.30,1250.10,1220.80,1207.00,1827.00,832.20,2356.00,368.15,1936.80
2026-03-20,23114.5,1414.40,1058.00,818.60,1245.40,1255.90,1203.90,1846.10,830.55,2390.60,366.75,1927.10
2026-03-23,22512.65,1407.80,1031.90,778.35,1222.70,1256.80,1170.60,1795.90,812.60,2383.80,356.55,1833.00
2026-03-24,22912.4,1411.80,1030.80,797.25,1251.20,1278.30,1192.70,1802.10,849.00,2398.80,366.85,1817.90
2026-03-25,23306.45,1413.10,1060.60,818.40,1259.70,1279.10,1222.10,1834.90,882.75,2377.40,371.10,1886.60
2026-03-27,22819.6,1348.10,1019.50,792.55,1233.80,1269.70,1205.20,1843.90,843.80,2389.80,366.15,1823.00
2026-03-30,22331.4,1343.90,979.40,752.45,1205.90,1250.60,1161.30,1782.40,801.55,2358.90,353.40,1758.80
2026-04-01,22679.4,1369.20,1017.80,785.65,1212.70,1275.70,1193.10,1781.90,817.30,2408.20,356.05,1842.50
2026-04-02,22713.1,1350.50,1018.40,778.70,1215.80,1300.80,1197.90,1789.70,826.85,2450.70,358.00,1834.20
2026-04-06,22968.25,1304.70,1032.75,786.20,1231.40,1306.20,1245.30,1792.80,850.85,2473.90,360.55,1902.20
2026-04-07,23123.65,1304.60,1030.40,784.80,1245.50,1339.40,1250.10,1830.30,855.10,2539.80,362.95,1882.10
2026-04-08,23997.35,1347.80,1061.45,835.95,1309.20,1346.20,1333.00,1861.60,915.05,2559.20,380.15,2043.80
2026-04-09,23775.1,1330.00,1040.95,814.55,1281.30,1331.60,1318.50,1859.40,903.25,2589.00,371.90,2040.50
2026-04-10,24050.6,1350.20,1066.70,830.90,1321.90,1292.50,1350.80,1870.00,924.55,2524.30,374.55,2086.80
2026-04-13,23842.65,1315.10,1063.55,818.90,1351.10,1276.80,1353.60,1870.90,898.95,2472.60,371.90,2129.00
2026-04-15,24231.3,1344.10,1071.50,840.10,1348.10,1305.30,1355.50,1855.70,913.15,2554.90,382.40,2144.40
2026-04-16,24196.75,1343.30,1067.15,847.90,1345.50,1319.20,1349.60,1840.60,905.90,2576.90,379.15,2203.70
2026-04-17,24353.55,1365.00,1080.25,853.90,1346.80,1318.70,1359.10,1846.90,908.25,2581.50,383.60,2218.30
2026-04-20,24364.85,1363.30,1107.85,851.95,1356.20,1312.60,1354.70,1846.10,917.75,2579.60,379.20,2229.60
2026-04-21,24576.6,1353.30,1111.85,856.40,1388.40,1313.20,1377.70,1855.00,938.85,2610.50,382.15,2226.00
2026-04-22,24378.1,1362.10,1103.30,870.10,1367.60,1268.60,1379.60,1829.00,934.75,2538.50,376.85,2260.80
2026-04-23,24173.05,1343.40,1094.25,860.35,1348.00,1240.60,1369.60,1841.20,918.35,2521.80,370.40,2300.00
2026-04-24,23897.95,1327.80,1101.10,847.95,1326.20,1154.60,1365.90,1814.50,921.55,2396.90,370.85,2287.60
2026-04-27,24092.7,1365.80,1111.85,900.15,1314.10,1170.30,1324.20,1820.10,921.80,2447.60,376.80,2321.80
2026-04-28,23995.7,1388.90,1091.30,885.55,1292.00,1152.10,1289.00,1843.80,923.65,2444.70,377.95,2412.40
2026-04-29,24177.65,1425.40,1086.90,913.75,1281.00,1167.50,1296.40,1888.10,930.00,2474.70,382.00,2425.90
2026-04-30,23997.55,1430.80,1068.45,916.05,1263.40,1181.80,1268.30,1886.80,937.00,2473.90,383.30,2408.40
2026-05-04,24119.3,1463.10,1068.40,913.90,1270.80,1168.40,1275.10,1827.10,950.20,2431.30,371.65,2485.70
2026-05-05,24032.8,1463.60,1059.90,910.70,1251.30,1178.10,1259.70,1806.10,958.60,2427.30,371.35,2462.00
2026-05-06,24330.95,1437.90,1096.00,946.75,1279.50,1167.20,1294.20,1833.70,980.75,2435.40,376.60,2540.30
2026-05-07,24326.65,1436.20,1092.00,946.95,1279.00,1162.70,1292.70,1826.60,972.75,2401.40,379.40,2513.70
2026-05-08,24176.15,1435.20,1019.30,950.75,1264.80,1179.20,1268.30,1834.50,955.35,2394.40,380.80,2505.90
2026-05-11,23815.85,1388.20,973.60,922.30,1266.40,1177.00,1272.30,1759.80,936.05,2392.90,381.05,2500.20
2026-05-12,23379.55,1364.00,974.60,892.85,1240.30,1140.30,1260.10,1756.80,904.20,2300.30,376.00,2405.20
2026-05-13,23412.6,1358.80,970.10,892.50,1235.60,1123.10,1255.70,1789.20,896.15,2272.80,377.65,2498.00
2026-05-14,23689.6,1361.80,979.90,907.90,1246.00,1095.00,1254.60,1883.50,912.15,2246.00,383.20,2712.90
2026-05-15,23643.5,1336.40,963.20,886.40,1244.50,1119.00,1244.80,1905.40,910.45,2264.00,387.05,2716.00
2026-05-18,23649.95,1335.90,939.40,892.15,1251.10,1142.50,1237.90,1938.10,921.10,2283.20,391.80,2689.80
2026-05-19,23618.0,1322.70,948.80,895.25,1240.80,1196.90,1238.30,1913.50,923.55,2327.10,381.95,2725.00
2026-05-20,23659.0,1359.70,950.90,897.15,1237.30,1193.70,1249.80,1904.90,923.10,2327.40,383.20,2704.80
2026-05-21,23654.7,1349.60,950.90,899.95,1242.80,1181.20,1253.30,1885.30,907.65,2327.20,380.85,2697.60
2026-05-22,23719.3,1354.50,949.20,910.15,1264.30,1174.50,1285.40,1871.40,916.55,2317.30,384.15,2717.30
2026-05-25,24031.7,1367.00,969.60,926.10,1291.80,1168.50,1311.20,1874.80,941.90,2308.20,392.85,2849.70
2026-05-26,23913.7,1356.30,968.50,932.30,1279.10,1167.70,1299.30,1846.90,930.20,2276.20,388.65,2969.30
2026-05-27,23907.15,1350.50,967.80,932.30,1272.70,1159.90,1304.10,1852.20,931.15,2284.20,388.70,2973.10
2026-05-29,23547.75,1321.20,964.40,914.35,1256.40,1160.90,1286.60,1829.00,908.25,2258.90,384.20,2937.40
2026-06-01,23382.6,1320.00,954.10,901.15,1239.70,1202.50,1275.90,1810.60,889.05,2297.40,377.40,2909.40
2026-06-02,23483.55,1314.60,956.65,912.50,1226.60,1270.80,1251.10,1814.20,882.00,2446.90,379.05,2968.10
2026-06-03,23405.6,1313.20,970.45,899.95,1242.00,1222.60,1255.20,1824.10,876.80,2241.70,381.00,2925.60
2026-06-04,23416.55,1303.70,979.25,903.20,1251.70,1201.30,1253.30,1818.90,874.40,2241.00,381.50,2972.80
2026-06-05,23366.7,1291.00,977.70,904.80,1262.10,1197.50,1272.30,1798.20,889.40,2198.90,377.45,3048.20
2026-06-08,23123.0,1263.30,981.95,895.05,1250.20,1187.60,1268.10,1813.30,871.10,2151.40,377.10,2970.00
2026-06-09,23242.1,1269.20,1002.70,922.80,1275.00,1180.30,1292.40,1799.00,886.90,2151.00,381.70,2979.90
2026-06-10,23214.95,1258.80,1003.25,883.95,1293.30,1145.30,1314.50,1775.20,884.10,2153.90,388.10,2931.10
2026-06-11,23161.6,1263.00,1000.70,888.95,1317.00,1114.60,1317.30,1782.60,870.55,2135.60,393.35,2908.80
2026-06-12,23622.9,1293.00,1017.15,917.35,1340.80,1116.40,1356.30,1822.50,918.30,2161.40,403.30,2921.60
2026-06-15,23853.9,1307.00,1020.85,933.20,1327.60,1134.90,1368.30,1841.20,942.30,2162.00,405.75,2942.50
2026-06-16,23989.15,1328.80,1015.30,926.00,1334.30,1143.60,1365.70,1853.00,959.65,2199.00,407.85,2943.60
2026-06-17,24085.7,1332.70,1026.50,936.20,1336.80,1157.70,1350.90,1875.70,958.40,2223.00,404.50,2951.90
2026-06-18,24168.0,1328.10,1042.70,938.75,1342.30,1127.50,1360.10,1874.80,958.85,2203.30,402.95,3013.40
2026-06-19,24013.1,1309.50,1035.10,947.45,1346.50,1051.40,1357.90,1910.80,961.80,2125.00,399.25,3038.40
2026-06-22,24102.9,1326.50,1040.75,921.05,1352.40,1065.40,1358.60,1916.60,968.30,2127.80,402.15,3059.60
2026-06-23,23824.1,1309.50,1024.20,905.45,1338.30,1029.30,1363.50,1901.60,962.40,2059.60,401.65,2962.90
2026-06-24,24021.65,1313.60,1034.60,927.60,1373.60,1056.60,1384.50,1877.30,990.95,2109.00,405.95,3069.70
2026-06-25,24056.0,1318.10,1045.40,918.95,1387.50,1041.20,1377.20,1850.70,980.40,2094.70,409.00,3038.00
2026-06-29,23946.25,1301.00,1036.10,915.40,1387.60,1036.70,1356.80,1841.10,982.05,2097.90,395.50,2962.50
2026-06-30,23865.75,1293.90,1026.90,924.20,1375.20,1000.40,1345.70,1852.00,1004.75,2031.50,392.25,3036.00
